HIP-head-m-rh	HIP-head-l-rh	HIP-body-rh	HIP-tail-rh	THA-VPm-rh	THA-VPl-rh	THA-VAi-rh	THA-VAs-rh	THA-DAm-rh	THA-DAl-rh	PUT-VA-rh	PUT-DA-rh	PUT-VP-rh	PUT-DP-rh	CAU-VA-rh	CAU-DA-rh	CAU-body-rh	CAU-tail-rh	lAMY-rh	mAMY-rh	THA-DP-rh	NAc-shell-rh	NAc-core-rh	pGP-rh	aGP-rh	HIP-head-m-lh	HIP-head-l-l	HIP-body-l	HIP-tail-lh	THA-VPm-lh	THA-VPl-lh	THA-VAi-lh	THA-VAs-lh	THA-DAm-lh	THA-DAl-lh	PUT-VA-lh	PUT-DA-l	PUT-VP-lh	PUT-DP-lh	CAU-VA-lh	CAU-DA-lh	CAU-body-lh	CAU-tail-lh	lAMY-lh	mAMY-lh	THA-DP-lh	NAc-shell-lh	NAc-core-lh	pGP-lh	aGP-lh
0.43058252334594727	0.3500989079475403	0.3414648771286011	0.29855722188949585	0.3358067572116852	0.3556612730026245	0.37140244245529175	0.3776566982269287	0.39547601342201233	0.3311461806297302	0.3200612962245941	0.3208693265914917	0.3632866442203522	0.33585789799690247	0.34773191809654236	0.2933468818664551	0.3137925863265991	0.32283279299736023	0.455375611782074	0.5312256813049316	0.34937646985054016	0.3955773711204529	0.2904607057571411	0.3305562138557434	0.3319742977619171	0.41329866647720337	0.34006398916244507	0.42238396406173706	0.35718926787376404	0.3519904911518097	0.31039097905158997	0.37524744868278503	0.3844413757324219	0.4361524283885956	0.31955623626708984	0.3266712725162506	0.33286961913108826	0.394263356924057	0.38056105375289917	0.3328942656517029	0.3283483684062958	0.3180936872959137	0.2837700843811035	0.4186074435710907	0.49301624298095703	0.35975000262260437	0.35746100544929504	0.3218684792518616	0.31703001260757446	0.32043227553367615
