HIP-head-m-rh	HIP-head-l-rh	HIP-body-rh	HIP-tail-rh	THA-VPm-rh	THA-VPl-rh	THA-VAi-rh	THA-VAs-rh	THA-DAm-rh	THA-DAl-rh	PUT-VA-rh	PUT-DA-rh	PUT-VP-rh	PUT-DP-rh	CAU-VA-rh	CAU-DA-rh	CAU-body-rh	CAU-tail-rh	lAMY-rh	mAMY-rh	THA-DP-rh	NAc-shell-rh	NAc-core-rh	pGP-rh	aGP-rh	HIP-head-m-lh	HIP-head-l-l	HIP-body-l	HIP-tail-lh	THA-VPm-lh	THA-VPl-lh	THA-VAi-lh	THA-VAs-lh	THA-DAm-lh	THA-DAl-lh	PUT-VA-lh	PUT-DA-l	PUT-VP-lh	PUT-DP-lh	CAU-VA-lh	CAU-DA-lh	CAU-body-lh	CAU-tail-lh	lAMY-lh	mAMY-lh	THA-DP-lh	NAc-shell-lh	NAc-core-lh	pGP-lh	aGP-lh
0.1273745596408844	0.13195881247520447	0.1258067488670349	0.11627715826034546	0.1197226271033287	0.10659538954496384	0.1321236938238144	0.13524067401885986	0.1611686646938324	0.13133975863456726	0.1271069198846817	0.14894632995128632	0.15437868237495422	0.15433016419410706	0.12742500007152557	0.10829487442970276	0.11769669502973557	0.1328008770942688	0.10687106847763062	0.12835273146629333	0.11211945116519928	0.11365409195423126	0.12322532385587692	0.11642011255025864	0.1096356138586998	0.13969264924526215	0.11854660511016846	0.13075624406337738	0.104637011885643	0.14031299948692322	0.12183227390050888	0.13459402322769165	0.143974170088768	0.20800313353538513	0.1309196650981903	0.1458187848329544	0.17723912000656128	0.15255804359912872	0.13163062930107117	0.117652028799057	0.10911209136247635	0.11622705310583115	0.08614211529493332	0.126444473862648	0.13462325930595398	0.10993298888206482	0.14833681285381317	0.13761048018932343	0.11183951050043106	0.13030284643173218
