HIP-head-m-rh	HIP-head-l-rh	HIP-body-rh	HIP-tail-rh	THA-VPm-rh	THA-VPl-rh	THA-VAi-rh	THA-VAs-rh	THA-DAm-rh	THA-DAl-rh	PUT-VA-rh	PUT-DA-rh	PUT-VP-rh	PUT-DP-rh	CAU-VA-rh	CAU-DA-rh	CAU-body-rh	CAU-tail-rh	lAMY-rh	mAMY-rh	THA-DP-rh	NAc-shell-rh	NAc-core-rh	pGP-rh	aGP-rh	HIP-head-m-lh	HIP-head-l-l	HIP-body-l	HIP-tail-lh	THA-VPm-lh	THA-VPl-lh	THA-VAi-lh	THA-VAs-lh	THA-DAm-lh	THA-DAl-lh	PUT-VA-lh	PUT-DA-l	PUT-VP-lh	PUT-DP-lh	CAU-VA-lh	CAU-DA-lh	CAU-body-lh	CAU-tail-lh	lAMY-lh	mAMY-lh	THA-DP-lh	NAc-shell-lh	NAc-core-lh	pGP-lh	aGP-lh
0.5432124733924866	0.44066786766052246	0.5817805528640747	0.38022536039352417	0.3776729106903076	0.3430215120315552	0.3950348198413849	0.3926376402378082	0.33718863129615784	0.3399925231933594	0.42786040902137756	0.39295443892478943	0.35375723242759705	0.35107702016830444	0.3936299681663513	0.3226342499256134	0.3248414397239685	0.33902233839035034	0.5944843888282776	0.80168217420578	0.4095101058483124	0.4428299069404602	0.39950206875801086	0.3775339126586914	0.3938312530517578	0.6412079334259033	0.47783493995666504	0.6265720129013062	0.4299641251564026	0.37281540036201477	0.357206255197525	0.37550097703933716	0.3942336440086365	0.3423573076725006	0.31288620829582214	0.3885478675365448	0.37252116203308105	0.36217018961906433	0.35506322979927063	0.39274874329566956	0.33710241317749023	0.39020296931266785	0.3346429765224457	0.5119869112968445	0.5590449571609497	0.4027560353279114	0.39012211561203003	0.4216647744178772	0.39056262373924255	0.4125797748565674
