HIP-head-m-rh	HIP-head-l-rh	HIP-body-rh	HIP-tail-rh	THA-VPm-rh	THA-VPl-rh	THA-VAi-rh	THA-VAs-rh	THA-DAm-rh	THA-DAl-rh	PUT-VA-rh	PUT-DA-rh	PUT-VP-rh	PUT-DP-rh	CAU-VA-rh	CAU-DA-rh	CAU-body-rh	CAU-tail-rh	lAMY-rh	mAMY-rh	THA-DP-rh	NAc-shell-rh	NAc-core-rh	pGP-rh	aGP-rh	HIP-head-m-lh	HIP-head-l-l	HIP-body-l	HIP-tail-lh	THA-VPm-lh	THA-VPl-lh	THA-VAi-lh	THA-VAs-lh	THA-DAm-lh	THA-DAl-lh	PUT-VA-lh	PUT-DA-l	PUT-VP-lh	PUT-DP-lh	CAU-VA-lh	CAU-DA-lh	CAU-body-lh	CAU-tail-lh	lAMY-lh	mAMY-lh	THA-DP-lh	NAc-shell-lh	NAc-core-lh	pGP-lh	aGP-lh
0.13811346888542175	0.14536796510219574	0.14289705455303192	0.14916075766086578	0.11466320604085922	0.16652120649814606	0.16538025438785553	0.15103843808174133	0.1395353227853775	0.14925117790699005	0.14381124079227448	0.15705783665180206	0.16661807894706726	0.17142818868160248	0.1623106449842453	0.15078958868980408	0.15016166865825653	0.1811893731355667	0.1084638312458992	0.11536233872175217	0.11904902756214142	0.13310635089874268	0.2158687710762024	0.14927643537521362	0.12427061796188354	0.13269172608852386	0.16006700694561005	0.13629239797592163	0.1441275030374527	0.14916588366031647	0.1313738226890564	0.14898663759231567	0.14611314237117767	0.14896272122859955	0.15680773556232452	0.14542584121227264	0.16421237587928772	0.178395614027977	0.16728705167770386	0.1724880337715149	0.15849649906158447	0.17313596606254578	0.15774179995059967	0.12616533041000366	0.12078859657049179	0.12914831936359406	0.1353023499250412	0.17263469099998474	0.15339374542236328	0.1244075745344162
