HIP-head-m-rh	HIP-head-l-rh	HIP-body-rh	HIP-tail-rh	THA-VPm-rh	THA-VPl-rh	THA-VAi-rh	THA-VAs-rh	THA-DAm-rh	THA-DAl-rh	PUT-VA-rh	PUT-DA-rh	PUT-VP-rh	PUT-DP-rh	CAU-VA-rh	CAU-DA-rh	CAU-body-rh	CAU-tail-rh	lAMY-rh	mAMY-rh	THA-DP-rh	NAc-shell-rh	NAc-core-rh	pGP-rh	aGP-rh	HIP-head-m-lh	HIP-head-l-l	HIP-body-l	HIP-tail-lh	THA-VPm-lh	THA-VPl-lh	THA-VAi-lh	THA-VAs-lh	THA-DAm-lh	THA-DAl-lh	PUT-VA-lh	PUT-DA-l	PUT-VP-lh	PUT-DP-lh	CAU-VA-lh	CAU-DA-lh	CAU-body-lh	CAU-tail-lh	lAMY-lh	mAMY-lh	THA-DP-lh	NAc-shell-lh	NAc-core-lh	pGP-lh	aGP-lh
0.4577842056751251	0.3954523503780365	0.3821648359298706	0.34367185831069946	0.36103859543800354	0.32790082693099976	0.38814279437065125	0.4100472331047058	0.46896374225616455	0.3565869629383087	0.3663012385368347	0.35524246096611023	0.34370291233062744	0.34470680356025696	0.38493791222572327	0.32793471217155457	0.36501622200012207	0.3837623596191406	0.49585068225860596	0.6549266576766968	0.3868558704853058	0.4429255723953247	0.34278807044029236	0.3787277638912201	0.36873215436935425	0.42604151368141174	0.37379172444343567	0.479798287153244	0.40445002913475037	0.374514102935791	0.3354812264442444	0.4086395800113678	0.4629466235637665	0.4870939552783966	0.3814077079296112	0.3655024766921997	0.346982479095459	0.3382713794708252	0.3316434621810913	0.36039823293685913	0.3627369999885559	0.36604759097099304	0.3223714530467987	0.4480341672897339	0.563466489315033	0.4136316776275635	0.38464611768722534	0.3482077419757843	0.36200952529907227	0.3483079671859741
