HIP-head-m-rh	HIP-head-l-rh	HIP-body-rh	HIP-tail-rh	THA-VPm-rh	THA-VPl-rh	THA-VAi-rh	THA-VAs-rh	THA-DAm-rh	THA-DAl-rh	PUT-VA-rh	PUT-DA-rh	PUT-VP-rh	PUT-DP-rh	CAU-VA-rh	CAU-DA-rh	CAU-body-rh	CAU-tail-rh	lAMY-rh	mAMY-rh	THA-DP-rh	NAc-shell-rh	NAc-core-rh	pGP-rh	aGP-rh	HIP-head-m-lh	HIP-head-l-l	HIP-body-l	HIP-tail-lh	THA-VPm-lh	THA-VPl-lh	THA-VAi-lh	THA-VAs-lh	THA-DAm-lh	THA-DAl-lh	PUT-VA-lh	PUT-DA-l	PUT-VP-lh	PUT-DP-lh	CAU-VA-lh	CAU-DA-lh	CAU-body-lh	CAU-tail-lh	lAMY-lh	mAMY-lh	THA-DP-lh	NAc-shell-lh	NAc-core-lh	pGP-lh	aGP-lh
0.14623816311359406	0.16032543778419495	0.13752955198287964	0.16237816214561462	0.10537415742874146	0.1317826807498932	0.1339951902627945	0.17276977002620697	0.14824923872947693	0.16123075783252716	0.17837995290756226	0.16050325334072113	0.1526695191860199	0.16300752758979797	0.1826358139514923	0.17090082168579102	0.16457952558994293	0.16187448799610138	0.1517687886953354	0.13587971031665802	0.12831442058086395	0.18614280223846436	0.16006116569042206	0.13574117422103882	0.14291246235370636	0.13392329216003418	0.15841612219810486	0.17591817677021027	0.16835340857505798	0.11590520292520523	0.13134871423244476	0.12539850175380707	0.158575639128685	0.16745679080486298	0.16290609538555145	0.1880531907081604	0.15929876267910004	0.14785824716091156	0.14968185126781464	0.17751415073871613	0.1522420346736908	0.1702422797679901	0.12097402662038803	0.1882326602935791	0.15225619077682495	0.13366036117076874	0.16592302918434143	0.16885042190551758	0.13965876400470734	0.1480753868818283
