HIP-head-m-rh	HIP-head-l-rh	HIP-body-rh	HIP-tail-rh	THA-VPm-rh	THA-VPl-rh	THA-VAi-rh	THA-VAs-rh	THA-DAm-rh	THA-DAl-rh	PUT-VA-rh	PUT-DA-rh	PUT-VP-rh	PUT-DP-rh	CAU-VA-rh	CAU-DA-rh	CAU-body-rh	CAU-tail-rh	lAMY-rh	mAMY-rh	THA-DP-rh	NAc-shell-rh	NAc-core-rh	pGP-rh	aGP-rh	HIP-head-m-lh	HIP-head-l-l	HIP-body-l	HIP-tail-lh	THA-VPm-lh	THA-VPl-lh	THA-VAi-lh	THA-VAs-lh	THA-DAm-lh	THA-DAl-lh	PUT-VA-lh	PUT-DA-l	PUT-VP-lh	PUT-DP-lh	CAU-VA-lh	CAU-DA-lh	CAU-body-lh	CAU-tail-lh	lAMY-lh	mAMY-lh	THA-DP-lh	NAc-shell-lh	NAc-core-lh	pGP-lh	aGP-lh
0.10867588967084885	0.14825564622879028	0.17051024734973907	0.14236043393611908	0.12230045348405838	0.110516257584095	0.12056571990251541	0.1422465592622757	0.16895177960395813	0.12427113205194473	0.15387201309204102	0.18470975756645203	0.12333834916353226	0.14445780217647552	0.20054751634597778	0.19368810951709747	0.19594016671180725	0.1550990641117096	0.08753520250320435	0.09445712715387344	0.14006675779819489	0.1175890639424324	0.12623131275177002	0.10618506371974945	0.11213070154190063	0.1477632224559784	0.10217908769845963	0.11397060006856918	0.1567436307668686	0.14351241290569305	0.11929493397474289	0.12349523603916168	0.13537250459194183	0.16764774918556213	0.12053973972797394	0.13867276906967163	0.16549046337604523	0.11930795758962631	0.15587833523750305	0.1800263673067093	0.18877708911895752	0.1962541937828064	0.173036128282547	0.09325867146253586	0.11365574598312378	0.16107453405857086	0.13949480652809143	0.153284952044487	0.0990649089217186	0.13089752197265625
