HIP-head-m-rh	HIP-head-l-rh	HIP-body-rh	HIP-tail-rh	THA-VPm-rh	THA-VPl-rh	THA-VAi-rh	THA-VAs-rh	THA-DAm-rh	THA-DAl-rh	PUT-VA-rh	PUT-DA-rh	PUT-VP-rh	PUT-DP-rh	CAU-VA-rh	CAU-DA-rh	CAU-body-rh	CAU-tail-rh	lAMY-rh	mAMY-rh	THA-DP-rh	NAc-shell-rh	NAc-core-rh	pGP-rh	aGP-rh	HIP-head-m-lh	HIP-head-l-l	HIP-body-l	HIP-tail-lh	THA-VPm-lh	THA-VPl-lh	THA-VAi-lh	THA-VAs-lh	THA-DAm-lh	THA-DAl-lh	PUT-VA-lh	PUT-DA-l	PUT-VP-lh	PUT-DP-lh	CAU-VA-lh	CAU-DA-lh	CAU-body-lh	CAU-tail-lh	lAMY-lh	mAMY-lh	THA-DP-lh	NAc-shell-lh	NAc-core-lh	pGP-lh	aGP-lh
0.12918387353420258	0.1413930505514145	0.16169241070747375	0.16723552346229553	0.14558406174182892	0.13587594032287598	0.13828466832637787	0.15726299583911896	0.20258623361587524	0.14860431849956512	0.16512878239154816	0.1517689973115921	0.1545848697423935	0.14613953232765198	0.23420850932598114	0.19477690756320953	0.1898646354675293	0.18915510177612305	0.11588048934936523	0.11326367408037186	0.15787316858768463	0.1237296536564827	0.1519746035337448	0.09843189269304276	0.10732612013816833	0.1575264036655426	0.11842764168977737	0.14819778501987457	0.14697866141796112	0.15837232768535614	0.12220942974090576	0.13382703065872192	0.15931227803230286	0.18745265901088715	0.15070286393165588	0.16200709342956543	0.1925709843635559	0.1333022266626358	0.14775347709655762	0.18756072223186493	0.18509632349014282	0.16144467890262604	0.22199593484401703	0.10626102238893509	0.1264515519142151	0.14082498848438263	0.12847553193569183	0.14872704446315765	0.09783003479242325	0.13200223445892334
