HIP-head-m-rh	HIP-head-l-rh	HIP-body-rh	HIP-tail-rh	THA-VPm-rh	THA-VPl-rh	THA-VAi-rh	THA-VAs-rh	THA-DAm-rh	THA-DAl-rh	PUT-VA-rh	PUT-DA-rh	PUT-VP-rh	PUT-DP-rh	CAU-VA-rh	CAU-DA-rh	CAU-body-rh	CAU-tail-rh	lAMY-rh	mAMY-rh	THA-DP-rh	NAc-shell-rh	NAc-core-rh	pGP-rh	aGP-rh	HIP-head-m-lh	HIP-head-l-l	HIP-body-l	HIP-tail-lh	THA-VPm-lh	THA-VPl-lh	THA-VAi-lh	THA-VAs-lh	THA-DAm-lh	THA-DAl-lh	PUT-VA-lh	PUT-DA-l	PUT-VP-lh	PUT-DP-lh	CAU-VA-lh	CAU-DA-lh	CAU-body-lh	CAU-tail-lh	lAMY-lh	mAMY-lh	THA-DP-lh	NAc-shell-lh	NAc-core-lh	pGP-lh	aGP-lh
0.14747364819049835	0.14497806131839752	0.17324477434158325	0.17687448859214783	0.1553565114736557	0.14710752665996552	0.12862588465213776	0.1522698700428009	0.20346003770828247	0.16552208364009857	0.1833174079656601	0.1876690685749054	0.14372891187667847	0.15651723742485046	0.20687554776668549	0.21983963251113892	0.1767045557498932	0.16281534731388092	0.10122688859701157	0.1293153464794159	0.17036466300487518	0.13431601226329803	0.16211751103401184	0.10780492424964905	0.09876998513936996	0.16723789274692535	0.13596251606941223	0.15018847584724426	0.1636292040348053	0.14838071167469025	0.12487836927175522	0.12905842065811157	0.14034803211688995	0.19793574512004852	0.13713261485099792	0.16783921420574188	0.1870850771665573	0.12476394325494766	0.15231312811374664	0.18060871958732605	0.19261987507343292	0.1653936505317688	0.22722721099853516	0.10491722822189331	0.127692312002182	0.16034087538719177	0.1432298719882965	0.1839749962091446	0.10795767605304718	0.1300068497657776
