HIP-head-m-rh	HIP-head-l-rh	HIP-body-rh	HIP-tail-rh	THA-VPm-rh	THA-VPl-rh	THA-VAi-rh	THA-VAs-rh	THA-DAm-rh	THA-DAl-rh	PUT-VA-rh	PUT-DA-rh	PUT-VP-rh	PUT-DP-rh	CAU-VA-rh	CAU-DA-rh	CAU-body-rh	CAU-tail-rh	lAMY-rh	mAMY-rh	THA-DP-rh	NAc-shell-rh	NAc-core-rh	pGP-rh	aGP-rh	HIP-head-m-lh	HIP-head-l-l	HIP-body-l	HIP-tail-lh	THA-VPm-lh	THA-VPl-lh	THA-VAi-lh	THA-VAs-lh	THA-DAm-lh	THA-DAl-lh	PUT-VA-lh	PUT-DA-l	PUT-VP-lh	PUT-DP-lh	CAU-VA-lh	CAU-DA-lh	CAU-body-lh	CAU-tail-lh	lAMY-lh	mAMY-lh	THA-DP-lh	NAc-shell-lh	NAc-core-lh	pGP-lh	aGP-lh
0.13532595336437225	0.15182705223560333	0.14403320848941803	0.18424180150032043	0.1215602234005928	0.12337698042392731	0.11757487058639526	0.1418476402759552	0.13701504468917847	0.1391422152519226	0.1498134881258011	0.16354915499687195	0.1785692274570465	0.17053262889385223	0.15608489513397217	0.16226427257061005	0.2054702341556549	0.26156970858573914	0.13815535604953766	0.13320326805114746	0.11749985069036484	0.11843463033437729	0.15993396937847137	0.10886756330728531	0.1311507225036621	0.12862415611743927	0.13509324193000793	0.17211779952049255	0.17785218358039856	0.11162929236888885	0.1409253627061844	0.12468761205673218	0.15248121321201324	0.13308322429656982	0.13281072676181793	0.1604575365781784	0.15150821208953857	0.17504623532295227	0.1532732993364334	0.20513740181922913	0.1991485208272934	0.1671987622976303	0.1905069500207901	0.1394987553358078	0.14605547487735748	0.116387739777565	0.13986392319202423	0.17252199351787567	0.11563330888748169	0.12151084095239639
