HIP-head-m-rh	HIP-head-l-rh	HIP-body-rh	HIP-tail-rh	THA-VPm-rh	THA-VPl-rh	THA-VAi-rh	THA-VAs-rh	THA-DAm-rh	THA-DAl-rh	PUT-VA-rh	PUT-DA-rh	PUT-VP-rh	PUT-DP-rh	CAU-VA-rh	CAU-DA-rh	CAU-body-rh	CAU-tail-rh	lAMY-rh	mAMY-rh	THA-DP-rh	NAc-shell-rh	NAc-core-rh	pGP-rh	aGP-rh	HIP-head-m-lh	HIP-head-l-l	HIP-body-l	HIP-tail-lh	THA-VPm-lh	THA-VPl-lh	THA-VAi-lh	THA-VAs-lh	THA-DAm-lh	THA-DAl-lh	PUT-VA-lh	PUT-DA-l	PUT-VP-lh	PUT-DP-lh	CAU-VA-lh	CAU-DA-lh	CAU-body-lh	CAU-tail-lh	lAMY-lh	mAMY-lh	THA-DP-lh	NAc-shell-lh	NAc-core-lh	pGP-lh	aGP-lh
0.5674940347671509	0.40270018577575684	0.31520262360572815	0.29853200912475586	0.3060578405857086	0.29552310705184937	0.39163434505462646	0.3184455335140228	0.3305473327636719	0.2939067780971527	0.3020821511745453	0.2990451455116272	0.3209342360496521	0.29712820053100586	0.3310014009475708	0.3097866475582123	0.3021027445793152	0.2687661647796631	0.7573583722114563	0.7962840795516968	0.35205399990081787	0.3646705746650696	0.28240832686424255	0.3711578845977783	0.2875013053417206	0.5546920895576477	0.4251722991466522	0.3306533098220825	0.3096667230129242	0.30971232056617737	0.32423505187034607	0.4278895854949951	0.38005396723747253	0.3243519365787506	0.30276790261268616	0.34455472230911255	0.32332083582878113	0.3061695992946625	0.3172230124473572	0.32634004950523376	0.30732250213623047	0.2957109808921814	0.3003716468811035	0.6773017048835754	0.6054758429527283	0.3319896161556244	0.3993447422981262	0.3179076910018921	0.28383809328079224	0.34063830971717834
