HIP-head-m-rh	HIP-head-l-rh	HIP-body-rh	HIP-tail-rh	THA-VPm-rh	THA-VPl-rh	THA-VAi-rh	THA-VAs-rh	THA-DAm-rh	THA-DAl-rh	PUT-VA-rh	PUT-DA-rh	PUT-VP-rh	PUT-DP-rh	CAU-VA-rh	CAU-DA-rh	CAU-body-rh	CAU-tail-rh	lAMY-rh	mAMY-rh	THA-DP-rh	NAc-shell-rh	NAc-core-rh	pGP-rh	aGP-rh	HIP-head-m-lh	HIP-head-l-l	HIP-body-l	HIP-tail-lh	THA-VPm-lh	THA-VPl-lh	THA-VAi-lh	THA-VAs-lh	THA-DAm-lh	THA-DAl-lh	PUT-VA-lh	PUT-DA-l	PUT-VP-lh	PUT-DP-lh	CAU-VA-lh	CAU-DA-lh	CAU-body-lh	CAU-tail-lh	lAMY-lh	mAMY-lh	THA-DP-lh	NAc-shell-lh	NAc-core-lh	pGP-lh	aGP-lh
0.3491186797618866	0.3197770118713379	0.3189094364643097	0.2706719636917114	0.332474946975708	0.3035821318626404	0.32848185300827026	0.285788357257843	0.2928103804588318	0.2864595055580139	0.3085259199142456	0.27388671040534973	0.34199270606040955	0.2814118266105652	0.2650509476661682	0.2486705631017685	0.26369279623031616	0.24622119963169098	0.3283197283744812	0.4220093786716461	0.3082128167152405	0.3226245939731598	0.27404269576072693	0.2911098003387451	0.2562192976474762	0.3766167163848877	0.3465558588504791	0.306075781583786	0.298449844121933	0.3053837716579437	0.26692575216293335	0.38825419545173645	0.34927797317504883	0.28705114126205444	0.28985798358917236	0.31892335414886475	0.27965787053108215	0.2902332842350006	0.2609460949897766	0.2851836681365967	0.268688440322876	0.2862365245819092	0.33304545283317566	0.3424450159072876	0.4130050241947174	0.2719123363494873	0.3129177689552307	0.29649776220321655	0.24542835354804993	0.25107622146606445
