HIP-head-m-rh	HIP-head-l-rh	HIP-body-rh	HIP-tail-rh	THA-VPm-rh	THA-VPl-rh	THA-VAi-rh	THA-VAs-rh	THA-DAm-rh	THA-DAl-rh	PUT-VA-rh	PUT-DA-rh	PUT-VP-rh	PUT-DP-rh	CAU-VA-rh	CAU-DA-rh	CAU-body-rh	CAU-tail-rh	lAMY-rh	mAMY-rh	THA-DP-rh	NAc-shell-rh	NAc-core-rh	pGP-rh	aGP-rh	HIP-head-m-lh	HIP-head-l-l	HIP-body-l	HIP-tail-lh	THA-VPm-lh	THA-VPl-lh	THA-VAi-lh	THA-VAs-lh	THA-DAm-lh	THA-DAl-lh	PUT-VA-lh	PUT-DA-l	PUT-VP-lh	PUT-DP-lh	CAU-VA-lh	CAU-DA-lh	CAU-body-lh	CAU-tail-lh	lAMY-lh	mAMY-lh	THA-DP-lh	NAc-shell-lh	NAc-core-lh	pGP-lh	aGP-lh
0.10183791816234589	0.11284532397985458	0.13329105079174042	0.15831714868545532	0.12396799027919769	0.12240739911794662	0.09847036749124527	0.10763361304998398	0.1377052515745163	0.1347591131925583	0.13976681232452393	0.152119979262352	0.14696282148361206	0.14494535326957703	0.13348187506198883	0.1270558089017868	0.1649092733860016	0.15349408984184265	0.10436440259218216	0.10885023325681686	0.15918006002902985	0.12170083820819855	0.1555589735507965	0.13401295244693756	0.09474945068359375	0.10895300656557083	0.12398029118776321	0.13734106719493866	0.1588342785835266	0.1250826120376587	0.10242871940135956	0.11413615196943283	0.11410616338253021	0.13447162508964539	0.12939845025539398	0.1347532719373703	0.148630753159523	0.12288223206996918	0.1427028924226761	0.16839221119880676	0.15463560819625854	0.13994058966636658	0.17736180126667023	0.1298729032278061	0.12543229758739471	0.12725943326950073	0.1112074926495552	0.16126927733421326	0.1127147302031517	0.12046974897384644
