HIP-head-m-rh	HIP-head-l-rh	HIP-body-rh	HIP-tail-rh	THA-VPm-rh	THA-VPl-rh	THA-VAi-rh	THA-VAs-rh	THA-DAm-rh	THA-DAl-rh	PUT-VA-rh	PUT-DA-rh	PUT-VP-rh	PUT-DP-rh	CAU-VA-rh	CAU-DA-rh	CAU-body-rh	CAU-tail-rh	lAMY-rh	mAMY-rh	THA-DP-rh	NAc-shell-rh	NAc-core-rh	pGP-rh	aGP-rh	HIP-head-m-lh	HIP-head-l-l	HIP-body-l	HIP-tail-lh	THA-VPm-lh	THA-VPl-lh	THA-VAi-lh	THA-VAs-lh	THA-DAm-lh	THA-DAl-lh	PUT-VA-lh	PUT-DA-l	PUT-VP-lh	PUT-DP-lh	CAU-VA-lh	CAU-DA-lh	CAU-body-lh	CAU-tail-lh	lAMY-lh	mAMY-lh	THA-DP-lh	NAc-shell-lh	NAc-core-lh	pGP-lh	aGP-lh
0.16457787156105042	0.17350979149341583	0.1850002259016037	0.21295702457427979	0.15327399969100952	0.16970311105251312	0.19881442189216614	0.1729000359773636	0.21618515253067017	0.16307850182056427	0.19502617418766022	0.19301563501358032	0.17839835584163666	0.18267811834812164	0.23805584013462067	0.16844378411769867	0.2386786937713623	0.1840335726737976	0.15456759929656982	0.16697508096694946	0.15701265633106232	0.1720692217350006	0.1741267293691635	0.15762542188167572	0.15722085535526276	0.15026342868804932	0.16385021805763245	0.1902722418308258	0.17531439661979675	0.13355782628059387	0.14614228904247284	0.15110309422016144	0.15964466333389282	0.16682066023349762	0.14995597302913666	0.17659130692481995	0.20258861780166626	0.17102323472499847	0.15882931649684906	0.23205474019050598	0.20817238092422485	0.19277141988277435	0.180855855345726	0.1461665779352188	0.18469297885894775	0.14949648082256317	0.17851340770721436	0.20298363268375397	0.15214617550373077	0.16851989924907684
