HIP-head-m-rh	HIP-head-l-rh	HIP-body-rh	HIP-tail-rh	THA-VPm-rh	THA-VPl-rh	THA-VAi-rh	THA-VAs-rh	THA-DAm-rh	THA-DAl-rh	PUT-VA-rh	PUT-DA-rh	PUT-VP-rh	PUT-DP-rh	CAU-VA-rh	CAU-DA-rh	CAU-body-rh	CAU-tail-rh	lAMY-rh	mAMY-rh	THA-DP-rh	NAc-shell-rh	NAc-core-rh	pGP-rh	aGP-rh	HIP-head-m-lh	HIP-head-l-l	HIP-body-l	HIP-tail-lh	THA-VPm-lh	THA-VPl-lh	THA-VAi-lh	THA-VAs-lh	THA-DAm-lh	THA-DAl-lh	PUT-VA-lh	PUT-DA-l	PUT-VP-lh	PUT-DP-lh	CAU-VA-lh	CAU-DA-lh	CAU-body-lh	CAU-tail-lh	lAMY-lh	mAMY-lh	THA-DP-lh	NAc-shell-lh	NAc-core-lh	pGP-lh	aGP-lh
0.1314312219619751	0.13219419121742249	0.11272943019866943	0.1290363222360611	0.12478884309530258	0.10955356061458588	0.13213960826396942	0.14417867362499237	0.17901568114757538	0.13997945189476013	0.17508798837661743	0.19754162430763245	0.17033402621746063	0.21392704546451569	0.1605922132730484	0.16998468339443207	0.1956530213356018	0.22675591707229614	0.12081515043973923	0.12178032100200653	0.11845588684082031	0.11181428283452988	0.1409655064344406	0.10814851522445679	0.10182350873947144	0.14205920696258545	0.13114653527736664	0.13691647350788116	0.12753869593143463	0.13580462336540222	0.11524393409490585	0.13040323555469513	0.12404228746891022	0.1397903561592102	0.1462666541337967	0.1494603157043457	0.1875046044588089	0.15875838696956635	0.184309720993042	0.198935866355896	0.20153267681598663	0.22363212704658508	0.21821080148220062	0.13195274770259857	0.14610669016838074	0.13503822684288025	0.17189648747444153	0.1890227198600769	0.09961633384227753	0.1075848713517189
