HIP-head-m-rh	HIP-head-l-rh	HIP-body-rh	HIP-tail-rh	THA-VPm-rh	THA-VPl-rh	THA-VAi-rh	THA-VAs-rh	THA-DAm-rh	THA-DAl-rh	PUT-VA-rh	PUT-DA-rh	PUT-VP-rh	PUT-DP-rh	CAU-VA-rh	CAU-DA-rh	CAU-body-rh	CAU-tail-rh	lAMY-rh	mAMY-rh	THA-DP-rh	NAc-shell-rh	NAc-core-rh	pGP-rh	aGP-rh	HIP-head-m-lh	HIP-head-l-l	HIP-body-l	HIP-tail-lh	THA-VPm-lh	THA-VPl-lh	THA-VAi-lh	THA-VAs-lh	THA-DAm-lh	THA-DAl-lh	PUT-VA-lh	PUT-DA-l	PUT-VP-lh	PUT-DP-lh	CAU-VA-lh	CAU-DA-lh	CAU-body-lh	CAU-tail-lh	lAMY-lh	mAMY-lh	THA-DP-lh	NAc-shell-lh	NAc-core-lh	pGP-lh	aGP-lh
0.12178340554237366	0.13381657004356384	0.14874202013015747	0.17223003506660461	0.13105027377605438	0.11098352074623108	0.1042160838842392	0.12957434356212616	0.16179902851581573	0.11372892558574677	0.13198325037956238	0.1404724419116974	0.11288146674633026	0.14573770761489868	0.25841033458709717	0.1950514018535614	0.20722565054893494	0.2772526741027832	0.1009548157453537	0.10499688982963562	0.15785181522369385	0.15574823319911957	0.15114624798297882	0.12504705786705017	0.11189902573823929	0.13385725021362305	0.1530245542526245	0.14961349964141846	0.15690310299396515	0.11050212383270264	0.1139083132147789	0.10630104690790176	0.14997677505016327	0.13499705493450165	0.12063942104578018	0.13781438767910004	0.1367691159248352	0.1335933804512024	0.14571383595466614	0.2615222930908203	0.21490158140659332	0.24467238783836365	0.17717328667640686	0.1036611795425415	0.11289580911397934	0.12034852057695389	0.15843330323696136	0.19089141488075256	0.10227297246456146	0.13226494193077087
