HIP-head-m-rh	HIP-head-l-rh	HIP-body-rh	HIP-tail-rh	THA-VPm-rh	THA-VPl-rh	THA-VAi-rh	THA-VAs-rh	THA-DAm-rh	THA-DAl-rh	PUT-VA-rh	PUT-DA-rh	PUT-VP-rh	PUT-DP-rh	CAU-VA-rh	CAU-DA-rh	CAU-body-rh	CAU-tail-rh	lAMY-rh	mAMY-rh	THA-DP-rh	NAc-shell-rh	NAc-core-rh	pGP-rh	aGP-rh	HIP-head-m-lh	HIP-head-l-l	HIP-body-l	HIP-tail-lh	THA-VPm-lh	THA-VPl-lh	THA-VAi-lh	THA-VAs-lh	THA-DAm-lh	THA-DAl-lh	PUT-VA-lh	PUT-DA-l	PUT-VP-lh	PUT-DP-lh	CAU-VA-lh	CAU-DA-lh	CAU-body-lh	CAU-tail-lh	lAMY-lh	mAMY-lh	THA-DP-lh	NAc-shell-lh	NAc-core-lh	pGP-lh	aGP-lh
0.11147262156009674	0.18058593571186066	0.1466594636440277	0.16661271452903748	0.14083732664585114	0.13569895923137665	0.11327304691076279	0.16142717003822327	0.15924590826034546	0.13988974690437317	0.12165748327970505	0.1274701952934265	0.12438561767339706	0.14249370992183685	0.1950685828924179	0.1867923140525818	0.1448902040719986	0.15747275948524475	0.11078241467475891	0.11147300899028778	0.14230060577392578	0.1404309719800949	0.14278580248355865	0.1172097772359848	0.12198646366596222	0.15745407342910767	0.19713665544986725	0.17747676372528076	0.1827099323272705	0.12526464462280273	0.12523075938224792	0.10600019991397858	0.1371748298406601	0.12289398908615112	0.11240211129188538	0.12825630605220795	0.1732245236635208	0.12869711220264435	0.16711539030075073	0.23352079093456268	0.1933567076921463	0.18558786809444427	0.1628614068031311	0.11442645639181137	0.10962279140949249	0.12300626933574677	0.1310475617647171	0.1916114091873169	0.13169729709625244	0.13655617833137512
