HIP-head-m-rh	HIP-head-l-rh	HIP-body-rh	HIP-tail-rh	THA-VPm-rh	THA-VPl-rh	THA-VAi-rh	THA-VAs-rh	THA-DAm-rh	THA-DAl-rh	PUT-VA-rh	PUT-DA-rh	PUT-VP-rh	PUT-DP-rh	CAU-VA-rh	CAU-DA-rh	CAU-body-rh	CAU-tail-rh	lAMY-rh	mAMY-rh	THA-DP-rh	NAc-shell-rh	NAc-core-rh	pGP-rh	aGP-rh	HIP-head-m-lh	HIP-head-l-l	HIP-body-l	HIP-tail-lh	THA-VPm-lh	THA-VPl-lh	THA-VAi-lh	THA-VAs-lh	THA-DAm-lh	THA-DAl-lh	PUT-VA-lh	PUT-DA-l	PUT-VP-lh	PUT-DP-lh	CAU-VA-lh	CAU-DA-lh	CAU-body-lh	CAU-tail-lh	lAMY-lh	mAMY-lh	THA-DP-lh	NAc-shell-lh	NAc-core-lh	pGP-lh	aGP-lh
0.46861255168914795	0.534451425075531	0.39303046464920044	0.29895704984664917	0.33179810643196106	0.29164257645606995	0.3293015658855438	0.3117564022541046	0.3451472222805023	0.272306352853775	0.39681196212768555	0.3915482759475708	0.33162540197372437	0.2936133146286011	0.4128037691116333	0.2919246256351471	0.3249697983264923	0.305414080619812	0.3590542674064636	0.4974548816680908	0.3901987075805664	0.35499969124794006	0.3056185245513916	0.32263556122779846	0.304830938577652	0.4466741979122162	0.6271072626113892	0.43159714341163635	0.30420997738838196	0.3351491391658783	0.2827168107032776	0.3387749493122101	0.3273192346096039	0.31505948305130005	0.27906107902526855	0.5786126852035522	0.36183467507362366	0.3151625692844391	0.30548232793807983	0.32939958572387695	0.29815083742141724	0.32694995403289795	0.320528119802475	0.35986584424972534	0.48079949617385864	0.3269120156764984	0.32446134090423584	0.302329421043396	0.30903586745262146	0.3018312454223633
