HIP-head-m-rh	HIP-head-l-rh	HIP-body-rh	HIP-tail-rh	THA-VPm-rh	THA-VPl-rh	THA-VAi-rh	THA-VAs-rh	THA-DAm-rh	THA-DAl-rh	PUT-VA-rh	PUT-DA-rh	PUT-VP-rh	PUT-DP-rh	CAU-VA-rh	CAU-DA-rh	CAU-body-rh	CAU-tail-rh	lAMY-rh	mAMY-rh	THA-DP-rh	NAc-shell-rh	NAc-core-rh	pGP-rh	aGP-rh	HIP-head-m-lh	HIP-head-l-l	HIP-body-l	HIP-tail-lh	THA-VPm-lh	THA-VPl-lh	THA-VAi-lh	THA-VAs-lh	THA-DAm-lh	THA-DAl-lh	PUT-VA-lh	PUT-DA-l	PUT-VP-lh	PUT-DP-lh	CAU-VA-lh	CAU-DA-lh	CAU-body-lh	CAU-tail-lh	lAMY-lh	mAMY-lh	THA-DP-lh	NAc-shell-lh	NAc-core-lh	pGP-lh	aGP-lh
0.3475930392742157	0.3004109263420105	0.27132460474967957	0.2540675401687622	0.2689600884914398	0.2566837668418884	0.2754494547843933	0.27204185724258423	0.25903603434562683	0.25953006744384766	0.2899007201194763	0.28430721163749695	0.3219427466392517	0.2786175310611725	0.31023699045181274	0.2942444980144501	0.29708096385002136	0.3247327208518982	0.3971364498138428	0.5225731134414673	0.25861111283302307	0.28526633977890015	0.25882071256637573	0.2577334940433502	0.27854788303375244	0.4084489345550537	0.34667766094207764	0.28008097410202026	0.27070990204811096	0.252888023853302	0.25559383630752563	0.27446049451828003	0.26054778695106506	0.27808472514152527	0.26350295543670654	0.26797589659690857	0.2707594633102417	0.2750270962715149	0.259426087141037	0.2811477780342102	0.25989624857902527	0.2720724940299988	0.25755995512008667	0.4050913453102112	0.4592616856098175	0.2639318108558655	0.2915846109390259	0.27014216780662537	0.2620224058628082	0.26189225912094116
