HIP-head-m-rh	HIP-head-l-rh	HIP-body-rh	HIP-tail-rh	THA-VPm-rh	THA-VPl-rh	THA-VAi-rh	THA-VAs-rh	THA-DAm-rh	THA-DAl-rh	PUT-VA-rh	PUT-DA-rh	PUT-VP-rh	PUT-DP-rh	CAU-VA-rh	CAU-DA-rh	CAU-body-rh	CAU-tail-rh	lAMY-rh	mAMY-rh	THA-DP-rh	NAc-shell-rh	NAc-core-rh	pGP-rh	aGP-rh	HIP-head-m-lh	HIP-head-l-l	HIP-body-l	HIP-tail-lh	THA-VPm-lh	THA-VPl-lh	THA-VAi-lh	THA-VAs-lh	THA-DAm-lh	THA-DAl-lh	PUT-VA-lh	PUT-DA-l	PUT-VP-lh	PUT-DP-lh	CAU-VA-lh	CAU-DA-lh	CAU-body-lh	CAU-tail-lh	lAMY-lh	mAMY-lh	THA-DP-lh	NAc-shell-lh	NAc-core-lh	pGP-lh	aGP-lh
0.14385731518268585	0.15011276304721832	0.16705963015556335	0.16436569392681122	0.0996033325791359	0.12568935751914978	0.13459907472133636	0.1616145521402359	0.12438838183879852	0.12023407965898514	0.13165609538555145	0.1503928005695343	0.11502514779567719	0.14326860010623932	0.22908897697925568	0.15512524545192719	0.18185773491859436	0.1913413256406784	0.14072927832603455	0.12449327111244202	0.10700814425945282	0.12137928605079651	0.15656234323978424	0.12548479437828064	0.11762875318527222	0.13185518980026245	0.13375666737556458	0.1484144777059555	0.162884920835495	0.10072455555200577	0.11968357861042023	0.12550139427185059	0.15495188534259796	0.1117730438709259	0.1323215812444687	0.1151970848441124	0.13898564875125885	0.12412059307098389	0.14625653624534607	0.2636236846446991	0.18840926885604858	0.22454522550106049	0.15747438371181488	0.09944020211696625	0.10795503854751587	0.10219339281320572	0.11967593431472778	0.1721649318933487	0.11230265349149704	0.10103888064622879
