HIP-head-m-rh	HIP-head-l-rh	HIP-body-rh	HIP-tail-rh	THA-VPm-rh	THA-VPl-rh	THA-VAi-rh	THA-VAs-rh	THA-DAm-rh	THA-DAl-rh	PUT-VA-rh	PUT-DA-rh	PUT-VP-rh	PUT-DP-rh	CAU-VA-rh	CAU-DA-rh	CAU-body-rh	CAU-tail-rh	lAMY-rh	mAMY-rh	THA-DP-rh	NAc-shell-rh	NAc-core-rh	pGP-rh	aGP-rh	HIP-head-m-lh	HIP-head-l-l	HIP-body-l	HIP-tail-lh	THA-VPm-lh	THA-VPl-lh	THA-VAi-lh	THA-VAs-lh	THA-DAm-lh	THA-DAl-lh	PUT-VA-lh	PUT-DA-l	PUT-VP-lh	PUT-DP-lh	CAU-VA-lh	CAU-DA-lh	CAU-body-lh	CAU-tail-lh	lAMY-lh	mAMY-lh	THA-DP-lh	NAc-shell-lh	NAc-core-lh	pGP-lh	aGP-lh
0.28562381863594055	0.2910267114639282	0.2512306869029999	0.23504148423671722	0.2485717535018921	0.24986784160137177	0.27366361021995544	0.26538220047950745	0.2897542715072632	0.24763961136341095	0.3111359179019928	0.2692827582359314	0.32029736042022705	0.26371580362319946	0.2660600244998932	0.2535548508167267	0.2602999210357666	0.2646655738353729	0.3204728960990906	0.3380642235279083	0.2617374658584595	0.2823428213596344	0.2736821174621582	0.25559529662132263	0.270053505897522	0.32292529940605164	0.2880426347255707	0.25806814432144165	0.2481348067522049	0.2617059648036957	0.25447824597358704	0.2784285247325897	0.27941179275512695	0.27177613973617554	0.25714755058288574	0.29936888813972473	0.2799241244792938	0.3043228089809418	0.2515997290611267	0.2750032842159271	0.26445379853248596	0.2739671468734741	0.30074048042297363	0.3220579922199249	0.3503023684024811	0.25075972080230713	0.29670611023902893	0.2598929703235626	0.27013880014419556	0.26268211007118225
