HIP-head-m-rh	HIP-head-l-rh	HIP-body-rh	HIP-tail-rh	THA-VPm-rh	THA-VPl-rh	THA-VAi-rh	THA-VAs-rh	THA-DAm-rh	THA-DAl-rh	PUT-VA-rh	PUT-DA-rh	PUT-VP-rh	PUT-DP-rh	CAU-VA-rh	CAU-DA-rh	CAU-body-rh	CAU-tail-rh	lAMY-rh	mAMY-rh	THA-DP-rh	NAc-shell-rh	NAc-core-rh	pGP-rh	aGP-rh	HIP-head-m-lh	HIP-head-l-l	HIP-body-l	HIP-tail-lh	THA-VPm-lh	THA-VPl-lh	THA-VAi-lh	THA-VAs-lh	THA-DAm-lh	THA-DAl-lh	PUT-VA-lh	PUT-DA-l	PUT-VP-lh	PUT-DP-lh	CAU-VA-lh	CAU-DA-lh	CAU-body-lh	CAU-tail-lh	lAMY-lh	mAMY-lh	THA-DP-lh	NAc-shell-lh	NAc-core-lh	pGP-lh	aGP-lh
0.3052200973033905	0.290489137172699	0.24142076075077057	0.24365980923175812	0.2353009283542633	0.2383878231048584	0.2633714973926544	0.25490835309028625	0.25386905670166016	0.25007522106170654	0.29481005668640137	0.25957170128822327	0.26672592759132385	0.25385674834251404	0.27120909094810486	0.24549295008182526	0.2613513767719269	0.27074313163757324	0.31741100549697876	0.346017986536026	0.24620744585990906	0.28338342905044556	0.24261698126792908	0.2587090730667114	0.26368463039398193	0.32565391063690186	0.2997504472732544	0.25214383006095886	0.25526177883148193	0.24324633181095123	0.23806524276733398	0.25984686613082886	0.26208803057670593	0.2522057294845581	0.24927932024002075	0.28436383605003357	0.27423912286758423	0.2654288113117218	0.2594548761844635	0.26853248476982117	0.2541235089302063	0.26660916209220886	0.28676530718803406	0.35891225934028625	0.3487701416015625	0.23472338914871216	0.2998962104320526	0.2539181709289551	0.26129350066185	0.26479294896125793
