HIP-head-m-rh	HIP-head-l-rh	HIP-body-rh	HIP-tail-rh	THA-VPm-rh	THA-VPl-rh	THA-VAi-rh	THA-VAs-rh	THA-DAm-rh	THA-DAl-rh	PUT-VA-rh	PUT-DA-rh	PUT-VP-rh	PUT-DP-rh	CAU-VA-rh	CAU-DA-rh	CAU-body-rh	CAU-tail-rh	lAMY-rh	mAMY-rh	THA-DP-rh	NAc-shell-rh	NAc-core-rh	pGP-rh	aGP-rh	HIP-head-m-lh	HIP-head-l-l	HIP-body-l	HIP-tail-lh	THA-VPm-lh	THA-VPl-lh	THA-VAi-lh	THA-VAs-lh	THA-DAm-lh	THA-DAl-lh	PUT-VA-lh	PUT-DA-l	PUT-VP-lh	PUT-DP-lh	CAU-VA-lh	CAU-DA-lh	CAU-body-lh	CAU-tail-lh	lAMY-lh	mAMY-lh	THA-DP-lh	NAc-shell-lh	NAc-core-lh	pGP-lh	aGP-lh
0.19686314463615417	0.1682828813791275	0.14449311792850494	0.13496413826942444	0.14850974082946777	0.1391133815050125	0.15688426792621613	0.15623155236244202	0.14729751646518707	0.14708311855793	0.16380083560943604	0.16491717100143433	0.15676912665367126	0.15662729740142822	0.16131970286369324	0.14555086195468903	0.1585526168346405	0.1684964895248413	0.2731686532497406	0.23194417357444763	0.14090858399868011	0.18525998294353485	0.13816559314727783	0.1478428989648819	0.15952777862548828	0.21874432265758514	0.1841195672750473	0.15333202481269836	0.16704849898815155	0.15582583844661713	0.13776633143424988	0.16336573660373688	0.15224531292915344	0.1513180434703827	0.14265649020671844	0.163111612200737	0.17073102295398712	0.15311436355113983	0.15282554924488068	0.16521631181240082	0.15219689905643463	0.15411271154880524	0.15734592080116272	0.3013472259044647	0.27851635217666626	0.1414412409067154	0.19599322974681854	0.14944462478160858	0.1541530340909958	0.15881352126598358
