HIP-head-m-rh	HIP-head-l-rh	HIP-body-rh	HIP-tail-rh	THA-VPm-rh	THA-VPl-rh	THA-VAi-rh	THA-VAs-rh	THA-DAm-rh	THA-DAl-rh	PUT-VA-rh	PUT-DA-rh	PUT-VP-rh	PUT-DP-rh	CAU-VA-rh	CAU-DA-rh	CAU-body-rh	CAU-tail-rh	lAMY-rh	mAMY-rh	THA-DP-rh	NAc-shell-rh	NAc-core-rh	pGP-rh	aGP-rh	HIP-head-m-lh	HIP-head-l-l	HIP-body-l	HIP-tail-lh	THA-VPm-lh	THA-VPl-lh	THA-VAi-lh	THA-VAs-lh	THA-DAm-lh	THA-DAl-lh	PUT-VA-lh	PUT-DA-l	PUT-VP-lh	PUT-DP-lh	CAU-VA-lh	CAU-DA-lh	CAU-body-lh	CAU-tail-lh	lAMY-lh	mAMY-lh	THA-DP-lh	NAc-shell-lh	NAc-core-lh	pGP-lh	aGP-lh
0.09855233877897263	0.11554836481809616	0.1273340880870819	0.13209037482738495	0.11053670197725296	0.10246294736862183	0.12799179553985596	0.1610245704650879	0.1269833892583847	0.138290673494339	0.11078934371471405	0.11501774936914444	0.12418906390666962	0.10891459882259369	0.15926294028759003	0.12440561503171921	0.16035808622837067	0.1364123672246933	0.1208425760269165	0.10507895052433014	0.1029568761587143	0.10153298825025558	0.0975605770945549	0.09212924540042877	0.08624529093503952	0.09958882629871368	0.1230575367808342	0.13433560729026794	0.1207851693034172	0.10235057026147842	0.12641641497612	0.12473396211862564	0.14798171818256378	0.13340157270431519	0.14108657836914062	0.1132214143872261	0.11427107453346252	0.10767878592014313	0.12205822020769119	0.16136036813259125	0.1180986687541008	0.1608518660068512	0.17318741977214813	0.10731156915426254	0.10989893227815628	0.12162414938211441	0.11425382643938065	0.11106371879577637	0.13277874886989594	0.1191486045718193
