HIP-head-m-rh	HIP-head-l-rh	HIP-body-rh	HIP-tail-rh	THA-VPm-rh	THA-VPl-rh	THA-VAi-rh	THA-VAs-rh	THA-DAm-rh	THA-DAl-rh	PUT-VA-rh	PUT-DA-rh	PUT-VP-rh	PUT-DP-rh	CAU-VA-rh	CAU-DA-rh	CAU-body-rh	CAU-tail-rh	lAMY-rh	mAMY-rh	THA-DP-rh	NAc-shell-rh	NAc-core-rh	pGP-rh	aGP-rh	HIP-head-m-lh	HIP-head-l-l	HIP-body-l	HIP-tail-lh	THA-VPm-lh	THA-VPl-lh	THA-VAi-lh	THA-VAs-lh	THA-DAm-lh	THA-DAl-lh	PUT-VA-lh	PUT-DA-l	PUT-VP-lh	PUT-DP-lh	CAU-VA-lh	CAU-DA-lh	CAU-body-lh	CAU-tail-lh	lAMY-lh	mAMY-lh	THA-DP-lh	NAc-shell-lh	NAc-core-lh	pGP-lh	aGP-lh
0.13461162149906158	0.13864675164222717	0.14091913402080536	0.1716894656419754	0.11042562127113342	0.12047617137432098	0.11938823014497757	0.15899161994457245	0.13927538692951202	0.14212000370025635	0.1293357014656067	0.1591530740261078	0.12095551937818527	0.1479009985923767	0.20915859937667847	0.17208930850028992	0.15534096956253052	0.1540004014968872	0.17551088333129883	0.128203883767128	0.1146744042634964	0.1267389953136444	0.12049031257629395	0.1278051733970642	0.1441345512866974	0.12420380860567093	0.12500649690628052	0.15185876190662384	0.14420445263385773	0.12475386261940002	0.1316278725862503	0.12605836987495422	0.1468745470046997	0.1324755698442459	0.1485108882188797	0.12194746732711792	0.12047881633043289	0.12071073055267334	0.13504469394683838	0.22884251177310944	0.16406691074371338	0.168513223528862	0.1545792520046234	0.12251494824886322	0.1191856637597084	0.1194324791431427	0.12670528888702393	0.15100881457328796	0.12113691121339798	0.14214517176151276
