HIP-head-m-rh	HIP-head-l-rh	HIP-body-rh	HIP-tail-rh	THA-VPm-rh	THA-VPl-rh	THA-VAi-rh	THA-VAs-rh	THA-DAm-rh	THA-DAl-rh	PUT-VA-rh	PUT-DA-rh	PUT-VP-rh	PUT-DP-rh	CAU-VA-rh	CAU-DA-rh	CAU-body-rh	CAU-tail-rh	lAMY-rh	mAMY-rh	THA-DP-rh	NAc-shell-rh	NAc-core-rh	pGP-rh	aGP-rh	HIP-head-m-lh	HIP-head-l-l	HIP-body-l	HIP-tail-lh	THA-VPm-lh	THA-VPl-lh	THA-VAi-lh	THA-VAs-lh	THA-DAm-lh	THA-DAl-lh	PUT-VA-lh	PUT-DA-l	PUT-VP-lh	PUT-DP-lh	CAU-VA-lh	CAU-DA-lh	CAU-body-lh	CAU-tail-lh	lAMY-lh	mAMY-lh	THA-DP-lh	NAc-shell-lh	NAc-core-lh	pGP-lh	aGP-lh
0.4779087007045746	0.5228499174118042	0.4646027982234955	0.3382165729999542	0.35013043880462646	0.31935733556747437	0.36672353744506836	0.47787758708000183	0.35630714893341064	0.3629872500896454	0.5219558477401733	0.42339879274368286	0.3872268795967102	0.36120033264160156	0.46377620100975037	0.48158204555511475	0.42110928893089294	0.42956891655921936	0.5489490032196045	0.5190473794937134	0.326801061630249	0.4430255889892578	0.5474528074264526	0.3911706507205963	0.43808361887931824	0.4488590657711029	0.44850847125053406	0.414808064699173	0.32306888699531555	0.32315966486930847	0.3134077787399292	0.3484104573726654	0.4626300632953644	0.32310232520103455	0.31976357102394104	0.4316135048866272	0.46722647547721863	0.37310177087783813	0.351011723279953	0.5293452739715576	0.46847715973854065	0.41594985127449036	0.3643285632133484	0.4532385468482971	0.4824141263961792	0.32230186462402344	0.46738123893737793	0.47330334782600403	0.3320527970790863	0.3528801500797272
