HIP-head-m-rh	HIP-head-l-rh	HIP-body-rh	HIP-tail-rh	THA-VPm-rh	THA-VPl-rh	THA-VAi-rh	THA-VAs-rh	THA-DAm-rh	THA-DAl-rh	PUT-VA-rh	PUT-DA-rh	PUT-VP-rh	PUT-DP-rh	CAU-VA-rh	CAU-DA-rh	CAU-body-rh	CAU-tail-rh	lAMY-rh	mAMY-rh	THA-DP-rh	NAc-shell-rh	NAc-core-rh	pGP-rh	aGP-rh	HIP-head-m-lh	HIP-head-l-l	HIP-body-l	HIP-tail-lh	THA-VPm-lh	THA-VPl-lh	THA-VAi-lh	THA-VAs-lh	THA-DAm-lh	THA-DAl-lh	PUT-VA-lh	PUT-DA-l	PUT-VP-lh	PUT-DP-lh	CAU-VA-lh	CAU-DA-lh	CAU-body-lh	CAU-tail-lh	lAMY-lh	mAMY-lh	THA-DP-lh	NAc-shell-lh	NAc-core-lh	pGP-lh	aGP-lh
0.3091755509376526	0.25963538885116577	0.2510375678539276	0.251488596200943	0.24929679930210114	0.22629188001155853	0.2592819929122925	0.25160494446754456	0.24054856598377228	0.23271194100379944	0.2521480619907379	0.23770974576473236	0.31021443009376526	0.2544761300086975	0.2638572156429291	0.2457277476787567	0.2584083080291748	0.2597619891166687	0.3716402053833008	0.4661310315132141	0.2488400638103485	0.2583650052547455	0.22285889089107513	0.2546791434288025	0.26493385434150696	0.39446720480918884	0.3004397749900818	0.25434553623199463	0.2610847055912018	0.24144777655601501	0.23892875015735626	0.25567448139190674	0.22707217931747437	0.2518380880355835	0.2351853996515274	0.24564790725708008	0.24848498404026031	0.24937717616558075	0.239925816655159	0.2563834488391876	0.22921930253505707	0.2542237937450409	0.2595279812812805	0.3262811303138733	0.4036574363708496	0.24834713339805603	0.23589909076690674	0.24699270725250244	0.23618929088115692	0.23135924339294434
