HIP-head-m-rh	HIP-head-l-rh	HIP-body-rh	HIP-tail-rh	THA-VPm-rh	THA-VPl-rh	THA-VAi-rh	THA-VAs-rh	THA-DAm-rh	THA-DAl-rh	PUT-VA-rh	PUT-DA-rh	PUT-VP-rh	PUT-DP-rh	CAU-VA-rh	CAU-DA-rh	CAU-body-rh	CAU-tail-rh	lAMY-rh	mAMY-rh	THA-DP-rh	NAc-shell-rh	NAc-core-rh	pGP-rh	aGP-rh	HIP-head-m-lh	HIP-head-l-l	HIP-body-l	HIP-tail-lh	THA-VPm-lh	THA-VPl-lh	THA-VAi-lh	THA-VAs-lh	THA-DAm-lh	THA-DAl-lh	PUT-VA-lh	PUT-DA-l	PUT-VP-lh	PUT-DP-lh	CAU-VA-lh	CAU-DA-lh	CAU-body-lh	CAU-tail-lh	lAMY-lh	mAMY-lh	THA-DP-lh	NAc-shell-lh	NAc-core-lh	pGP-lh	aGP-lh
0.12561360001564026	0.1483362913131714	0.16824723780155182	0.16430975496768951	0.1077226996421814	0.11824588477611542	0.11660833656787872	0.1358833611011505	0.14821700751781464	0.1134318858385086	0.12198150157928467	0.14915549755096436	0.12681284546852112	0.14337603747844696	0.16762769222259521	0.16224654018878937	0.1860559582710266	0.19580724835395813	0.13115477561950684	0.13162817060947418	0.12388413399457932	0.12098150700330734	0.12780135869979858	0.09072038531303406	0.10856206715106964	0.11427531391382217	0.1121479719877243	0.13927236199378967	0.15723618865013123	0.11560498178005219	0.11427527666091919	0.10303597897291183	0.11683209985494614	0.1376674920320511	0.12771601974964142	0.1171412393450737	0.12319090217351913	0.11818073689937592	0.16487818956375122	0.21270719170570374	0.17893242835998535	0.15694956481456757	0.16104476153850555	0.09351038187742233	0.13312895596027374	0.11277402937412262	0.12942884862422943	0.1410377472639084	0.11648353934288025	0.10336531698703766
