HIP-head-m-rh	HIP-head-l-rh	HIP-body-rh	HIP-tail-rh	THA-VPm-rh	THA-VPl-rh	THA-VAi-rh	THA-VAs-rh	THA-DAm-rh	THA-DAl-rh	PUT-VA-rh	PUT-DA-rh	PUT-VP-rh	PUT-DP-rh	CAU-VA-rh	CAU-DA-rh	CAU-body-rh	CAU-tail-rh	lAMY-rh	mAMY-rh	THA-DP-rh	NAc-shell-rh	NAc-core-rh	pGP-rh	aGP-rh	HIP-head-m-lh	HIP-head-l-l	HIP-body-l	HIP-tail-lh	THA-VPm-lh	THA-VPl-lh	THA-VAi-lh	THA-VAs-lh	THA-DAm-lh	THA-DAl-lh	PUT-VA-lh	PUT-DA-l	PUT-VP-lh	PUT-DP-lh	CAU-VA-lh	CAU-DA-lh	CAU-body-lh	CAU-tail-lh	lAMY-lh	mAMY-lh	THA-DP-lh	NAc-shell-lh	NAc-core-lh	pGP-lh	aGP-lh
0.12429777532815933	0.13132350146770477	0.1344122439622879	0.14045707881450653	0.11437162756919861	0.12061651796102524	0.11567366123199463	0.1544608771800995	0.14329232275485992	0.1517263501882553	0.1306455135345459	0.13524222373962402	0.16409932076931	0.17390909790992737	0.1805628389120102	0.15822234749794006	0.17431043088436127	0.2140384018421173	0.11969398707151413	0.11217468976974487	0.11490082740783691	0.135102778673172	0.13840480148792267	0.10353472828865051	0.11174902319908142	0.13881710171699524	0.1513623744249344	0.16347435116767883	0.14219440519809723	0.1273229718208313	0.12946666777133942	0.117243193089962	0.15618938207626343	0.14988738298416138	0.15590430796146393	0.12078545242547989	0.1628410816192627	0.16000589728355408	0.16433461010456085	0.18156971037387848	0.17106474936008453	0.18802152574062347	0.2178722321987152	0.14346754550933838	0.11915182322263718	0.12361187487840652	0.12102454155683517	0.13255564868450165	0.09525050222873688	0.1013546884059906
