HIP-head-m-rh	HIP-head-l-rh	HIP-body-rh	HIP-tail-rh	THA-VPm-rh	THA-VPl-rh	THA-VAi-rh	THA-VAs-rh	THA-DAm-rh	THA-DAl-rh	PUT-VA-rh	PUT-DA-rh	PUT-VP-rh	PUT-DP-rh	CAU-VA-rh	CAU-DA-rh	CAU-body-rh	CAU-tail-rh	lAMY-rh	mAMY-rh	THA-DP-rh	NAc-shell-rh	NAc-core-rh	pGP-rh	aGP-rh	HIP-head-m-lh	HIP-head-l-l	HIP-body-l	HIP-tail-lh	THA-VPm-lh	THA-VPl-lh	THA-VAi-lh	THA-VAs-lh	THA-DAm-lh	THA-DAl-lh	PUT-VA-lh	PUT-DA-l	PUT-VP-lh	PUT-DP-lh	CAU-VA-lh	CAU-DA-lh	CAU-body-lh	CAU-tail-lh	lAMY-lh	mAMY-lh	THA-DP-lh	NAc-shell-lh	NAc-core-lh	pGP-lh	aGP-lh
0.3919652998447418	0.39545053243637085	0.32886531949043274	0.28438863158226013	0.30041319131851196	0.2774689793586731	0.312611848115921	0.3143414258956909	0.2858079671859741	0.2785216271877289	0.3233812153339386	0.30223605036735535	0.33692172169685364	0.30902600288391113	0.3265816867351532	0.32141709327697754	0.327690064907074	0.3166493773460388	0.36581167578697205	0.44751694798469543	0.2925727963447571	0.34926292300224304	0.32844147086143494	0.317253440618515	0.3104479908943176	0.40653178095817566	0.3675554096698761	0.3171916604042053	0.2949374318122864	0.32069653272628784	0.2968924939632416	0.31722792983055115	0.3707832396030426	0.29375967383384705	0.3055218756198883	0.35369452834129333	0.33079901337623596	0.3258913457393646	0.3123943507671356	0.35391464829444885	0.31160348653793335	0.32944023609161377	0.33073922991752625	0.4350396394729614	0.4481874108314514	0.30741849541664124	0.3885873556137085	0.3470379114151001	0.32762470841407776	0.32480326294898987
