HIP-head-m-rh	HIP-head-l-rh	HIP-body-rh	HIP-tail-rh	THA-VPm-rh	THA-VPl-rh	THA-VAi-rh	THA-VAs-rh	THA-DAm-rh	THA-DAl-rh	PUT-VA-rh	PUT-DA-rh	PUT-VP-rh	PUT-DP-rh	CAU-VA-rh	CAU-DA-rh	CAU-body-rh	CAU-tail-rh	lAMY-rh	mAMY-rh	THA-DP-rh	NAc-shell-rh	NAc-core-rh	pGP-rh	aGP-rh	HIP-head-m-lh	HIP-head-l-l	HIP-body-l	HIP-tail-lh	THA-VPm-lh	THA-VPl-lh	THA-VAi-lh	THA-VAs-lh	THA-DAm-lh	THA-DAl-lh	PUT-VA-lh	PUT-DA-l	PUT-VP-lh	PUT-DP-lh	CAU-VA-lh	CAU-DA-lh	CAU-body-lh	CAU-tail-lh	lAMY-lh	mAMY-lh	THA-DP-lh	NAc-shell-lh	NAc-core-lh	pGP-lh	aGP-lh
0.10392789542675018	0.1205609068274498	0.10682875663042068	0.11311156302690506	0.11813041567802429	0.10760152339935303	0.11729075759649277	0.12256218492984772	0.16921629011631012	0.182869553565979	0.12491799890995026	0.13539515435695648	0.1479848176240921	0.1771918088197708	0.11875893175601959	0.11875566095113754	0.13926397264003754	0.14973896741867065	0.14889812469482422	0.10446205735206604	0.10574720054864883	0.11713634431362152	0.09595369547605515	0.0754745826125145	0.09392663091421127	0.10767963528633118	0.144656240940094	0.11688309162855148	0.09220419079065323	0.11022260040044785	0.09216306358575821	0.10526267439126968	0.13501277565956116	0.1461949199438095	0.1302417367696762	0.11324762552976608	0.10595577955245972	0.12255813181400299	0.1386057734489441	0.15053820610046387	0.1046813428401947	0.09942212700843811	0.10403677076101303	0.12683448195457458	0.12407036125659943	0.10050421208143234	0.11414220184087753	0.12468728423118591	0.10059130191802979	0.1297440081834793
