HIP-head-m-rh	HIP-head-l-rh	HIP-body-rh	HIP-tail-rh	THA-VPm-rh	THA-VPl-rh	THA-VAi-rh	THA-VAs-rh	THA-DAm-rh	THA-DAl-rh	PUT-VA-rh	PUT-DA-rh	PUT-VP-rh	PUT-DP-rh	CAU-VA-rh	CAU-DA-rh	CAU-body-rh	CAU-tail-rh	lAMY-rh	mAMY-rh	THA-DP-rh	NAc-shell-rh	NAc-core-rh	pGP-rh	aGP-rh	HIP-head-m-lh	HIP-head-l-l	HIP-body-l	HIP-tail-lh	THA-VPm-lh	THA-VPl-lh	THA-VAi-lh	THA-VAs-lh	THA-DAm-lh	THA-DAl-lh	PUT-VA-lh	PUT-DA-l	PUT-VP-lh	PUT-DP-lh	CAU-VA-lh	CAU-DA-lh	CAU-body-lh	CAU-tail-lh	lAMY-lh	mAMY-lh	THA-DP-lh	NAc-shell-lh	NAc-core-lh	pGP-lh	aGP-lh
0.43387871980667114	0.45087185502052307	0.4821096956729889	0.34002527594566345	0.35666805505752563	0.4157584607601166	0.3955495357513428	0.4850597083568573	0.43294695019721985	0.3854896128177643	0.49859148263931274	0.5213530659675598	0.36523112654685974	0.43118345737457275	0.4792608916759491	0.4413895308971405	0.4622676372528076	0.39103376865386963	0.4014938771724701	0.5521109700202942	0.4343847334384918	0.4498947262763977	0.42588376998901367	0.3783596158027649	0.5018103718757629	0.4228053390979767	0.41174742579460144	0.6693941354751587	0.37399888038635254	0.3478555679321289	0.3411136269569397	0.38036292791366577	0.5375319719314575	0.3991909325122833	0.35296961665153503	0.5066769123077393	0.46595919132232666	0.40036991238594055	0.37309131026268005	0.42398738861083984	0.4116959869861603	0.5490320324897766	0.4891130328178406	0.4096025228500366	0.5565640330314636	0.3800782263278961	0.4435586929321289	0.43720728158950806	0.44633063673973083	0.46635738015174866
