HIP-head-m-rh	HIP-head-l-rh	HIP-body-rh	HIP-tail-rh	THA-VPm-rh	THA-VPl-rh	THA-VAi-rh	THA-VAs-rh	THA-DAm-rh	THA-DAl-rh	PUT-VA-rh	PUT-DA-rh	PUT-VP-rh	PUT-DP-rh	CAU-VA-rh	CAU-DA-rh	CAU-body-rh	CAU-tail-rh	lAMY-rh	mAMY-rh	THA-DP-rh	NAc-shell-rh	NAc-core-rh	pGP-rh	aGP-rh	HIP-head-m-lh	HIP-head-l-l	HIP-body-l	HIP-tail-lh	THA-VPm-lh	THA-VPl-lh	THA-VAi-lh	THA-VAs-lh	THA-DAm-lh	THA-DAl-lh	PUT-VA-lh	PUT-DA-l	PUT-VP-lh	PUT-DP-lh	CAU-VA-lh	CAU-DA-lh	CAU-body-lh	CAU-tail-lh	lAMY-lh	mAMY-lh	THA-DP-lh	NAc-shell-lh	NAc-core-lh	pGP-lh	aGP-lh
0.09655192494392395	0.11932945996522903	0.13200317323207855	0.14097678661346436	0.13508911430835724	0.1294008046388626	0.09436451643705368	0.11092238128185272	0.1352492719888687	0.11898566782474518	0.12405707687139511	0.13422614336013794	0.13441485166549683	0.1439271718263626	0.12536059319972992	0.13897773623466492	0.14370237290859222	0.11971162259578705	0.0927472710609436	0.10175985842943192	0.1399337500333786	0.11369655281305313	0.11413830518722534	0.11391406506299973	0.09387192130088806	0.10462088137865067	0.14905522763729095	0.12277951836585999	0.16064074635505676	0.0988040417432785	0.11856366693973541	0.11278039216995239	0.11207939684391022	0.14699110388755798	0.12556269764900208	0.11902458965778351	0.13922296464443207	0.11844885349273682	0.1523696780204773	0.1246655136346817	0.1386507749557495	0.1091790422797203	0.15296570956707	0.10996116697788239	0.13297319412231445	0.10955490916967392	0.10654649883508682	0.1465209424495697	0.10956712812185287	0.09953673183917999
