HIP-head-m-rh	HIP-head-l-rh	HIP-body-rh	HIP-tail-rh	THA-VPm-rh	THA-VPl-rh	THA-VAi-rh	THA-VAs-rh	THA-DAm-rh	THA-DAl-rh	PUT-VA-rh	PUT-DA-rh	PUT-VP-rh	PUT-DP-rh	CAU-VA-rh	CAU-DA-rh	CAU-body-rh	CAU-tail-rh	lAMY-rh	mAMY-rh	THA-DP-rh	NAc-shell-rh	NAc-core-rh	pGP-rh	aGP-rh	HIP-head-m-lh	HIP-head-l-l	HIP-body-l	HIP-tail-lh	THA-VPm-lh	THA-VPl-lh	THA-VAi-lh	THA-VAs-lh	THA-DAm-lh	THA-DAl-lh	PUT-VA-lh	PUT-DA-l	PUT-VP-lh	PUT-DP-lh	CAU-VA-lh	CAU-DA-lh	CAU-body-lh	CAU-tail-lh	lAMY-lh	mAMY-lh	THA-DP-lh	NAc-shell-lh	NAc-core-lh	pGP-lh	aGP-lh
0.09874921292066574	0.10767380148172379	0.14054954051971436	0.14488349854946136	0.10932601988315582	0.1183076798915863	0.10792810469865799	0.1208934485912323	0.14258180558681488	0.12069758772850037	0.12627921998500824	0.1390807330608368	0.13815034925937653	0.14290021359920502	0.12998759746551514	0.13769473135471344	0.1685696542263031	0.1469772309064865	0.09954926371574402	0.11309412121772766	0.13298200070858002	0.1087980642914772	0.11854931712150574	0.12065261602401733	0.09494595229625702	0.1098579466342926	0.12220023572444916	0.14634236693382263	0.14672942459583282	0.11555012315511703	0.11304286867380142	0.11291355639696121	0.12981866300106049	0.14241991937160492	0.13805440068244934	0.13359184563159943	0.12658222019672394	0.12963822484016418	0.1454775333404541	0.1519376039505005	0.14747197926044464	0.1439930647611618	0.151275172829628	0.10058166831731796	0.1300862729549408	0.1224442794919014	0.10706306248903275	0.154593825340271	0.10521544516086578	0.12273713946342468
