HIP-head-m-rh	HIP-head-l-rh	HIP-body-rh	HIP-tail-rh	THA-VPm-rh	THA-VPl-rh	THA-VAi-rh	THA-VAs-rh	THA-DAm-rh	THA-DAl-rh	PUT-VA-rh	PUT-DA-rh	PUT-VP-rh	PUT-DP-rh	CAU-VA-rh	CAU-DA-rh	CAU-body-rh	CAU-tail-rh	lAMY-rh	mAMY-rh	THA-DP-rh	NAc-shell-rh	NAc-core-rh	pGP-rh	aGP-rh	HIP-head-m-lh	HIP-head-l-l	HIP-body-l	HIP-tail-lh	THA-VPm-lh	THA-VPl-lh	THA-VAi-lh	THA-VAs-lh	THA-DAm-lh	THA-DAl-lh	PUT-VA-lh	PUT-DA-l	PUT-VP-lh	PUT-DP-lh	CAU-VA-lh	CAU-DA-lh	CAU-body-lh	CAU-tail-lh	lAMY-lh	mAMY-lh	THA-DP-lh	NAc-shell-lh	NAc-core-lh	pGP-lh	aGP-lh
0.142195463180542	0.139650359749794	0.17822980880737305	0.18908821046352386	0.1469498574733734	0.11231337487697601	0.12772978842258453	0.1199766993522644	0.18570761382579803	0.12420063465833664	0.1448647528886795	0.15046919882297516	0.1298835277557373	0.1392168253660202	0.19421878457069397	0.1736568957567215	0.22823406755924225	0.1938168704509735	0.13658414781093597	0.13296405971050262	0.12541313469409943	0.14935024082660675	0.19177287817001343	0.11378948390483856	0.12328283488750458	0.1328137367963791	0.11517873406410217	0.16483454406261444	0.1698533296585083	0.13419827818870544	0.10719961673021317	0.12734779715538025	0.13649806380271912	0.16816873848438263	0.11820008605718613	0.13483314216136932	0.15787450969219208	0.14723418653011322	0.11965357512235641	0.1882084608078003	0.18851058185100555	0.23258665204048157	0.21860183775424957	0.11137066781520844	0.13348019123077393	0.14128750562667847	0.13875673711299896	0.14026515185832977	0.1242666020989418	0.12462261319160461
