HIP-head-m-rh	HIP-head-l-rh	HIP-body-rh	HIP-tail-rh	THA-VPm-rh	THA-VPl-rh	THA-VAi-rh	THA-VAs-rh	THA-DAm-rh	THA-DAl-rh	PUT-VA-rh	PUT-DA-rh	PUT-VP-rh	PUT-DP-rh	CAU-VA-rh	CAU-DA-rh	CAU-body-rh	CAU-tail-rh	lAMY-rh	mAMY-rh	THA-DP-rh	NAc-shell-rh	NAc-core-rh	pGP-rh	aGP-rh	HIP-head-m-lh	HIP-head-l-l	HIP-body-l	HIP-tail-lh	THA-VPm-lh	THA-VPl-lh	THA-VAi-lh	THA-VAs-lh	THA-DAm-lh	THA-DAl-lh	PUT-VA-lh	PUT-DA-l	PUT-VP-lh	PUT-DP-lh	CAU-VA-lh	CAU-DA-lh	CAU-body-lh	CAU-tail-lh	lAMY-lh	mAMY-lh	THA-DP-lh	NAc-shell-lh	NAc-core-lh	pGP-lh	aGP-lh
0.7395516037940979	0.6430043578147888	0.5433245897293091	0.48646295070648193	0.410905122756958	0.32281219959259033	0.5607272982597351	0.4515117406845093	0.4465593993663788	0.3343144357204437	0.5334808230400085	0.42485925555229187	0.3623339831829071	0.34088459610939026	0.4375809133052826	0.4434118866920471	0.38796713948249817	0.40703845024108887	0.76237553358078	0.9010220766067505	0.4327762722969055	0.7283162474632263	0.5038326382637024	0.35648730397224426	0.4170098602771759	0.7962930202484131	0.5490774512290955	0.5472235083580017	0.43300700187683105	0.42093637585639954	0.5012533664703369	0.5921186208724976	0.472839891910553	0.4703778028488159	0.4199334383010864	0.45941513776779175	0.42267587780952454	0.388029545545578	0.3443572521209717	0.48595529794692993	0.4156803488731384	0.3955695927143097	0.39413443207740784	0.6196434497833252	0.8601081967353821	0.37956559658050537	0.5564371943473816	0.42703869938850403	0.5321787595748901	0.46711379289627075
