HIP-head-m-rh	HIP-head-l-rh	HIP-body-rh	HIP-tail-rh	THA-VPm-rh	THA-VPl-rh	THA-VAi-rh	THA-VAs-rh	THA-DAm-rh	THA-DAl-rh	PUT-VA-rh	PUT-DA-rh	PUT-VP-rh	PUT-DP-rh	CAU-VA-rh	CAU-DA-rh	CAU-body-rh	CAU-tail-rh	lAMY-rh	mAMY-rh	THA-DP-rh	NAc-shell-rh	NAc-core-rh	pGP-rh	aGP-rh	HIP-head-m-lh	HIP-head-l-l	HIP-body-l	HIP-tail-lh	THA-VPm-lh	THA-VPl-lh	THA-VAi-lh	THA-VAs-lh	THA-DAm-lh	THA-DAl-lh	PUT-VA-lh	PUT-DA-l	PUT-VP-lh	PUT-DP-lh	CAU-VA-lh	CAU-DA-lh	CAU-body-lh	CAU-tail-lh	lAMY-lh	mAMY-lh	THA-DP-lh	NAc-shell-lh	NAc-core-lh	pGP-lh	aGP-lh
0.7010038495063782	0.5993366241455078	0.3952213227748871	0.36959946155548096	0.3485755920410156	0.36905813217163086	0.40742620825767517	0.3535163402557373	0.3816777169704437	0.32075855135917664	0.4551987051963806	0.4200386106967926	0.5086771249771118	0.4598967730998993	0.4518578052520752	0.6369268298149109	0.4110007584095001	0.371059387922287	0.5719572305679321	0.7753208875656128	0.3743784427642822	0.5917677283287048	0.4274502396583557	0.37755700945854187	0.3789970874786377	0.7792527675628662	0.5008417963981628	0.40800386667251587	0.36971142888069153	0.3678823411464691	0.3398198187351227	0.4380543828010559	0.41696852445602417	0.41499432921409607	0.3789319097995758	0.4319072961807251	0.4264329969882965	0.7355467677116394	0.523220956325531	0.4472258687019348	0.5091951489448547	0.4285587668418884	0.3669304847717285	0.5286939740180969	0.6314307451248169	0.34893032908439636	0.44063177704811096	0.36604541540145874	0.3876793086528778	0.3665381669998169
