HIP-head-m-rh	HIP-head-l-rh	HIP-body-rh	HIP-tail-rh	THA-VPm-rh	THA-VPl-rh	THA-VAi-rh	THA-VAs-rh	THA-DAm-rh	THA-DAl-rh	PUT-VA-rh	PUT-DA-rh	PUT-VP-rh	PUT-DP-rh	CAU-VA-rh	CAU-DA-rh	CAU-body-rh	CAU-tail-rh	lAMY-rh	mAMY-rh	THA-DP-rh	NAc-shell-rh	NAc-core-rh	pGP-rh	aGP-rh	HIP-head-m-lh	HIP-head-l-l	HIP-body-l	HIP-tail-lh	THA-VPm-lh	THA-VPl-lh	THA-VAi-lh	THA-VAs-lh	THA-DAm-lh	THA-DAl-lh	PUT-VA-lh	PUT-DA-l	PUT-VP-lh	PUT-DP-lh	CAU-VA-lh	CAU-DA-lh	CAU-body-lh	CAU-tail-lh	lAMY-lh	mAMY-lh	THA-DP-lh	NAc-shell-lh	NAc-core-lh	pGP-lh	aGP-lh
0.12425898760557175	0.1395844966173172	0.16250693798065186	0.16203659772872925	0.10224121809005737	0.11024431139230728	0.10264674574136734	0.12918725609779358	0.1453978419303894	0.14754489064216614	0.16074354946613312	0.16682423651218414	0.14178495109081268	0.17728379368782043	0.16026407480239868	0.13723094761371613	0.16018235683441162	0.18075726926326752	0.14593389630317688	0.11446182429790497	0.10008043050765991	0.13581059873104095	0.16472399234771729	0.10265665501356125	0.09461211413145065	0.13836413621902466	0.14576178789138794	0.14116746187210083	0.13553385436534882	0.10799131542444229	0.11272129416465759	0.12521909177303314	0.11419093608856201	0.1584644466638565	0.14261388778686523	0.12970870733261108	0.17527008056640625	0.1258426159620285	0.16118906438350677	0.1630699783563614	0.14634568989276886	0.1613026112318039	0.14921021461486816	0.14119690656661987	0.10552334040403366	0.11740757524967194	0.11877935379743576	0.15422716736793518	0.10527673363685608	0.11386474221944809
