HIP-head-m-rh	HIP-head-l-rh	HIP-body-rh	HIP-tail-rh	THA-VPm-rh	THA-VPl-rh	THA-VAi-rh	THA-VAs-rh	THA-DAm-rh	THA-DAl-rh	PUT-VA-rh	PUT-DA-rh	PUT-VP-rh	PUT-DP-rh	CAU-VA-rh	CAU-DA-rh	CAU-body-rh	CAU-tail-rh	lAMY-rh	mAMY-rh	THA-DP-rh	NAc-shell-rh	NAc-core-rh	pGP-rh	aGP-rh	HIP-head-m-lh	HIP-head-l-l	HIP-body-l	HIP-tail-lh	THA-VPm-lh	THA-VPl-lh	THA-VAi-lh	THA-VAs-lh	THA-DAm-lh	THA-DAl-lh	PUT-VA-lh	PUT-DA-l	PUT-VP-lh	PUT-DP-lh	CAU-VA-lh	CAU-DA-lh	CAU-body-lh	CAU-tail-lh	lAMY-lh	mAMY-lh	THA-DP-lh	NAc-shell-lh	NAc-core-lh	pGP-lh	aGP-lh
0.10011962056159973	0.13581804931163788	0.12444478273391724	0.13210447132587433	0.0954514592885971	0.11401443928480148	0.09856721013784409	0.1305573433637619	0.1185111477971077	0.13279002904891968	0.11456987261772156	0.1323409378528595	0.15038803219795227	0.15362904965877533	0.14598168432712555	0.15693479776382446	0.15256041288375854	0.16609077155590057	0.14835037291049957	0.11771519482135773	0.0928291603922844	0.09804106503725052	0.12191635370254517	0.10711503028869629	0.08253245055675507	0.09807995706796646	0.14381100237369537	0.12420408427715302	0.1318596601486206	0.08961551636457443	0.13750553131103516	0.09452024847269058	0.12687022984027863	0.13231009244918823	0.13123978674411774	0.1273249238729477	0.141033336520195	0.14582037925720215	0.1598341315984726	0.18135260045528412	0.12146370112895966	0.15265688300132751	0.14340877532958984	0.11600745469331741	0.13328449428081512	0.11382348090410233	0.08743187040090561	0.125031515955925	0.12978129088878632	0.11734263598918915
