HIP-head-m-rh	HIP-head-l-rh	HIP-body-rh	HIP-tail-rh	THA-VPm-rh	THA-VPl-rh	THA-VAi-rh	THA-VAs-rh	THA-DAm-rh	THA-DAl-rh	PUT-VA-rh	PUT-DA-rh	PUT-VP-rh	PUT-DP-rh	CAU-VA-rh	CAU-DA-rh	CAU-body-rh	CAU-tail-rh	lAMY-rh	mAMY-rh	THA-DP-rh	NAc-shell-rh	NAc-core-rh	pGP-rh	aGP-rh	HIP-head-m-lh	HIP-head-l-l	HIP-body-l	HIP-tail-lh	THA-VPm-lh	THA-VPl-lh	THA-VAi-lh	THA-VAs-lh	THA-DAm-lh	THA-DAl-lh	PUT-VA-lh	PUT-DA-l	PUT-VP-lh	PUT-DP-lh	CAU-VA-lh	CAU-DA-lh	CAU-body-lh	CAU-tail-lh	lAMY-lh	mAMY-lh	THA-DP-lh	NAc-shell-lh	NAc-core-lh	pGP-lh	aGP-lh
0.17623873054981232	0.16056150197982788	0.14130285382270813	0.1422642022371292	0.15124782919883728	0.13179567456245422	0.18009887635707855	0.15227246284484863	0.1419430822134018	0.13816708326339722	0.15582500398159027	0.15755130350589752	0.1550886332988739	0.16339470446109772	0.1625990867614746	0.14102374017238617	0.1520361304283142	0.14276966452598572	0.2701687514781952	0.20817163586616516	0.14750978350639343	0.18354885280132294	0.1869443953037262	0.1224842295050621	0.1443534642457962	0.17150738835334778	0.19925956428050995	0.13802452385425568	0.12364478409290314	0.15061260759830475	0.12399420142173767	0.16537222266197205	0.16484838724136353	0.15829190611839294	0.13626247644424438	0.14849640429019928	0.15933319926261902	0.15104804933071136	0.17642852663993835	0.16664686799049377	0.1323818564414978	0.15398229658603668	0.14078402519226074	0.2454937994480133	0.23610037565231323	0.13393905758857727	0.14257077872753143	0.132331982254982	0.14570435881614685	0.15177062153816223
