HIP-head-m-rh	HIP-head-l-rh	HIP-body-rh	HIP-tail-rh	THA-VPm-rh	THA-VPl-rh	THA-VAi-rh	THA-VAs-rh	THA-DAm-rh	THA-DAl-rh	PUT-VA-rh	PUT-DA-rh	PUT-VP-rh	PUT-DP-rh	CAU-VA-rh	CAU-DA-rh	CAU-body-rh	CAU-tail-rh	lAMY-rh	mAMY-rh	THA-DP-rh	NAc-shell-rh	NAc-core-rh	pGP-rh	aGP-rh	HIP-head-m-lh	HIP-head-l-l	HIP-body-l	HIP-tail-lh	THA-VPm-lh	THA-VPl-lh	THA-VAi-lh	THA-VAs-lh	THA-DAm-lh	THA-DAl-lh	PUT-VA-lh	PUT-DA-l	PUT-VP-lh	PUT-DP-lh	CAU-VA-lh	CAU-DA-lh	CAU-body-lh	CAU-tail-lh	lAMY-lh	mAMY-lh	THA-DP-lh	NAc-shell-lh	NAc-core-lh	pGP-lh	aGP-lh
0.3575034439563751	0.2692718505859375	0.24735970795154572	0.232184499502182	0.26628440618515015	0.2387118637561798	0.2705058753490448	0.23654671013355255	0.24204374849796295	0.2284788340330124	0.27800002694129944	0.2584593892097473	0.2704169452190399	0.2536197304725647	0.2640642523765564	0.2536076307296753	0.276401162147522	0.23646189272403717	0.29462695121765137	0.3409304916858673	0.24134083092212677	0.27959245443344116	0.2501407563686371	0.2494238317012787	0.2772834300994873	0.33171117305755615	0.26925256848335266	0.2465985268354416	0.2548646628856659	0.25537845492362976	0.235742449760437	0.250262051820755	0.25830748677253723	0.25187984108924866	0.23918111622333527	0.28229546546936035	0.2592048645019531	0.2473367154598236	0.2485872358083725	0.2558201551437378	0.25179216265678406	0.28082525730133057	0.23605398833751678	0.3448900580406189	0.3279953896999359	0.23701882362365723	0.29710039496421814	0.24097049236297607	0.24592985212802887	0.28112560510635376
