HIP-head-m-rh	HIP-head-l-rh	HIP-body-rh	HIP-tail-rh	THA-VPm-rh	THA-VPl-rh	THA-VAi-rh	THA-VAs-rh	THA-DAm-rh	THA-DAl-rh	PUT-VA-rh	PUT-DA-rh	PUT-VP-rh	PUT-DP-rh	CAU-VA-rh	CAU-DA-rh	CAU-body-rh	CAU-tail-rh	lAMY-rh	mAMY-rh	THA-DP-rh	NAc-shell-rh	NAc-core-rh	pGP-rh	aGP-rh	HIP-head-m-lh	HIP-head-l-l	HIP-body-l	HIP-tail-lh	THA-VPm-lh	THA-VPl-lh	THA-VAi-lh	THA-VAs-lh	THA-DAm-lh	THA-DAl-lh	PUT-VA-lh	PUT-DA-l	PUT-VP-lh	PUT-DP-lh	CAU-VA-lh	CAU-DA-lh	CAU-body-lh	CAU-tail-lh	lAMY-lh	mAMY-lh	THA-DP-lh	NAc-shell-lh	NAc-core-lh	pGP-lh	aGP-lh
0.5843398571014404	0.5308389663696289	0.43662405014038086	0.3274279832839966	0.3326228857040405	0.30294960737228394	0.4156785011291504	0.4087584316730499	0.350029319524765	0.29577013850212097	0.45554161071777344	0.43001267313957214	0.43584758043289185	0.345233678817749	0.3779151141643524	0.3548685610294342	0.34625792503356934	0.33559709787368774	0.5692533254623413	0.81646728515625	0.3551395833492279	0.46825626492500305	0.41945236921310425	0.3690284192562103	0.3875361680984497	0.6019912362098694	0.5104275941848755	0.49588578939437866	0.3403400182723999	0.3494792580604553	0.29596391320228577	0.42690011858940125	0.46400186419487	0.3876554071903229	0.3484189510345459	0.41453108191490173	0.3559449017047882	0.38670289516448975	0.3357521891593933	0.37726277112960815	0.3748644292354584	0.4042706787586212	0.41577863693237305	0.6377730965614319	0.654403567314148	0.34639132022857666	0.4409680664539337	0.39062511920928955	0.34125199913978577	0.3539191782474518
