HIP-head-m-rh	HIP-head-l-rh	HIP-body-rh	HIP-tail-rh	THA-VPm-rh	THA-VPl-rh	THA-VAi-rh	THA-VAs-rh	THA-DAm-rh	THA-DAl-rh	PUT-VA-rh	PUT-DA-rh	PUT-VP-rh	PUT-DP-rh	CAU-VA-rh	CAU-DA-rh	CAU-body-rh	CAU-tail-rh	lAMY-rh	mAMY-rh	THA-DP-rh	NAc-shell-rh	NAc-core-rh	pGP-rh	aGP-rh	HIP-head-m-lh	HIP-head-l-l	HIP-body-l	HIP-tail-lh	THA-VPm-lh	THA-VPl-lh	THA-VAi-lh	THA-VAs-lh	THA-DAm-lh	THA-DAl-lh	PUT-VA-lh	PUT-DA-l	PUT-VP-lh	PUT-DP-lh	CAU-VA-lh	CAU-DA-lh	CAU-body-lh	CAU-tail-lh	lAMY-lh	mAMY-lh	THA-DP-lh	NAc-shell-lh	NAc-core-lh	pGP-lh	aGP-lh
0.33898016810417175	0.29373493790626526	0.2741784155368805	0.24649429321289062	0.26814109086990356	0.2551749050617218	0.28503721952438354	0.2612234950065613	0.28022342920303345	0.2502084970474243	0.3088231682777405	0.28178924322128296	0.24901582300662994	0.2543400824069977	0.33218902349472046	0.28031957149505615	0.2808891236782074	0.2769725024700165	0.3363152742385864	0.34910848736763	0.2716037333011627	0.32512250542640686	0.28255078196525574	0.25180137157440186	0.2577158808708191	0.34509754180908203	0.27516669034957886	0.26927974820137024	0.27316123247146606	0.2699265778064728	0.24908937513828278	0.26864299178123474	0.287375271320343	0.2703118622303009	0.2627297341823578	0.2835614085197449	0.2682662308216095	0.25424498319625854	0.24852874875068665	0.32636559009552	0.27625346183776855	0.3045651912689209	0.2923039495944977	0.39178773760795593	0.31596505641937256	0.27089643478393555	0.3036132752895355	0.2998155355453491	0.25426989793777466	0.25062522292137146
