HIP-head-m-rh	HIP-head-l-rh	HIP-body-rh	HIP-tail-rh	THA-VPm-rh	THA-VPl-rh	THA-VAi-rh	THA-VAs-rh	THA-DAm-rh	THA-DAl-rh	PUT-VA-rh	PUT-DA-rh	PUT-VP-rh	PUT-DP-rh	CAU-VA-rh	CAU-DA-rh	CAU-body-rh	CAU-tail-rh	lAMY-rh	mAMY-rh	THA-DP-rh	NAc-shell-rh	NAc-core-rh	pGP-rh	aGP-rh	HIP-head-m-lh	HIP-head-l-l	HIP-body-l	HIP-tail-lh	THA-VPm-lh	THA-VPl-lh	THA-VAi-lh	THA-VAs-lh	THA-DAm-lh	THA-DAl-lh	PUT-VA-lh	PUT-DA-l	PUT-VP-lh	PUT-DP-lh	CAU-VA-lh	CAU-DA-lh	CAU-body-lh	CAU-tail-lh	lAMY-lh	mAMY-lh	THA-DP-lh	NAc-shell-lh	NAc-core-lh	pGP-lh	aGP-lh
0.3052263855934143	0.24913059175014496	0.2415803223848343	0.22123926877975464	0.21615788340568542	0.19244399666786194	0.22892522811889648	0.23952986299991608	0.22164486348628998	0.2186194360256195	0.234272763133049	0.23229072988033295	0.22689573466777802	0.21696694195270538	0.23264040052890778	0.2265474796295166	0.2267000824213028	0.2146158665418625	0.24236620962619781	0.24984997510910034	0.21592384576797485	0.2686990201473236	0.22607555985450745	0.21567896008491516	0.2354256957769394	0.287786602973938	0.24586209654808044	0.21685096621513367	0.21161828935146332	0.22658227384090424	0.20618164539337158	0.24522262811660767	0.2326715886592865	0.21616089344024658	0.22015702724456787	0.2379525899887085	0.22872580587863922	0.22760418057441711	0.2172604203224182	0.24055083096027374	0.2273656725883484	0.22096146643161774	0.21963806450366974	0.26711177825927734	0.2980138659477234	0.21571475267410278	0.2610432207584381	0.2140202820301056	0.23238131403923035	0.24561703205108643
