HIP-head-m-rh	HIP-head-l-rh	HIP-body-rh	HIP-tail-rh	THA-VPm-rh	THA-VPl-rh	THA-VAi-rh	THA-VAs-rh	THA-DAm-rh	THA-DAl-rh	PUT-VA-rh	PUT-DA-rh	PUT-VP-rh	PUT-DP-rh	CAU-VA-rh	CAU-DA-rh	CAU-body-rh	CAU-tail-rh	lAMY-rh	mAMY-rh	THA-DP-rh	NAc-shell-rh	NAc-core-rh	pGP-rh	aGP-rh	HIP-head-m-lh	HIP-head-l-l	HIP-body-l	HIP-tail-lh	THA-VPm-lh	THA-VPl-lh	THA-VAi-lh	THA-VAs-lh	THA-DAm-lh	THA-DAl-lh	PUT-VA-lh	PUT-DA-l	PUT-VP-lh	PUT-DP-lh	CAU-VA-lh	CAU-DA-lh	CAU-body-lh	CAU-tail-lh	lAMY-lh	mAMY-lh	THA-DP-lh	NAc-shell-lh	NAc-core-lh	pGP-lh	aGP-lh
0.10839145630598068	0.1156095340847969	0.1291019171476364	0.14522023499011993	0.1024702712893486	0.1382940709590912	0.11442101001739502	0.12900523841381073	0.10938149690628052	0.11879554390907288	0.11088158190250397	0.11811116337776184	0.14210759103298187	0.1424012929201126	0.14141474664211273	0.11408085376024246	0.12220947444438934	0.15590055286884308	0.12287167459726334	0.11854768544435501	0.10999709367752075	0.10263486206531525	0.10918467491865158	0.12074530869722366	0.10223420709371567	0.11018110811710358	0.12121434509754181	0.1287035346031189	0.14252683520317078	0.13692453503608704	0.11982559412717819	0.11231166869401932	0.13289064168930054	0.1303858458995819	0.1304171085357666	0.12417246401309967	0.11890430748462677	0.11967325210571289	0.14218437671661377	0.1528657227754593	0.13151244819164276	0.10588446259498596	0.12777571380138397	0.12825755774974823	0.1375495195388794	0.11147177219390869	0.10549868643283844	0.13198529183864594	0.10276082158088684	0.10739564895629883
