HIP-head-m-rh	HIP-head-l-rh	HIP-body-rh	HIP-tail-rh	THA-VPm-rh	THA-VPl-rh	THA-VAi-rh	THA-VAs-rh	THA-DAm-rh	THA-DAl-rh	PUT-VA-rh	PUT-DA-rh	PUT-VP-rh	PUT-DP-rh	CAU-VA-rh	CAU-DA-rh	CAU-body-rh	CAU-tail-rh	lAMY-rh	mAMY-rh	THA-DP-rh	NAc-shell-rh	NAc-core-rh	pGP-rh	aGP-rh	HIP-head-m-lh	HIP-head-l-l	HIP-body-l	HIP-tail-lh	THA-VPm-lh	THA-VPl-lh	THA-VAi-lh	THA-VAs-lh	THA-DAm-lh	THA-DAl-lh	PUT-VA-lh	PUT-DA-l	PUT-VP-lh	PUT-DP-lh	CAU-VA-lh	CAU-DA-lh	CAU-body-lh	CAU-tail-lh	lAMY-lh	mAMY-lh	THA-DP-lh	NAc-shell-lh	NAc-core-lh	pGP-lh	aGP-lh
0.4855225086212158	0.4174709618091583	0.41628265380859375	0.30254927277565	0.29481157660484314	0.2872592508792877	0.39016690850257874	0.4058191180229187	0.33146628737449646	0.3123920261859894	0.35959288477897644	0.33059290051460266	0.4044199287891388	0.3554726541042328	0.32452088594436646	0.3221363127231598	0.32552504539489746	0.32454773783683777	0.45973774790763855	0.6292414665222168	0.30213552713394165	0.36406031250953674	0.31315934658050537	0.3158257305622101	0.31233450770378113	0.5055133700370789	0.401594340801239	0.3976494073867798	0.29321593046188354	0.31453177332878113	0.28247198462486267	0.3700546622276306	0.38430431485176086	0.34717899560928345	0.35139742493629456	0.35738712549209595	0.3718623220920563	0.4260479211807251	0.43901315331459045	0.3699932396411896	0.3898216784000397	0.32630109786987305	0.3224351108074188	0.4177316129207611	0.5457388758659363	0.3096909821033478	0.3909640610218048	0.3271598517894745	0.3308783173561096	0.33223262429237366
