HIP-head-m-rh	HIP-head-l-rh	HIP-body-rh	HIP-tail-rh	THA-VPm-rh	THA-VPl-rh	THA-VAi-rh	THA-VAs-rh	THA-DAm-rh	THA-DAl-rh	PUT-VA-rh	PUT-DA-rh	PUT-VP-rh	PUT-DP-rh	CAU-VA-rh	CAU-DA-rh	CAU-body-rh	CAU-tail-rh	lAMY-rh	mAMY-rh	THA-DP-rh	NAc-shell-rh	NAc-core-rh	pGP-rh	aGP-rh	HIP-head-m-lh	HIP-head-l-l	HIP-body-l	HIP-tail-lh	THA-VPm-lh	THA-VPl-lh	THA-VAi-lh	THA-VAs-lh	THA-DAm-lh	THA-DAl-lh	PUT-VA-lh	PUT-DA-l	PUT-VP-lh	PUT-DP-lh	CAU-VA-lh	CAU-DA-lh	CAU-body-lh	CAU-tail-lh	lAMY-lh	mAMY-lh	THA-DP-lh	NAc-shell-lh	NAc-core-lh	pGP-lh	aGP-lh
0.13152435421943665	0.13385406136512756	0.1329740434885025	0.13012395799160004	0.13982608914375305	0.11144783347845078	0.10447730869054794	0.11439745873212814	0.11208604276180267	0.1112283393740654	0.13769322633743286	0.12404920160770416	0.11572283506393433	0.11273379623889923	0.1748109608888626	0.13885782659053802	0.16098842024803162	0.1447773426771164	0.12232096493244171	0.1338101625442505	0.11889368295669556	0.11743085086345673	0.11688201874494553	0.08975241333246231	0.11107821017503738	0.13814084231853485	0.11464794725179672	0.13184854388237	0.1490781605243683	0.10773807018995285	0.09899376332759857	0.09337121248245239	0.10717728734016418	0.10611695796251297	0.09352897107601166	0.12723031640052795	0.11869124323129654	0.11342513561248779	0.10239388793706894	0.18335400521755219	0.14560049772262573	0.18540766835212708	0.1798882633447647	0.11740366369485855	0.12747721374034882	0.10113299638032913	0.07478543370962143	0.08948791772127151	0.09028805792331696	0.0981723964214325
