HIP-head-m-rh	HIP-head-l-rh	HIP-body-rh	HIP-tail-rh	THA-VPm-rh	THA-VPl-rh	THA-VAi-rh	THA-VAs-rh	THA-DAm-rh	THA-DAl-rh	PUT-VA-rh	PUT-DA-rh	PUT-VP-rh	PUT-DP-rh	CAU-VA-rh	CAU-DA-rh	CAU-body-rh	CAU-tail-rh	lAMY-rh	mAMY-rh	THA-DP-rh	NAc-shell-rh	NAc-core-rh	pGP-rh	aGP-rh	HIP-head-m-lh	HIP-head-l-l	HIP-body-l	HIP-tail-lh	THA-VPm-lh	THA-VPl-lh	THA-VAi-lh	THA-VAs-lh	THA-DAm-lh	THA-DAl-lh	PUT-VA-lh	PUT-DA-l	PUT-VP-lh	PUT-DP-lh	CAU-VA-lh	CAU-DA-lh	CAU-body-lh	CAU-tail-lh	lAMY-lh	mAMY-lh	THA-DP-lh	NAc-shell-lh	NAc-core-lh	pGP-lh	aGP-lh
0.31319475173950195	0.22745181620121002	0.22547399997711182	0.22582367062568665	0.23743943870067596	0.23706680536270142	0.24137836694717407	0.23827016353607178	0.2398243099451065	0.21447046101093292	0.2732471823692322	0.3247503936290741	0.3227127194404602	0.29057079553604126	0.2552008032798767	0.23284298181533813	0.2436586618423462	0.23849721252918243	0.2837972044944763	0.27843722701072693	0.23645120859146118	0.26203054189682007	0.23443961143493652	0.35509297251701355	0.30035606026649475	0.3358736038208008	0.2585371732711792	0.23415324091911316	0.2341611534357071	0.2459186464548111	0.24555173516273499	0.25857874751091003	0.23536133766174316	0.23785415291786194	0.24400834739208221	0.24861422181129456	0.24420982599258423	0.23162385821342468	0.2173396199941635	0.25408241152763367	0.23171661794185638	0.2495250105857849	0.2222917079925537	0.3145645260810852	0.3156040906906128	0.24980394542217255	0.26632988452911377	0.25496429204940796	0.22669300436973572	0.24702595174312592
