HIP-head-m-rh	HIP-head-l-rh	HIP-body-rh	HIP-tail-rh	THA-VPm-rh	THA-VPl-rh	THA-VAi-rh	THA-VAs-rh	THA-DAm-rh	THA-DAl-rh	PUT-VA-rh	PUT-DA-rh	PUT-VP-rh	PUT-DP-rh	CAU-VA-rh	CAU-DA-rh	CAU-body-rh	CAU-tail-rh	lAMY-rh	mAMY-rh	THA-DP-rh	NAc-shell-rh	NAc-core-rh	pGP-rh	aGP-rh	HIP-head-m-lh	HIP-head-l-l	HIP-body-l	HIP-tail-lh	THA-VPm-lh	THA-VPl-lh	THA-VAi-lh	THA-VAs-lh	THA-DAm-lh	THA-DAl-lh	PUT-VA-lh	PUT-DA-l	PUT-VP-lh	PUT-DP-lh	CAU-VA-lh	CAU-DA-lh	CAU-body-lh	CAU-tail-lh	lAMY-lh	mAMY-lh	THA-DP-lh	NAc-shell-lh	NAc-core-lh	pGP-lh	aGP-lh
0.15139330923557281	0.1606476902961731	0.15437056124210358	0.1483192890882492	0.12633705139160156	0.1274481862783432	0.12654316425323486	0.16440166532993317	0.14076347649097443	0.16872438788414001	0.14184443652629852	0.11552469432353973	0.2479376196861267	0.3153185248374939	0.16400915384292603	0.13535171747207642	0.16947537660598755	0.22549502551555634	0.13187867403030396	0.14825452864170074	0.13469652831554413	0.14684265851974487	0.1612100452184677	0.21687369048595428	0.11488521844148636	0.15286095440387726	0.16283440589904785	0.1553502082824707	0.13999414443969727	0.12297636270523071	0.13228486478328705	0.12913547456264496	0.15523530542850494	0.14031098783016205	0.1493000090122223	0.13699807226657867	0.1603253185749054	0.1279996782541275	0.15332309901714325	0.1455174833536148	0.1488468199968338	0.1700776368379593	0.17763490974903107	0.16854645311832428	0.14049601554870605	0.12350718677043915	0.1459338366985321	0.182166188955307	0.10920993238687515	0.13445407152175903
