HIP-head-m-rh	HIP-head-l-rh	HIP-body-rh	HIP-tail-rh	THA-VPm-rh	THA-VPl-rh	THA-VAi-rh	THA-VAs-rh	THA-DAm-rh	THA-DAl-rh	PUT-VA-rh	PUT-DA-rh	PUT-VP-rh	PUT-DP-rh	CAU-VA-rh	CAU-DA-rh	CAU-body-rh	CAU-tail-rh	lAMY-rh	mAMY-rh	THA-DP-rh	NAc-shell-rh	NAc-core-rh	pGP-rh	aGP-rh	HIP-head-m-lh	HIP-head-l-l	HIP-body-l	HIP-tail-lh	THA-VPm-lh	THA-VPl-lh	THA-VAi-lh	THA-VAs-lh	THA-DAm-lh	THA-DAl-lh	PUT-VA-lh	PUT-DA-l	PUT-VP-lh	PUT-DP-lh	CAU-VA-lh	CAU-DA-lh	CAU-body-lh	CAU-tail-lh	lAMY-lh	mAMY-lh	THA-DP-lh	NAc-shell-lh	NAc-core-lh	pGP-lh	aGP-lh
0.15670117735862732	0.1839480847120285	0.1656373143196106	0.15413454174995422	0.14395545423030853	0.17410606145858765	0.12708038091659546	0.15053048729896545	0.16127440333366394	0.1566794216632843	0.15020406246185303	0.13767781853675842	0.2353212982416153	0.3013526201248169	0.1775200366973877	0.16493014991283417	0.19965772330760956	0.16819006204605103	0.148935005068779	0.1435454785823822	0.1184772253036499	0.1810130625963211	0.20104074478149414	0.19849325716495514	0.15166208148002625	0.16754350066184998	0.17513208091259003	0.15658418834209442	0.14279696345329285	0.13058647513389587	0.16516129672527313	0.13537512719631195	0.1598745733499527	0.15681825578212738	0.13431230187416077	0.14391756057739258	0.15390664339065552	0.14446799457073212	0.1688966155052185	0.19383621215820312	0.17200303077697754	0.19490699470043182	0.16935798525810242	0.16625016927719116	0.154689222574234	0.13150669634342194	0.1523330807685852	0.18508242070674896	0.12954574823379517	0.14513105154037476
