HIP-head-m-rh	HIP-head-l-rh	HIP-body-rh	HIP-tail-rh	THA-VPm-rh	THA-VPl-rh	THA-VAi-rh	THA-VAs-rh	THA-DAm-rh	THA-DAl-rh	PUT-VA-rh	PUT-DA-rh	PUT-VP-rh	PUT-DP-rh	CAU-VA-rh	CAU-DA-rh	CAU-body-rh	CAU-tail-rh	lAMY-rh	mAMY-rh	THA-DP-rh	NAc-shell-rh	NAc-core-rh	pGP-rh	aGP-rh	HIP-head-m-lh	HIP-head-l-l	HIP-body-l	HIP-tail-lh	THA-VPm-lh	THA-VPl-lh	THA-VAi-lh	THA-VAs-lh	THA-DAm-lh	THA-DAl-lh	PUT-VA-lh	PUT-DA-l	PUT-VP-lh	PUT-DP-lh	CAU-VA-lh	CAU-DA-lh	CAU-body-lh	CAU-tail-lh	lAMY-lh	mAMY-lh	THA-DP-lh	NAc-shell-lh	NAc-core-lh	pGP-lh	aGP-lh
0.15545997023582458	0.1402287781238556	0.13847631216049194	0.1448156237602234	0.10422499477863312	0.11126334220170975	0.12236946821212769	0.14784151315689087	0.13733094930648804	0.12982887029647827	0.14508038759231567	0.17453284561634064	0.14822760224342346	0.1572495549917221	0.15773819386959076	0.16233937442302704	0.22270402312278748	0.1979881227016449	0.12492134422063828	0.13895264267921448	0.11693871766328812	0.13017965853214264	0.1524207442998886	0.11075142025947571	0.11413006484508514	0.17036618292331696	0.15087592601776123	0.14181335270404816	0.11853541433811188	0.12300320714712143	0.12514136731624603	0.10959526151418686	0.12199938297271729	0.1664552539587021	0.13220837712287903	0.16962547600269318	0.15181784331798553	0.13172735273838043	0.16394084692001343	0.17170359194278717	0.17777281999588013	0.17445144057273865	0.22268517315387726	0.12453434616327286	0.14554673433303833	0.12306136637926102	0.13108445703983307	0.15994110703468323	0.10008222609758377	0.11634404957294464
