HIP-head-m-rh	HIP-head-l-rh	HIP-body-rh	HIP-tail-rh	THA-VPm-rh	THA-VPl-rh	THA-VAi-rh	THA-VAs-rh	THA-DAm-rh	THA-DAl-rh	PUT-VA-rh	PUT-DA-rh	PUT-VP-rh	PUT-DP-rh	CAU-VA-rh	CAU-DA-rh	CAU-body-rh	CAU-tail-rh	lAMY-rh	mAMY-rh	THA-DP-rh	NAc-shell-rh	NAc-core-rh	pGP-rh	aGP-rh	HIP-head-m-lh	HIP-head-l-l	HIP-body-l	HIP-tail-lh	THA-VPm-lh	THA-VPl-lh	THA-VAi-lh	THA-VAs-lh	THA-DAm-lh	THA-DAl-lh	PUT-VA-lh	PUT-DA-l	PUT-VP-lh	PUT-DP-lh	CAU-VA-lh	CAU-DA-lh	CAU-body-lh	CAU-tail-lh	lAMY-lh	mAMY-lh	THA-DP-lh	NAc-shell-lh	NAc-core-lh	pGP-lh	aGP-lh
0.323346883058548	0.276216596364975	0.26260456442832947	0.26575854420661926	0.2707896828651428	0.24803230166435242	0.29311951994895935	0.27914857864379883	0.2608840763568878	0.2707439661026001	0.2944757342338562	0.2892361879348755	0.2720614969730377	0.27118608355522156	0.30197370052337646	0.29944199323654175	0.29040011763572693	0.281258761882782	0.4002198576927185	0.36222511529922485	0.26075172424316406	0.4272609353065491	0.289852499961853	0.254535973072052	0.26990699768066406	0.37257829308509827	0.3472421169281006	0.2677830457687378	0.2503013610839844	0.2667548656463623	0.24178732931613922	0.29712966084480286	0.2770285904407501	0.287157267332077	0.2667575478553772	0.3123355805873871	0.29100027680397034	0.32887500524520874	0.33654940128326416	0.3289237320423126	0.2885527014732361	0.28723761439323425	0.2964542806148529	0.47441190481185913	0.37656861543655396	0.25329917669296265	0.35126930475234985	0.2990856170654297	0.25624069571495056	0.2814227342605591
