DMN_LABEL_1	Vis_LABEL_2	FP_LABEL_3	Aud_LABEL_4	Tpole_LABEL_5	PMN_LABEL_6	PON_LABEL_7	MTL_LABEL_8	PON_LABEL_9	CO_LABEL_10	Sal_LABEL_11	CO_LABEL_12	SMd_LABEL_13	SMl_LABEL_14	DAN_LABEL_15	DMN_LABEL_16	CO_LABEL_17	DMN_LABEL_18	VAN_LABEL_19	CO_LABEL_20	CO_LABEL_21	Sal_LABEL_22	DAN_LABEL_23	PMN_LABEL_24	DAN_LABEL_25	DMN_LABEL_26	DMN_LABEL_27	DMN_LABEL_28	Vis_LABEL_29	FP_LABEL_30	Aud_LABEL_31	Tpole_LABEL_32	PMN_LABEL_33	PON_LABEL_34	MTL_LABEL_35	CO_LABEL_36	Sal_LABEL_37	CO_LABEL_38	SMd_LABEL_39	SMl_LABEL_40	DAN_LABEL_41	CO_LABEL_42	VAN_LABEL_43	CO_LABEL_44	CO_LABEL_45	Sal_LABEL_46	DAN_LABEL_47	PMN_LABEL_48	DAN_LABEL_49	DMN_LABEL_50	FP_LABEL_51	DMN_LABEL_52	DMN_LABEL_53	PON_LABEL_54	DMN_LABEL_55	Tpole_LABEL_56	Tpole_LABEL_57	Sal_LABEL_58	Sal_LABEL_59	SMd_LABEL_60	DAN_LABEL_61	FP_LABEL_62	DMN_LABEL_63	FP_LABEL_64	FP_LABEL_65	SMd_LABEL_66	SMl_LABEL_67	SMd_LABEL_68	DMN_LABEL_69	DAN_LABEL_70	DMN_LABEL_71	FP_LABEL_72	SMd_LABEL_73	SMl_LABEL_74	MTL_LABEL_75	MTL_LABEL_76	CO_LABEL_77	CO_LABEL_78	Vis_LABEL_79	Vis_LABEL_80
0.5252697467803955	0.6774462461471558	0.2586803436279297	0.28965115547180176	n/a	0.2817333936691284	0.38653814792633057	n/a	n/a	0.34580671787261963	0.3871096968650818	0.3448132574558258	0.29015910625457764	0.31886163353919983	0.2468637228012085	0.3471359610557556	0.37908825278282166	n/a	0.3518127501010895	0.2282581478357315	0.34431228041648865	0.6051941514015198	0.60706627368927	0.7257148623466492	0.4147830307483673	0.9365577697753906	0.25648364424705505	0.283671110868454	n/a	0.4880513548851013	0.3482445180416107	n/a	0.1918313354253769	0.4796218276023865	n/a	0.181635320186615	0.19130119681358337	0.23495054244995117	0.4364475607872009	0.6903386116027832	0.6301705837249756	0.5537389516830444	0.2561788260936737	n/a	0.5400969386100769	n/a	0.4054662585258484	0.359407514333725	n/a	0.4743625521659851	0.5870095491409302	0.8512599468231201	n/a	n/a	0.37115514278411865	n/a	n/a	1.0048599243164062	0.5780185461044312	n/a	n/a	n/a	n/a	n/a	n/a	n/a	n/a	n/a	n/a	n/a	n/a	n/a	n/a	n/a	n/a	n/a	1.255537986755371	n/a	n/a	n/a
