HIP-head-m-rh	HIP-head-l-rh	HIP-body-rh	HIP-tail-rh	THA-VPm-rh	THA-VPl-rh	THA-VAi-rh	THA-VAs-rh	THA-DAm-rh	THA-DAl-rh	PUT-VA-rh	PUT-DA-rh	PUT-VP-rh	PUT-DP-rh	CAU-VA-rh	CAU-DA-rh	CAU-body-rh	CAU-tail-rh	lAMY-rh	mAMY-rh	THA-DP-rh	NAc-shell-rh	NAc-core-rh	pGP-rh	aGP-rh	HIP-head-m-lh	HIP-head-l-l	HIP-body-l	HIP-tail-lh	THA-VPm-lh	THA-VPl-lh	THA-VAi-lh	THA-VAs-lh	THA-DAm-lh	THA-DAl-lh	PUT-VA-lh	PUT-DA-l	PUT-VP-lh	PUT-DP-lh	CAU-VA-lh	CAU-DA-lh	CAU-body-lh	CAU-tail-lh	lAMY-lh	mAMY-lh	THA-DP-lh	NAc-shell-lh	NAc-core-lh	pGP-lh	aGP-lh
0.13386833667755127	0.14511434733867645	0.15317709743976593	0.23116198182106018	0.1607562005519867	0.14007942378520966	0.17901501059532166	0.1851973980665207	0.17660079896450043	0.17235828936100006	0.2062011957168579	0.17042036354541779	0.14544545114040375	0.15786203742027283	0.23754426836967468	0.2114383429288864	0.22298239171504974	0.23041373491287231	0.09762163460254669	0.1450946182012558	0.16864949464797974	0.14555123448371887	0.20323286950588226	0.12775865197181702	0.16915678977966309	0.15402349829673767	0.15533529222011566	0.13670121133327484	0.16782991588115692	0.13362787663936615	0.16249391436576843	0.23379577696323395	0.26394060254096985	0.18153530359268188	0.17933279275894165	0.18095137178897858	0.19191110134124756	0.1993979662656784	0.21140386164188385	0.26104363799095154	0.2548397481441498	0.20674335956573486	0.23117181658744812	0.1789545714855194	0.18568003177642822	0.14072518050670624	0.18293914198875427	0.22520940005779266	0.15313087403774261	0.13664954900741577
