HIP-head-m-rh	HIP-head-l-rh	HIP-body-rh	HIP-tail-rh	THA-VPm-rh	THA-VPl-rh	THA-VAi-rh	THA-VAs-rh	THA-DAm-rh	THA-DAl-rh	PUT-VA-rh	PUT-DA-rh	PUT-VP-rh	PUT-DP-rh	CAU-VA-rh	CAU-DA-rh	CAU-body-rh	CAU-tail-rh	lAMY-rh	mAMY-rh	THA-DP-rh	NAc-shell-rh	NAc-core-rh	pGP-rh	aGP-rh	HIP-head-m-lh	HIP-head-l-l	HIP-body-l	HIP-tail-lh	THA-VPm-lh	THA-VPl-lh	THA-VAi-lh	THA-VAs-lh	THA-DAm-lh	THA-DAl-lh	PUT-VA-lh	PUT-DA-l	PUT-VP-lh	PUT-DP-lh	CAU-VA-lh	CAU-DA-lh	CAU-body-lh	CAU-tail-lh	lAMY-lh	mAMY-lh	THA-DP-lh	NAc-shell-lh	NAc-core-lh	pGP-lh	aGP-lh
0.5513940453529358	0.4758351147174835	0.3610294461250305	0.30964794754981995	0.36265838146209717	0.3471698760986328	0.3896355926990509	0.3136020302772522	0.33207055926322937	0.27723175287246704	0.35344845056533813	0.3605695962905884	0.3986136317253113	0.2994309961795807	0.32331228256225586	0.2845454216003418	0.3089683949947357	0.29152578115463257	0.561309278011322	0.5479835271835327	0.39612826704978943	0.41670286655426025	0.26857098937034607	0.3730025291442871	0.39246490597724915	0.6738794445991516	0.3832888901233673	0.3856222927570343	0.32003483176231384	0.3611218333244324	0.27446267008781433	0.5211848020553589	0.4176127314567566	0.30471086502075195	0.2997515797615051	0.2987368404865265	0.32721343636512756	0.3953690826892853	0.28566378355026245	0.2976202666759491	0.2751125693321228	0.3258631229400635	0.30434301495552063	0.48725688457489014	0.5545145273208618	0.3170318007469177	0.32793402671813965	0.2642672061920166	0.3446394205093384	0.3387955129146576
