HIP-head-m-rh	HIP-head-l-rh	HIP-body-rh	HIP-tail-rh	THA-VPm-rh	THA-VPl-rh	THA-VAi-rh	THA-VAs-rh	THA-DAm-rh	THA-DAl-rh	PUT-VA-rh	PUT-DA-rh	PUT-VP-rh	PUT-DP-rh	CAU-VA-rh	CAU-DA-rh	CAU-body-rh	CAU-tail-rh	lAMY-rh	mAMY-rh	THA-DP-rh	NAc-shell-rh	NAc-core-rh	pGP-rh	aGP-rh	HIP-head-m-lh	HIP-head-l-l	HIP-body-l	HIP-tail-lh	THA-VPm-lh	THA-VPl-lh	THA-VAi-lh	THA-VAs-lh	THA-DAm-lh	THA-DAl-lh	PUT-VA-lh	PUT-DA-l	PUT-VP-lh	PUT-DP-lh	CAU-VA-lh	CAU-DA-lh	CAU-body-lh	CAU-tail-lh	lAMY-lh	mAMY-lh	THA-DP-lh	NAc-shell-lh	NAc-core-lh	pGP-lh	aGP-lh
0.38901326060295105	0.3341747224330902	0.2769882082939148	0.27198800444602966	0.2805982828140259	0.35674789547920227	0.3755696713924408	0.2757921516895294	0.28183606266975403	0.2731415331363678	0.3113744854927063	0.31071028113365173	0.30016088485717773	0.28664299845695496	0.309513121843338	0.26815566420555115	0.2896314859390259	0.26347431540489197	0.4856627285480499	0.5079066157341003	0.27839040756225586	0.3896310031414032	0.2742641866207123	0.29415884613990784	0.3044079542160034	0.5534586310386658	0.3708474338054657	0.2690713107585907	0.26022669672966003	0.30575692653656006	0.27983203530311584	0.32658934593200684	0.28178805112838745	0.2886624336242676	0.25488123297691345	0.31222590804100037	0.3290855586528778	0.3124428391456604	0.2802985608577728	0.28469571471214294	0.2594040334224701	0.27119407057762146	0.25594887137413025	0.4637681543827057	0.48349228501319885	0.2744506895542145	0.3053634464740753	0.2736789584159851	0.2960275113582611	0.2994857132434845
