HIP-head-m-rh	HIP-head-l-rh	HIP-body-rh	HIP-tail-rh	THA-VPm-rh	THA-VPl-rh	THA-VAi-rh	THA-VAs-rh	THA-DAm-rh	THA-DAl-rh	PUT-VA-rh	PUT-DA-rh	PUT-VP-rh	PUT-DP-rh	CAU-VA-rh	CAU-DA-rh	CAU-body-rh	CAU-tail-rh	lAMY-rh	mAMY-rh	THA-DP-rh	NAc-shell-rh	NAc-core-rh	pGP-rh	aGP-rh	HIP-head-m-lh	HIP-head-l-l	HIP-body-l	HIP-tail-lh	THA-VPm-lh	THA-VPl-lh	THA-VAi-lh	THA-VAs-lh	THA-DAm-lh	THA-DAl-lh	PUT-VA-lh	PUT-DA-l	PUT-VP-lh	PUT-DP-lh	CAU-VA-lh	CAU-DA-lh	CAU-body-lh	CAU-tail-lh	lAMY-lh	mAMY-lh	THA-DP-lh	NAc-shell-lh	NAc-core-lh	pGP-lh	aGP-lh
0.3323433995246887	0.2896769642829895	0.24380512535572052	0.23240357637405396	0.26031020283699036	0.2763616144657135	0.3190753757953644	0.2471918761730194	0.24779851734638214	0.23596888780593872	0.266189843416214	0.2693409025669098	0.2782112658023834	0.2572782337665558	0.2723188102245331	0.2319488376379013	0.27389848232269287	0.22713740170001984	0.3606158196926117	0.4287872910499573	0.2434677928686142	0.3075374364852905	0.22313855588436127	0.26043251156806946	0.26966679096221924	0.3820565640926361	0.30137619376182556	0.2532229721546173	0.23554979264736176	0.2829991281032562	0.25087791681289673	0.29584529995918274	0.2573133111000061	0.2626460790634155	0.23962077498435974	0.2623443305492401	0.27335312962532043	0.2684555649757385	0.2438008189201355	0.2521304190158844	0.2435278594493866	0.23843877017498016	0.22328786551952362	0.3659061789512634	0.40075138211250305	0.24831844866275787	0.26433536410331726	0.23525632917881012	0.26427167654037476	0.2571457326412201
