HIP-head-m-rh	HIP-head-l-rh	HIP-body-rh	HIP-tail-rh	THA-VPm-rh	THA-VPl-rh	THA-VAi-rh	THA-VAs-rh	THA-DAm-rh	THA-DAl-rh	PUT-VA-rh	PUT-DA-rh	PUT-VP-rh	PUT-DP-rh	CAU-VA-rh	CAU-DA-rh	CAU-body-rh	CAU-tail-rh	lAMY-rh	mAMY-rh	THA-DP-rh	NAc-shell-rh	NAc-core-rh	pGP-rh	aGP-rh	HIP-head-m-lh	HIP-head-l-l	HIP-body-l	HIP-tail-lh	THA-VPm-lh	THA-VPl-lh	THA-VAi-lh	THA-VAs-lh	THA-DAm-lh	THA-DAl-lh	PUT-VA-lh	PUT-DA-l	PUT-VP-lh	PUT-DP-lh	CAU-VA-lh	CAU-DA-lh	CAU-body-lh	CAU-tail-lh	lAMY-lh	mAMY-lh	THA-DP-lh	NAc-shell-lh	NAc-core-lh	pGP-lh	aGP-lh
0.13864240050315857	0.12730571627616882	0.12274548411369324	0.13489827513694763	0.10567048192024231	0.1365043967962265	0.11770323663949966	0.15009810030460358	0.12696729600429535	0.13463659584522247	0.12397991120815277	0.1381886750459671	0.15522190928459167	0.1472592055797577	0.15778511762619019	0.127405047416687	0.1309698075056076	0.13700522482395172	0.13957349956035614	0.12552495300769806	0.13207049667835236	0.11749251186847687	0.14750392735004425	0.11159023642539978	0.11150022596120834	0.13908280432224274	0.12689706683158875	0.11186861991882324	0.13554292917251587	0.12695346772670746	0.12496308982372284	0.11863664537668228	0.1520058512687683	0.13157036900520325	0.13471007347106934	0.13066205382347107	0.1400984823703766	0.13415765762329102	0.13342708349227905	0.18314407765865326	0.13243281841278076	0.15884849429130554	0.14228349924087524	0.1380787044763565	0.12412353605031967	0.11689157038927078	0.13038015365600586	0.1277962177991867	0.11200546473264694	0.10184681415557861
