HIP-head-m-rh	HIP-head-l-rh	HIP-body-rh	HIP-tail-rh	THA-VPm-rh	THA-VPl-rh	THA-VAi-rh	THA-VAs-rh	THA-DAm-rh	THA-DAl-rh	PUT-VA-rh	PUT-DA-rh	PUT-VP-rh	PUT-DP-rh	CAU-VA-rh	CAU-DA-rh	CAU-body-rh	CAU-tail-rh	lAMY-rh	mAMY-rh	THA-DP-rh	NAc-shell-rh	NAc-core-rh	pGP-rh	aGP-rh	HIP-head-m-lh	HIP-head-l-l	HIP-body-l	HIP-tail-lh	THA-VPm-lh	THA-VPl-lh	THA-VAi-lh	THA-VAs-lh	THA-DAm-lh	THA-DAl-lh	PUT-VA-lh	PUT-DA-l	PUT-VP-lh	PUT-DP-lh	CAU-VA-lh	CAU-DA-lh	CAU-body-lh	CAU-tail-lh	lAMY-lh	mAMY-lh	THA-DP-lh	NAc-shell-lh	NAc-core-lh	pGP-lh	aGP-lh
0.3882966637611389	0.3649771809577942	0.2853321433067322	0.2656947374343872	0.26394665241241455	0.264303058385849	0.28512895107269287	0.29238662123680115	0.27656716108322144	0.26419690251350403	0.3336077034473419	0.3178674578666687	0.32010966539382935	0.30863866209983826	0.3373880386352539	0.33762168884277344	0.2751409113407135	0.2788170874118805	0.4261382222175598	0.47211578488349915	0.2833486497402191	0.4059780538082123	0.336625874042511	0.31924760341644287	0.30745163559913635	0.4119183421134949	0.3658081293106079	0.3174506425857544	0.2757071554660797	0.2766624093055725	0.26935693621635437	0.29928797483444214	0.2960897386074066	0.2803337574005127	0.2649766206741333	0.35024434328079224	0.3205176591873169	0.30406931042671204	0.3039851784706116	0.34754231572151184	0.3240847587585449	0.3047662675380707	0.2806229889392853	0.45066019892692566	0.4722902476787567	0.26674526929855347	0.3745543360710144	0.3372606039047241	0.2769920229911804	0.30038660764694214
