HIP-head-m-rh	HIP-head-l-rh	HIP-body-rh	HIP-tail-rh	THA-VPm-rh	THA-VPl-rh	THA-VAi-rh	THA-VAs-rh	THA-DAm-rh	THA-DAl-rh	PUT-VA-rh	PUT-DA-rh	PUT-VP-rh	PUT-DP-rh	CAU-VA-rh	CAU-DA-rh	CAU-body-rh	CAU-tail-rh	lAMY-rh	mAMY-rh	THA-DP-rh	NAc-shell-rh	NAc-core-rh	pGP-rh	aGP-rh	HIP-head-m-lh	HIP-head-l-l	HIP-body-l	HIP-tail-lh	THA-VPm-lh	THA-VPl-lh	THA-VAi-lh	THA-VAs-lh	THA-DAm-lh	THA-DAl-lh	PUT-VA-lh	PUT-DA-l	PUT-VP-lh	PUT-DP-lh	CAU-VA-lh	CAU-DA-lh	CAU-body-lh	CAU-tail-lh	lAMY-lh	mAMY-lh	THA-DP-lh	NAc-shell-lh	NAc-core-lh	pGP-lh	aGP-lh
0.15655924379825592	0.1403203010559082	0.13770680129528046	0.14425134658813477	0.12407732754945755	0.13386087119579315	0.14374494552612305	0.1641433984041214	0.1423681527376175	0.14856980741024017	0.1333373785018921	0.15445274114608765	0.1754722148180008	0.18318906426429749	0.18182608485221863	0.19788840413093567	0.20296920835971832	0.17633607983589172	0.12760958075523376	0.12001346796751022	0.1095605120062828	0.11583354324102402	0.16886870563030243	0.12959980964660645	0.12366458028554916	0.1246911883354187	0.13144584000110626	0.12928569316864014	0.13164840638637543	0.12790776789188385	0.12596645951271057	0.12774036824703217	0.1590588241815567	0.14180129766464233	0.12519770860671997	0.14125922322273254	0.13587352633476257	0.16919131577014923	0.16478589177131653	0.19454620778560638	0.18383082747459412	0.2093883901834488	0.19788087904453278	0.13726620376110077	0.12176648527383804	0.12120503932237625	0.14270314574241638	0.1445392519235611	0.11457560956478119	0.12639693915843964
