HIP-head-m-rh	HIP-head-l-rh	HIP-body-rh	HIP-tail-rh	THA-VPm-rh	THA-VPl-rh	THA-VAi-rh	THA-VAs-rh	THA-DAm-rh	THA-DAl-rh	PUT-VA-rh	PUT-DA-rh	PUT-VP-rh	PUT-DP-rh	CAU-VA-rh	CAU-DA-rh	CAU-body-rh	CAU-tail-rh	lAMY-rh	mAMY-rh	THA-DP-rh	NAc-shell-rh	NAc-core-rh	pGP-rh	aGP-rh	HIP-head-m-lh	HIP-head-l-l	HIP-body-l	HIP-tail-lh	THA-VPm-lh	THA-VPl-lh	THA-VAi-lh	THA-VAs-lh	THA-DAm-lh	THA-DAl-lh	PUT-VA-lh	PUT-DA-l	PUT-VP-lh	PUT-DP-lh	CAU-VA-lh	CAU-DA-lh	CAU-body-lh	CAU-tail-lh	lAMY-lh	mAMY-lh	THA-DP-lh	NAc-shell-lh	NAc-core-lh	pGP-lh	aGP-lh
0.32983067631721497	0.3477282226085663	0.2694851756095886	0.24083472788333893	0.2674908936023712	0.24643275141716003	0.2715797424316406	0.2665005326271057	0.2630283832550049	0.24554909765720367	0.29801231622695923	0.2734842896461487	0.28997763991355896	0.2687155306339264	0.2601100504398346	0.2551541030406952	0.2732545733451843	0.2535179853439331	0.3409191071987152	0.347101628780365	0.24680083990097046	0.33960792422294617	0.2691098153591156	0.27300652861595154	0.28172245621681213	0.2990787625312805	0.2639981806278229	0.2595151364803314	0.23195584118366241	0.2641620337963104	0.247773215174675	0.2752988040447235	0.27544206380844116	0.2658858001232147	0.26831692457199097	0.28274399042129517	0.2735368311405182	0.2590775191783905	0.2628355920314789	0.2628658413887024	0.2609724700450897	0.26680830121040344	0.27931326627731323	0.30326128005981445	0.3393672704696655	0.24265766143798828	0.3007119596004486	0.25553345680236816	0.2637534737586975	0.29113104939460754
