HIP-head-m-rh	HIP-head-l-rh	HIP-body-rh	HIP-tail-rh	THA-VPm-rh	THA-VPl-rh	THA-VAi-rh	THA-VAs-rh	THA-DAm-rh	THA-DAl-rh	PUT-VA-rh	PUT-DA-rh	PUT-VP-rh	PUT-DP-rh	CAU-VA-rh	CAU-DA-rh	CAU-body-rh	CAU-tail-rh	lAMY-rh	mAMY-rh	THA-DP-rh	NAc-shell-rh	NAc-core-rh	pGP-rh	aGP-rh	HIP-head-m-lh	HIP-head-l-l	HIP-body-l	HIP-tail-lh	THA-VPm-lh	THA-VPl-lh	THA-VAi-lh	THA-VAs-lh	THA-DAm-lh	THA-DAl-lh	PUT-VA-lh	PUT-DA-l	PUT-VP-lh	PUT-DP-lh	CAU-VA-lh	CAU-DA-lh	CAU-body-lh	CAU-tail-lh	lAMY-lh	mAMY-lh	THA-DP-lh	NAc-shell-lh	NAc-core-lh	pGP-lh	aGP-lh
0.14845527708530426	0.14047729969024658	0.1909891963005066	0.216683030128479	0.12189066410064697	0.14336726069450378	0.17314840853214264	0.17955279350280762	0.15553170442581177	0.16876676678657532	0.2283119410276413	0.20609910786151886	0.18346808850765228	0.20174308121204376	0.3047536611557007	0.2389049530029297	0.27587804198265076	0.2543417811393738	0.10274665802717209	0.1565372794866562	0.15966060757637024	0.2057407647371292	0.2140422910451889	0.147151380777359	0.1512819528579712	0.1406153291463852	0.1420055478811264	0.16196715831756592	0.22299887239933014	0.13367894291877747	0.15524731576442719	0.16812139749526978	0.19600392878055573	0.15610423684120178	0.18598026037216187	0.24756145477294922	0.21838462352752686	0.19379542768001556	0.20918138325214386	0.31284400820732117	0.2688217759132385	0.30600324273109436	0.29242128133773804	0.130204439163208	0.15823513269424438	0.1644599586725235	0.1985592097043991	0.2619749903678894	0.12604518234729767	0.13809482753276825
