HIP-head-m-rh	HIP-head-l-rh	HIP-body-rh	HIP-tail-rh	THA-VPm-rh	THA-VPl-rh	THA-VAi-rh	THA-VAs-rh	THA-DAm-rh	THA-DAl-rh	PUT-VA-rh	PUT-DA-rh	PUT-VP-rh	PUT-DP-rh	CAU-VA-rh	CAU-DA-rh	CAU-body-rh	CAU-tail-rh	lAMY-rh	mAMY-rh	THA-DP-rh	NAc-shell-rh	NAc-core-rh	pGP-rh	aGP-rh	HIP-head-m-lh	HIP-head-l-l	HIP-body-l	HIP-tail-lh	THA-VPm-lh	THA-VPl-lh	THA-VAi-lh	THA-VAs-lh	THA-DAm-lh	THA-DAl-lh	PUT-VA-lh	PUT-DA-l	PUT-VP-lh	PUT-DP-lh	CAU-VA-lh	CAU-DA-lh	CAU-body-lh	CAU-tail-lh	lAMY-lh	mAMY-lh	THA-DP-lh	NAc-shell-lh	NAc-core-lh	pGP-lh	aGP-lh
0.11460620164871216	0.12686491012573242	0.1284172087907791	0.1390913873910904	0.1049070730805397	0.09975054115056992	0.1251758635044098	0.12715476751327515	0.13481687009334564	0.1400454193353653	0.12210571020841599	0.13169248402118683	0.12967544794082642	0.11154171824455261	0.11636926233768463	0.14011450111865997	0.1351391226053238	0.17284323275089264	0.11739584803581238	0.11339066177606583	0.10322465747594833	0.09573213011026382	0.12445499747991562	0.11829374730587006	0.08767315000295639	0.0892074853181839	0.1113576665520668	0.11471633613109589	0.1273970901966095	0.12009943276643753	0.13200592994689941	0.15747526288032532	0.1483123004436493	0.20978018641471863	0.1303108185529709	0.09544557332992554	0.10869291424751282	0.18577654659748077	0.10661649703979492	0.1410173624753952	0.12343767285346985	0.1645876169204712	0.10937537997961044	0.10738576948642731	0.09799837321043015	0.11335895955562592	0.10222160816192627	0.12535002827644348	0.12364639341831207	0.09497431665658951
