HIP-head-m-rh	HIP-head-l-rh	HIP-body-rh	HIP-tail-rh	THA-VPm-rh	THA-VPl-rh	THA-VAi-rh	THA-VAs-rh	THA-DAm-rh	THA-DAl-rh	PUT-VA-rh	PUT-DA-rh	PUT-VP-rh	PUT-DP-rh	CAU-VA-rh	CAU-DA-rh	CAU-body-rh	CAU-tail-rh	lAMY-rh	mAMY-rh	THA-DP-rh	NAc-shell-rh	NAc-core-rh	pGP-rh	aGP-rh	HIP-head-m-lh	HIP-head-l-l	HIP-body-l	HIP-tail-lh	THA-VPm-lh	THA-VPl-lh	THA-VAi-lh	THA-VAs-lh	THA-DAm-lh	THA-DAl-lh	PUT-VA-lh	PUT-DA-l	PUT-VP-lh	PUT-DP-lh	CAU-VA-lh	CAU-DA-lh	CAU-body-lh	CAU-tail-lh	lAMY-lh	mAMY-lh	THA-DP-lh	NAc-shell-lh	NAc-core-lh	pGP-lh	aGP-lh
0.5429644584655762	0.31554996967315674	0.2770400643348694	0.2661484181880951	0.291579931974411	0.3128955066204071	0.3617863357067108	0.309946209192276	0.309734046459198	0.2987545132637024	0.32317110896110535	0.37373587489128113	0.45976775884628296	0.3831825256347656	0.29559922218322754	0.2655404806137085	0.30454131960868835	0.2868169844150543	0.38674935698509216	0.4746136963367462	0.2858904004096985	0.30285823345184326	0.2726272642612457	0.3239290714263916	0.2883548140525818	0.5005443096160889	0.4252447485923767	0.35537686944007874	0.2977069616317749	0.28946399688720703	0.31784480810165405	0.3948793411254883	0.3343721330165863	0.3223330080509186	0.2797744870185852	0.3056056797504425	0.35585957765579224	0.6597791910171509	0.412280410528183	0.30894735455513	0.27070367336273193	0.3248107135295868	0.28284206986427307	0.4372502565383911	0.48804864287376404	0.3043554127216339	0.28733718395233154	0.2772534489631653	0.3418654501438141	0.29360729455947876
