HIP-head-m-rh	HIP-head-l-rh	HIP-body-rh	HIP-tail-rh	THA-VPm-rh	THA-VPl-rh	THA-VAi-rh	THA-VAs-rh	THA-DAm-rh	THA-DAl-rh	PUT-VA-rh	PUT-DA-rh	PUT-VP-rh	PUT-DP-rh	CAU-VA-rh	CAU-DA-rh	CAU-body-rh	CAU-tail-rh	lAMY-rh	mAMY-rh	THA-DP-rh	NAc-shell-rh	NAc-core-rh	pGP-rh	aGP-rh	HIP-head-m-lh	HIP-head-l-l	HIP-body-l	HIP-tail-lh	THA-VPm-lh	THA-VPl-lh	THA-VAi-lh	THA-VAs-lh	THA-DAm-lh	THA-DAl-lh	PUT-VA-lh	PUT-DA-l	PUT-VP-lh	PUT-DP-lh	CAU-VA-lh	CAU-DA-lh	CAU-body-lh	CAU-tail-lh	lAMY-lh	mAMY-lh	THA-DP-lh	NAc-shell-lh	NAc-core-lh	pGP-lh	aGP-lh
0.08578146249055862	0.10675761103630066	0.13506676256656647	0.15007182955741882	0.09836383908987045	0.10150504112243652	0.11293574422597885	0.11154070496559143	0.1268545687198639	0.12509071826934814	0.16170457005500793	0.14145363867282867	0.1319345235824585	0.1248592808842659	0.15510673820972443	0.13157324492931366	0.1392398476600647	0.17769171297550201	0.0959005206823349	0.08908741921186447	0.12353618443012238	0.11689742654561996	0.1269475221633911	0.11915295571088791	0.10286957770586014	0.10143780708312988	0.12183786183595657	0.12319805473089218	0.11922535300254822	0.10028795897960663	0.10406891256570816	0.11003907769918442	0.12179603427648544	0.1275295913219452	0.11893093585968018	0.14960090816020966	0.1683233678340912	0.12361221015453339	0.14754606783390045	0.18030768632888794	0.145244762301445	0.1456991583108902	0.13544084131717682	0.09612062573432922	0.0981929749250412	0.10085447132587433	0.1012842208147049	0.13062959909439087	0.10555862635374069	0.10679689794778824
