HIP-head-m-rh	HIP-head-l-rh	HIP-body-rh	HIP-tail-rh	THA-VPm-rh	THA-VPl-rh	THA-VAi-rh	THA-VAs-rh	THA-DAm-rh	THA-DAl-rh	PUT-VA-rh	PUT-DA-rh	PUT-VP-rh	PUT-DP-rh	CAU-VA-rh	CAU-DA-rh	CAU-body-rh	CAU-tail-rh	lAMY-rh	mAMY-rh	THA-DP-rh	NAc-shell-rh	NAc-core-rh	pGP-rh	aGP-rh	HIP-head-m-lh	HIP-head-l-l	HIP-body-l	HIP-tail-lh	THA-VPm-lh	THA-VPl-lh	THA-VAi-lh	THA-VAs-lh	THA-DAm-lh	THA-DAl-lh	PUT-VA-lh	PUT-DA-l	PUT-VP-lh	PUT-DP-lh	CAU-VA-lh	CAU-DA-lh	CAU-body-lh	CAU-tail-lh	lAMY-lh	mAMY-lh	THA-DP-lh	NAc-shell-lh	NAc-core-lh	pGP-lh	aGP-lh
0.11363678425550461	0.1254887878894806	0.11942651867866516	0.13754987716674805	0.11427446454763412	0.1047346368432045	0.10489469766616821	0.14336295425891876	0.1399916112422943	0.13776364922523499	0.1421201229095459	0.15419457852840424	0.1404869556427002	0.13988003134727478	0.13821792602539062	0.13157106935977936	0.1250825673341751	0.1464119404554367	0.13255664706230164	0.11213680356740952	0.10932391881942749	0.12258685380220413	0.1986638456583023	0.09586776793003082	0.10764798521995544	0.11080168932676315	0.12706279754638672	0.14150214195251465	0.11629343777894974	0.11207350343465805	0.10651218891143799	0.1061311662197113	0.12406308203935623	0.15951091051101685	0.13418012857437134	0.1462308168411255	0.14956584572792053	0.11140105128288269	0.12315831333398819	0.15564578771591187	0.1162320077419281	0.14318633079528809	0.16528654098510742	0.14361421763896942	0.12527601420879364	0.1064925417304039	0.12290265411138535	0.18321774899959564	0.10075898468494415	0.10934430360794067
