HIP-head-m-rh	HIP-head-l-rh	HIP-body-rh	HIP-tail-rh	THA-VPm-rh	THA-VPl-rh	THA-VAi-rh	THA-VAs-rh	THA-DAm-rh	THA-DAl-rh	PUT-VA-rh	PUT-DA-rh	PUT-VP-rh	PUT-DP-rh	CAU-VA-rh	CAU-DA-rh	CAU-body-rh	CAU-tail-rh	lAMY-rh	mAMY-rh	THA-DP-rh	NAc-shell-rh	NAc-core-rh	pGP-rh	aGP-rh	HIP-head-m-lh	HIP-head-l-l	HIP-body-l	HIP-tail-lh	THA-VPm-lh	THA-VPl-lh	THA-VAi-lh	THA-VAs-lh	THA-DAm-lh	THA-DAl-lh	PUT-VA-lh	PUT-DA-l	PUT-VP-lh	PUT-DP-lh	CAU-VA-lh	CAU-DA-lh	CAU-body-lh	CAU-tail-lh	lAMY-lh	mAMY-lh	THA-DP-lh	NAc-shell-lh	NAc-core-lh	pGP-lh	aGP-lh
0.3464885950088501	0.2693425118923187	0.28331783413887024	0.2644088864326477	0.2714479863643646	0.26140403747558594	0.28298473358154297	0.2723957300186157	0.2590163052082062	0.25920534133911133	0.31877559423446655	0.3103892505168915	0.2966153919696808	0.2850086987018585	0.29903414845466614	0.3074747323989868	0.2755919098854065	0.2570847272872925	0.5537082552909851	0.563291609287262	0.2602272629737854	0.34988561272621155	0.37050411105155945	0.2790560722351074	0.2881520092487335	0.4039125144481659	0.31346407532691956	0.2827705144882202	0.2546376883983612	0.2917276620864868	0.26083633303642273	0.2898273468017578	0.26984110474586487	0.27117425203323364	0.27654021978378296	0.33384740352630615	0.33795997500419617	0.28705736994743347	0.30059632658958435	0.3045823276042938	0.3072390556335449	0.27555328607559204	0.25849536061286926	0.6507039666175842	0.5051752328872681	0.2557496428489685	0.3277040421962738	0.35501617193222046	0.2803337574005127	0.3064461350440979
