HIP-head-m-rh	HIP-head-l-rh	HIP-body-rh	HIP-tail-rh	THA-VPm-rh	THA-VPl-rh	THA-VAi-rh	THA-VAs-rh	THA-DAm-rh	THA-DAl-rh	PUT-VA-rh	PUT-DA-rh	PUT-VP-rh	PUT-DP-rh	CAU-VA-rh	CAU-DA-rh	CAU-body-rh	CAU-tail-rh	lAMY-rh	mAMY-rh	THA-DP-rh	NAc-shell-rh	NAc-core-rh	pGP-rh	aGP-rh	HIP-head-m-lh	HIP-head-l-l	HIP-body-l	HIP-tail-lh	THA-VPm-lh	THA-VPl-lh	THA-VAi-lh	THA-VAs-lh	THA-DAm-lh	THA-DAl-lh	PUT-VA-lh	PUT-DA-l	PUT-VP-lh	PUT-DP-lh	CAU-VA-lh	CAU-DA-lh	CAU-body-lh	CAU-tail-lh	lAMY-lh	mAMY-lh	THA-DP-lh	NAc-shell-lh	NAc-core-lh	pGP-lh	aGP-lh
0.31612247228622437	0.2896963953971863	0.2673811614513397	0.2300557792186737	0.279358446598053	0.24406513571739197	0.2614840269088745	0.24800202250480652	0.25120794773101807	0.22434477508068085	0.2536308765411377	0.23691515624523163	0.2622421383857727	0.2332853078842163	0.22863544523715973	0.2027561068534851	0.2272016555070877	0.25587114691734314	0.30198797583580017	0.38509348034858704	0.2548171877861023	0.2645968496799469	0.20859821140766144	0.2591097950935364	0.26976850628852844	0.2797386348247528	0.25668227672576904	0.24098719656467438	0.22413738071918488	0.286276251077652	0.24462150037288666	0.28159376978874207	0.24826127290725708	0.231145977973938	0.21564964950084686	0.2382190078496933	0.22621901333332062	0.23708292841911316	0.22141969203948975	0.2421765923500061	0.20328275859355927	0.23429900407791138	0.21897558867931366	0.2901517450809479	0.33927419781684875	0.255458801984787	0.24243539571762085	0.20151330530643463	0.25003671646118164	0.245175302028656
