HIP-head-m-rh	HIP-head-l-rh	HIP-body-rh	HIP-tail-rh	THA-VPm-rh	THA-VPl-rh	THA-VAi-rh	THA-VAs-rh	THA-DAm-rh	THA-DAl-rh	PUT-VA-rh	PUT-DA-rh	PUT-VP-rh	PUT-DP-rh	CAU-VA-rh	CAU-DA-rh	CAU-body-rh	CAU-tail-rh	lAMY-rh	mAMY-rh	THA-DP-rh	NAc-shell-rh	NAc-core-rh	pGP-rh	aGP-rh	HIP-head-m-lh	HIP-head-l-l	HIP-body-l	HIP-tail-lh	THA-VPm-lh	THA-VPl-lh	THA-VAi-lh	THA-VAs-lh	THA-DAm-lh	THA-DAl-lh	PUT-VA-lh	PUT-DA-l	PUT-VP-lh	PUT-DP-lh	CAU-VA-lh	CAU-DA-lh	CAU-body-lh	CAU-tail-lh	lAMY-lh	mAMY-lh	THA-DP-lh	NAc-shell-lh	NAc-core-lh	pGP-lh	aGP-lh
0.8201512098312378	0.935349702835083	0.9037513732910156	0.7481996417045593	0.6922679543495178	0.5575976371765137	0.5355327725410461	0.6532419323921204	0.5409203171730042	0.42792990803718567	0.6326231956481934	0.560454785823822	0.5728859305381775	0.520605742931366	0.5985543727874756	0.5874431729316711	0.5683477520942688	0.6927506327629089	0.8867217302322388	1.1642626523971558	0.6160890460014343	0.6971555948257446	0.6819882392883301	0.5475904941558838	0.5430409908294678	0.8214194178581238	0.8531118631362915	0.7670772075653076	0.6822521090507507	0.8616617321968079	0.5471017956733704	0.5640655159950256	0.5770759582519531	0.509824812412262	0.41264310479164124	0.5887506008148193	0.5812990069389343	0.5413068532943726	0.45986491441726685	0.5660486817359924	0.565415620803833	0.5632517337799072	0.5096493363380432	0.8056491017341614	0.8584157228469849	0.6882679462432861	0.605349063873291	0.5922030806541443	0.563446044921875	0.557431697845459
