HIP-head-m-rh	HIP-head-l-rh	HIP-body-rh	HIP-tail-rh	THA-VPm-rh	THA-VPl-rh	THA-VAi-rh	THA-VAs-rh	THA-DAm-rh	THA-DAl-rh	PUT-VA-rh	PUT-DA-rh	PUT-VP-rh	PUT-DP-rh	CAU-VA-rh	CAU-DA-rh	CAU-body-rh	CAU-tail-rh	lAMY-rh	mAMY-rh	THA-DP-rh	NAc-shell-rh	NAc-core-rh	pGP-rh	aGP-rh	HIP-head-m-lh	HIP-head-l-l	HIP-body-l	HIP-tail-lh	THA-VPm-lh	THA-VPl-lh	THA-VAi-lh	THA-VAs-lh	THA-DAm-lh	THA-DAl-lh	PUT-VA-lh	PUT-DA-l	PUT-VP-lh	PUT-DP-lh	CAU-VA-lh	CAU-DA-lh	CAU-body-lh	CAU-tail-lh	lAMY-lh	mAMY-lh	THA-DP-lh	NAc-shell-lh	NAc-core-lh	pGP-lh	aGP-lh
0.30812549591064453	0.24917255342006683	0.26714059710502625	0.23887984454631805	0.22413678467273712	0.22161322832107544	0.2524403929710388	0.22513720393180847	0.21896997094154358	0.22925901412963867	0.267668753862381	0.263862669467926	0.23453809320926666	0.24223794043064117	0.23389510810375214	0.2198331654071808	0.24743019044399261	0.2211989313364029	0.2791849374771118	0.31578344106674194	0.22735944390296936	0.26402997970581055	0.25718954205513	0.24112065136432648	0.2508082985877991	0.2994178235530853	0.304622620344162	0.3253386616706848	0.22162790596485138	0.22974304854869843	0.23503142595291138	0.2580804228782654	0.23945783078670502	0.24452604353427887	0.22035744786262512	0.23845131695270538	0.25421416759490967	0.24172355234622955	0.22478851675987244	0.2413138896226883	0.26798737049102783	0.23647156357765198	0.265083909034729	0.2771258056163788	0.3058876395225525	0.23278909921646118	0.2528182864189148	0.22418749332427979	0.22822324931621552	0.23934341967105865
