DMN_LABEL_1	Vis_LABEL_2	FP_LABEL_3	Aud_LABEL_4	Tpole_LABEL_5	PMN_LABEL_6	PON_LABEL_7	MTL_LABEL_8	PON_LABEL_9	CO_LABEL_10	Sal_LABEL_11	CO_LABEL_12	SMd_LABEL_13	SMl_LABEL_14	DAN_LABEL_15	DMN_LABEL_16	CO_LABEL_17	DMN_LABEL_18	VAN_LABEL_19	CO_LABEL_20	CO_LABEL_21	Sal_LABEL_22	DAN_LABEL_23	PMN_LABEL_24	DAN_LABEL_25	DMN_LABEL_26	DMN_LABEL_27	DMN_LABEL_28	Vis_LABEL_29	FP_LABEL_30	Aud_LABEL_31	Tpole_LABEL_32	PMN_LABEL_33	PON_LABEL_34	MTL_LABEL_35	CO_LABEL_36	Sal_LABEL_37	CO_LABEL_38	SMd_LABEL_39	SMl_LABEL_40	DAN_LABEL_41	CO_LABEL_42	VAN_LABEL_43	CO_LABEL_44	CO_LABEL_45	Sal_LABEL_46	DAN_LABEL_47	PMN_LABEL_48	DAN_LABEL_49	DMN_LABEL_50	FP_LABEL_51	DMN_LABEL_52	DMN_LABEL_53	PON_LABEL_54	DMN_LABEL_55	Tpole_LABEL_56	Tpole_LABEL_57	Sal_LABEL_58	Sal_LABEL_59	SMd_LABEL_60	DAN_LABEL_61	FP_LABEL_62	DMN_LABEL_63	FP_LABEL_64	FP_LABEL_65	SMd_LABEL_66	SMl_LABEL_67	SMd_LABEL_68	DMN_LABEL_69	DAN_LABEL_70	DMN_LABEL_71	FP_LABEL_72	SMd_LABEL_73	SMl_LABEL_74	MTL_LABEL_75	MTL_LABEL_76	CO_LABEL_77	CO_LABEL_78	Vis_LABEL_79	Vis_LABEL_80
0.7128509283065796	0.7377004027366638	0.6771007776260376	0.6503589153289795	0.5091016888618469	0.6278874278068542	0.7245721817016602	n/a	0.6540144085884094	0.6048814654350281	0.5894491076469421	0.6142520904541016	0.7018035650253296	0.7857531309127808	0.736548125743866	0.7094410061836243	0.7038884162902832	0.6333649158477783	0.749504029750824	0.5963708162307739	0.6293641328811646	0.5249146223068237	0.6619724035263062	0.7934846878051758	0.7400445938110352	0.5376595854759216	0.655855119228363	0.6547340750694275	0.72054523229599	0.728018581867218	0.6412373185157776	0.5238111615180969	0.6552474498748779	0.680492103099823	n/a	0.613765299320221	0.5930954217910767	0.5849590301513672	0.6784797310829163	0.7486291527748108	0.7534122467041016	0.7341544032096863	0.6470184326171875	0.6081238985061646	0.6056240797042847	0.5567399263381958	0.6864301562309265	0.7233942747116089	0.6611767411231995	0.7030490636825562	0.589973509311676	0.555751621723175	0.5501622557640076	0.6079326868057251	0.5971071124076843	0.12823085486888885	0.17007675766944885	0.15689560770988464	0.1591966301202774	n/a	n/a	n/a	n/a	0.12845686078071594	0.09724412113428116	0.12941880524158478	0.10611516982316971	n/a	n/a	n/a	0.10215241461992264	0.22899815440177917	0.1312989592552185	0.12944553792476654	0.17713209986686707	0.16424067318439484	0.137497216463089	0.1642749309539795	0.20064151287078857	0.17569687962532043
