HIP-head-m-rh	HIP-head-l-rh	HIP-body-rh	HIP-tail-rh	THA-VPm-rh	THA-VPl-rh	THA-VAi-rh	THA-VAs-rh	THA-DAm-rh	THA-DAl-rh	PUT-VA-rh	PUT-DA-rh	PUT-VP-rh	PUT-DP-rh	CAU-VA-rh	CAU-DA-rh	CAU-body-rh	CAU-tail-rh	lAMY-rh	mAMY-rh	THA-DP-rh	NAc-shell-rh	NAc-core-rh	pGP-rh	aGP-rh	HIP-head-m-lh	HIP-head-l-l	HIP-body-l	HIP-tail-lh	THA-VPm-lh	THA-VPl-lh	THA-VAi-lh	THA-VAs-lh	THA-DAm-lh	THA-DAl-lh	PUT-VA-lh	PUT-DA-l	PUT-VP-lh	PUT-DP-lh	CAU-VA-lh	CAU-DA-lh	CAU-body-lh	CAU-tail-lh	lAMY-lh	mAMY-lh	THA-DP-lh	NAc-shell-lh	NAc-core-lh	pGP-lh	aGP-lh
0.109285369515419	0.12249114364385605	0.18919888138771057	0.20273607969284058	0.13902397453784943	0.11818724125623703	0.12977007031440735	0.15918521583080292	0.1586943417787552	0.16934458911418915	0.15261125564575195	0.15129268169403076	0.11958781629800797	0.11428368091583252	0.16167668998241425	0.19772084057331085	0.18907766044139862	0.17970798909664154	0.1145402193069458	0.09121536463499069	0.16653673350811005	0.1123487651348114	0.15223710238933563	0.12764285504817963	0.11815862357616425	0.1422821432352066	0.1356503814458847	0.20029890537261963	0.2133416384458542	0.15182551741600037	0.14246328175067902	0.12301871180534363	0.1278967261314392	0.15922625362873077	0.15742143988609314	0.12537910044193268	0.1595119833946228	0.1280098557472229	0.13662253320217133	0.15527628362178802	0.18195106089115143	0.2176653891801834	0.2097882628440857	0.09002099931240082	0.09582878649234772	0.17697475850582123	0.10982327163219452	0.13517192006111145	0.10941606014966965	0.11805811524391174
