HIP-head-m-rh	HIP-head-l-rh	HIP-body-rh	HIP-tail-rh	THA-VPm-rh	THA-VPl-rh	THA-VAi-rh	THA-VAs-rh	THA-DAm-rh	THA-DAl-rh	PUT-VA-rh	PUT-DA-rh	PUT-VP-rh	PUT-DP-rh	CAU-VA-rh	CAU-DA-rh	CAU-body-rh	CAU-tail-rh	lAMY-rh	mAMY-rh	THA-DP-rh	NAc-shell-rh	NAc-core-rh	pGP-rh	aGP-rh	HIP-head-m-lh	HIP-head-l-l	HIP-body-l	HIP-tail-lh	THA-VPm-lh	THA-VPl-lh	THA-VAi-lh	THA-VAs-lh	THA-DAm-lh	THA-DAl-lh	PUT-VA-lh	PUT-DA-l	PUT-VP-lh	PUT-DP-lh	CAU-VA-lh	CAU-DA-lh	CAU-body-lh	CAU-tail-lh	lAMY-lh	mAMY-lh	THA-DP-lh	NAc-shell-lh	NAc-core-lh	pGP-lh	aGP-lh
0.44549667835235596	0.5338091850280762	0.3949197828769684	0.2826503813266754	0.34413284063339233	0.27526891231536865	0.3907025158405304	0.3159433603286743	0.309821754693985	0.2839108407497406	0.3556109666824341	0.3226032555103302	0.3406917452812195	0.28163662552833557	0.3431738317012787	0.27903762459754944	0.33464324474334717	0.3135569989681244	0.36478474736213684	0.47832587361335754	0.32087934017181396	0.43260058760643005	0.3753634989261627	0.285179078578949	0.31314805150032043	0.4638112187385559	0.45274817943573	0.34811118245124817	0.2896198630332947	0.30501583218574524	0.29452529549598694	0.36557888984680176	0.31517645716667175	0.27879804372787476	0.28255200386047363	0.3467201888561249	0.3299078047275543	0.2896551787853241	0.2804083824157715	0.32429739832878113	0.2992364168167114	0.39630410075187683	0.33801475167274475	0.6375675797462463	0.5505411624908447	0.3106861114501953	0.3672163784503937	0.3488326966762543	0.2750394344329834	0.28659456968307495
