HIP-head-m-rh	HIP-head-l-rh	HIP-body-rh	HIP-tail-rh	THA-VPm-rh	THA-VPl-rh	THA-VAi-rh	THA-VAs-rh	THA-DAm-rh	THA-DAl-rh	PUT-VA-rh	PUT-DA-rh	PUT-VP-rh	PUT-DP-rh	CAU-VA-rh	CAU-DA-rh	CAU-body-rh	CAU-tail-rh	lAMY-rh	mAMY-rh	THA-DP-rh	NAc-shell-rh	NAc-core-rh	pGP-rh	aGP-rh	HIP-head-m-lh	HIP-head-l-l	HIP-body-l	HIP-tail-lh	THA-VPm-lh	THA-VPl-lh	THA-VAi-lh	THA-VAs-lh	THA-DAm-lh	THA-DAl-lh	PUT-VA-lh	PUT-DA-l	PUT-VP-lh	PUT-DP-lh	CAU-VA-lh	CAU-DA-lh	CAU-body-lh	CAU-tail-lh	lAMY-lh	mAMY-lh	THA-DP-lh	NAc-shell-lh	NAc-core-lh	pGP-lh	aGP-lh
0.15017734467983246	0.15997402369976044	0.17284312844276428	0.16225628554821014	0.1210942342877388	0.1343754529953003	0.11503781378269196	0.12980903685092926	0.14939668774604797	0.13131015002727509	0.1394656002521515	0.14231504499912262	0.15268045663833618	0.1376430094242096	0.24461770057678223	0.17855609953403473	0.17748717963695526	0.2318945974111557	0.1238987147808075	0.1401427686214447	0.13027448952198029	0.14159177243709564	0.1416744738817215	0.12108751386404037	0.10639240592718124	0.1362932026386261	0.14295387268066406	0.18566511571407318	0.17187325656414032	0.11099384725093842	0.1310574859380722	0.11062353104352951	0.12992368638515472	0.14618785679340363	0.1381964534521103	0.1464058756828308	0.18413826823234558	0.13227441906929016	0.14851774275302887	0.21431602537631989	0.1958809494972229	0.21291092038154602	0.1444810926914215	0.08979906141757965	0.14921890199184418	0.1285613477230072	0.14331696927547455	0.18895456194877625	0.1132444515824318	0.1189650148153305
