HIP-head-m-rh	HIP-head-l-rh	HIP-body-rh	HIP-tail-rh	THA-VPm-rh	THA-VPl-rh	THA-VAi-rh	THA-VAs-rh	THA-DAm-rh	THA-DAl-rh	PUT-VA-rh	PUT-DA-rh	PUT-VP-rh	PUT-DP-rh	CAU-VA-rh	CAU-DA-rh	CAU-body-rh	CAU-tail-rh	lAMY-rh	mAMY-rh	THA-DP-rh	NAc-shell-rh	NAc-core-rh	pGP-rh	aGP-rh	HIP-head-m-lh	HIP-head-l-l	HIP-body-l	HIP-tail-lh	THA-VPm-lh	THA-VPl-lh	THA-VAi-lh	THA-VAs-lh	THA-DAm-lh	THA-DAl-lh	PUT-VA-lh	PUT-DA-l	PUT-VP-lh	PUT-DP-lh	CAU-VA-lh	CAU-DA-lh	CAU-body-lh	CAU-tail-lh	lAMY-lh	mAMY-lh	THA-DP-lh	NAc-shell-lh	NAc-core-lh	pGP-lh	aGP-lh
0.4248662292957306	0.492860347032547	0.33978816866874695	0.3022776246070862	0.44679999351501465	0.3472564220428467	0.38752487301826477	0.32305750250816345	0.3286125659942627	0.3039110600948334	0.30453503131866455	0.3184538781642914	0.4581312835216522	0.31882205605506897	0.3392678499221802	0.28231295943260193	0.2899043560028076	0.3003339469432831	0.4588419795036316	0.6374242305755615	0.35392192006111145	0.3278217017650604	0.28021588921546936	0.3252686858177185	0.32400381565093994	0.4756568670272827	0.40303754806518555	0.366510272026062	0.2987689971923828	0.3717612624168396	0.30687451362609863	0.4755953252315521	0.3356887400150299	0.32562223076820374	0.3075328469276428	0.31415918469429016	0.32122841477394104	0.4057079553604126	0.3124765157699585	0.32667481899261475	0.30413711071014404	0.33335399627685547	0.31828582286834717	0.5633461475372314	0.5972285866737366	0.34065088629722595	0.3610333502292633	0.2991749048233032	0.30253395438194275	0.28116822242736816
