HIP-head-m-rh	HIP-head-l-rh	HIP-body-rh	HIP-tail-rh	THA-VPm-rh	THA-VPl-rh	THA-VAi-rh	THA-VAs-rh	THA-DAm-rh	THA-DAl-rh	PUT-VA-rh	PUT-DA-rh	PUT-VP-rh	PUT-DP-rh	CAU-VA-rh	CAU-DA-rh	CAU-body-rh	CAU-tail-rh	lAMY-rh	mAMY-rh	THA-DP-rh	NAc-shell-rh	NAc-core-rh	pGP-rh	aGP-rh	HIP-head-m-lh	HIP-head-l-l	HIP-body-l	HIP-tail-lh	THA-VPm-lh	THA-VPl-lh	THA-VAi-lh	THA-VAs-lh	THA-DAm-lh	THA-DAl-lh	PUT-VA-lh	PUT-DA-l	PUT-VP-lh	PUT-DP-lh	CAU-VA-lh	CAU-DA-lh	CAU-body-lh	CAU-tail-lh	lAMY-lh	mAMY-lh	THA-DP-lh	NAc-shell-lh	NAc-core-lh	pGP-lh	aGP-lh
0.33396005630493164	0.3646758794784546	0.27786239981651306	0.2688802182674408	0.2818116545677185	0.26227086782455444	0.28278112411499023	0.26226651668548584	0.2970276474952698	0.2664123475551605	0.29105058312416077	0.27844518423080444	0.2896081507205963	0.2762947976589203	0.28077664971351624	0.25934091210365295	0.2751120328903198	0.2774088978767395	0.3365274667739868	0.3607773184776306	0.2723102867603302	0.3047826290130615	0.2728707194328308	0.2736157476902008	0.2870912253856659	0.36496710777282715	0.3624475598335266	0.28222471475601196	0.2852481007575989	0.3061833679676056	0.27735400199890137	0.30931124091148376	0.2804137170314789	0.28690454363822937	0.272066593170166	0.2969633638858795	0.2850368320941925	0.29733943939208984	0.2684705853462219	0.3025171756744385	0.25629130005836487	0.299971342086792	0.25591978430747986	0.34873875975608826	0.39245715737342834	0.26630929112434387	0.3191913664340973	0.2608378827571869	0.2886067032814026	0.28546610474586487
