HIP-head-m-rh	HIP-head-l-rh	HIP-body-rh	HIP-tail-rh	THA-VPm-rh	THA-VPl-rh	THA-VAi-rh	THA-VAs-rh	THA-DAm-rh	THA-DAl-rh	PUT-VA-rh	PUT-DA-rh	PUT-VP-rh	PUT-DP-rh	CAU-VA-rh	CAU-DA-rh	CAU-body-rh	CAU-tail-rh	lAMY-rh	mAMY-rh	THA-DP-rh	NAc-shell-rh	NAc-core-rh	pGP-rh	aGP-rh	HIP-head-m-lh	HIP-head-l-l	HIP-body-l	HIP-tail-lh	THA-VPm-lh	THA-VPl-lh	THA-VAi-lh	THA-VAs-lh	THA-DAm-lh	THA-DAl-lh	PUT-VA-lh	PUT-DA-l	PUT-VP-lh	PUT-DP-lh	CAU-VA-lh	CAU-DA-lh	CAU-body-lh	CAU-tail-lh	lAMY-lh	mAMY-lh	THA-DP-lh	NAc-shell-lh	NAc-core-lh	pGP-lh	aGP-lh
0.33546334505081177	0.31927382946014404	0.4549311697483063	0.27137815952301025	0.2854406535625458	0.2861110270023346	0.3380813002586365	0.29042643308639526	0.3011057376861572	0.25475502014160156	0.32801148295402527	0.3296442925930023	0.3660138249397278	0.29222753643989563	0.32495954632759094	0.2671104669570923	0.2651985287666321	0.2926486134529114	0.3385389447212219	0.3668443262577057	0.30370214581489563	0.34501591324806213	0.3041284382343292	0.3088987171649933	0.43396833539009094	0.37085840106010437	0.38714897632598877	0.5695485472679138	0.28391480445861816	0.33273524045944214	0.28347837924957275	0.3662460148334503	0.3173205554485321	0.29301130771636963	0.2615714967250824	0.3512406647205353	0.34902337193489075	0.33625316619873047	0.30019721388816833	0.297101765871048	0.2573454678058624	0.32887518405914307	0.3260006308555603	0.373972088098526	0.3944079875946045	0.3049863278865814	0.3106168210506439	0.2994476556777954	0.3971281051635742	0.33614468574523926
