HIP-head-m-rh	HIP-head-l-rh	HIP-body-rh	HIP-tail-rh	THA-VPm-rh	THA-VPl-rh	THA-VAi-rh	THA-VAs-rh	THA-DAm-rh	THA-DAl-rh	PUT-VA-rh	PUT-DA-rh	PUT-VP-rh	PUT-DP-rh	CAU-VA-rh	CAU-DA-rh	CAU-body-rh	CAU-tail-rh	lAMY-rh	mAMY-rh	THA-DP-rh	NAc-shell-rh	NAc-core-rh	pGP-rh	aGP-rh	HIP-head-m-lh	HIP-head-l-l	HIP-body-l	HIP-tail-lh	THA-VPm-lh	THA-VPl-lh	THA-VAi-lh	THA-VAs-lh	THA-DAm-lh	THA-DAl-lh	PUT-VA-lh	PUT-DA-l	PUT-VP-lh	PUT-DP-lh	CAU-VA-lh	CAU-DA-lh	CAU-body-lh	CAU-tail-lh	lAMY-lh	mAMY-lh	THA-DP-lh	NAc-shell-lh	NAc-core-lh	pGP-lh	aGP-lh
0.6201536059379578	0.45072808861732483	0.30957454442977905	0.29120105504989624	0.3278382420539856	0.3143330514431	0.3822975754737854	0.31662899255752563	0.3149206340312958	0.33758747577667236	0.35477548837661743	0.3442263603210449	0.3162643611431122	0.35617193579673767	0.3330133557319641	0.2639712691307068	0.2943168580532074	0.29672008752822876	0.6661575436592102	0.6362755298614502	0.29993194341659546	0.37666285037994385	0.30009546875953674	0.2998915910720825	0.3149873912334442	0.6040446162223816	0.37254416942596436	0.343608558177948	0.3269295394420624	0.31207340955734253	0.2902514636516571	0.49379199743270874	0.33189666271209717	0.3024193346500397	0.284804105758667	0.30412426590919495	0.30279532074928284	0.30272263288497925	0.3085460662841797	0.3157017230987549	0.2743024230003357	0.2980594336986542	0.31670621037483215	0.6675203442573547	0.605485737323761	0.29435333609580994	0.34508705139160156	0.28903448581695557	0.2783709466457367	0.2908130884170532
