HIP-head-m-rh	HIP-head-l-rh	HIP-body-rh	HIP-tail-rh	THA-VPm-rh	THA-VPl-rh	THA-VAi-rh	THA-VAs-rh	THA-DAm-rh	THA-DAl-rh	PUT-VA-rh	PUT-DA-rh	PUT-VP-rh	PUT-DP-rh	CAU-VA-rh	CAU-DA-rh	CAU-body-rh	CAU-tail-rh	lAMY-rh	mAMY-rh	THA-DP-rh	NAc-shell-rh	NAc-core-rh	pGP-rh	aGP-rh	HIP-head-m-lh	HIP-head-l-l	HIP-body-l	HIP-tail-lh	THA-VPm-lh	THA-VPl-lh	THA-VAi-lh	THA-VAs-lh	THA-DAm-lh	THA-DAl-lh	PUT-VA-lh	PUT-DA-l	PUT-VP-lh	PUT-DP-lh	CAU-VA-lh	CAU-DA-lh	CAU-body-lh	CAU-tail-lh	lAMY-lh	mAMY-lh	THA-DP-lh	NAc-shell-lh	NAc-core-lh	pGP-lh	aGP-lh
0.3821713328361511	0.44678381085395813	0.30691519379615784	0.25324031710624695	0.2599050998687744	0.21637699007987976	0.2982705533504486	0.266855388879776	0.23990802466869354	0.23766016960144043	0.24386291205883026	0.2469809502363205	0.2330327332019806	0.2346392124891281	0.2995190918445587	0.21886387467384338	0.25633835792541504	0.21706275641918182	0.31016048789024353	0.5873316526412964	0.28493407368659973	0.2827615737915039	0.22787579894065857	0.2542402148246765	0.26267704367637634	0.41208645701408386	0.5879161357879639	0.2724561393260956	0.2712048888206482	0.2655060291290283	0.22545813024044037	0.345153272151947	0.2749452292919159	0.25528860092163086	0.23143261671066284	0.2508062422275543	0.26747164130210876	0.3343014121055603	0.24568144977092743	0.2599360942840576	0.22607344388961792	0.2645069360733032	0.25317734479904175	0.4928216338157654	0.7526533603668213	0.2678540349006653	0.29528993368148804	0.24337072670459747	0.25464722514152527	0.24904011189937592
