HIP-head-m-rh	HIP-head-l-rh	HIP-body-rh	HIP-tail-rh	THA-VPm-rh	THA-VPl-rh	THA-VAi-rh	THA-VAs-rh	THA-DAm-rh	THA-DAl-rh	PUT-VA-rh	PUT-DA-rh	PUT-VP-rh	PUT-DP-rh	CAU-VA-rh	CAU-DA-rh	CAU-body-rh	CAU-tail-rh	lAMY-rh	mAMY-rh	THA-DP-rh	NAc-shell-rh	NAc-core-rh	pGP-rh	aGP-rh	HIP-head-m-lh	HIP-head-l-l	HIP-body-l	HIP-tail-lh	THA-VPm-lh	THA-VPl-lh	THA-VAi-lh	THA-VAs-lh	THA-DAm-lh	THA-DAl-lh	PUT-VA-lh	PUT-DA-l	PUT-VP-lh	PUT-DP-lh	CAU-VA-lh	CAU-DA-lh	CAU-body-lh	CAU-tail-lh	lAMY-lh	mAMY-lh	THA-DP-lh	NAc-shell-lh	NAc-core-lh	pGP-lh	aGP-lh
0.13709524273872375	0.13010986149311066	0.1338549554347992	0.15682466328144073	0.11696237325668335	0.12111631035804749	0.11082125455141068	0.12815071642398834	0.11033383756875992	0.11354460567235947	0.12409888207912445	0.14425164461135864	0.1632545441389084	0.11546190083026886	0.1566876769065857	0.1333577036857605	0.15118952095508575	0.13546477258205414	0.08694233000278473	0.08215391635894775	0.14058907330036163	0.12379421293735504	0.11566580086946487	0.12848174571990967	0.11811020225286484	0.10455489158630371	0.11465153843164444	0.15191271901130676	0.17524588108062744	0.11544813960790634	0.12973517179489136	0.12367599457502365	0.12971298396587372	0.12862686812877655	0.11051185429096222	0.14346612989902496	0.15646721422672272	0.13003310561180115	0.11991631984710693	0.15607789158821106	0.1669510006904602	0.14211924374103546	0.16647286713123322	0.10638760775327682	0.11791865527629852	0.12666769325733185	0.1209750697016716	0.11237652599811554	0.11372025310993195	0.104422926902771
