HIP-head-m-rh	HIP-head-l-rh	HIP-body-rh	HIP-tail-rh	THA-VPm-rh	THA-VPl-rh	THA-VAi-rh	THA-VAs-rh	THA-DAm-rh	THA-DAl-rh	PUT-VA-rh	PUT-DA-rh	PUT-VP-rh	PUT-DP-rh	CAU-VA-rh	CAU-DA-rh	CAU-body-rh	CAU-tail-rh	lAMY-rh	mAMY-rh	THA-DP-rh	NAc-shell-rh	NAc-core-rh	pGP-rh	aGP-rh	HIP-head-m-lh	HIP-head-l-l	HIP-body-l	HIP-tail-lh	THA-VPm-lh	THA-VPl-lh	THA-VAi-lh	THA-VAs-lh	THA-DAm-lh	THA-DAl-lh	PUT-VA-lh	PUT-DA-l	PUT-VP-lh	PUT-DP-lh	CAU-VA-lh	CAU-DA-lh	CAU-body-lh	CAU-tail-lh	lAMY-lh	mAMY-lh	THA-DP-lh	NAc-shell-lh	NAc-core-lh	pGP-lh	aGP-lh
0.374512642621994	0.31058111786842346	0.26946085691452026	0.2545529007911682	0.26502177119255066	0.2648433446884155	0.30134183168411255	0.3098273277282715	0.28357094526290894	0.2640058696269989	0.34605172276496887	0.28863030672073364	0.2808089256286621	0.2643737196922302	0.3358362019062042	0.29805028438568115	0.2989672124385834	0.2718815207481384	0.39401644468307495	0.43852919340133667	0.26140666007995605	0.36617156863212585	0.32935792207717896	0.2747390866279602	0.2770955562591553	0.4074910283088684	0.31794655323028564	0.30108681321144104	0.2713789641857147	0.30481627583503723	0.2962202727794647	0.33302778005599976	0.3431374728679657	0.32882121205329895	0.30090174078941345	0.3538244068622589	0.302354097366333	0.28714224696159363	0.27648577094078064	0.3203524351119995	0.3289983868598938	0.338027685880661	0.39500945806503296	0.43184974789619446	0.4454231858253479	0.2690865397453308	0.3873080611228943	0.34768545627593994	0.2908496856689453	0.3073491156101227
