HIP-head-m-rh	HIP-head-l-rh	HIP-body-rh	HIP-tail-rh	THA-VPm-rh	THA-VPl-rh	THA-VAi-rh	THA-VAs-rh	THA-DAm-rh	THA-DAl-rh	PUT-VA-rh	PUT-DA-rh	PUT-VP-rh	PUT-DP-rh	CAU-VA-rh	CAU-DA-rh	CAU-body-rh	CAU-tail-rh	lAMY-rh	mAMY-rh	THA-DP-rh	NAc-shell-rh	NAc-core-rh	pGP-rh	aGP-rh	HIP-head-m-lh	HIP-head-l-l	HIP-body-l	HIP-tail-lh	THA-VPm-lh	THA-VPl-lh	THA-VAi-lh	THA-VAs-lh	THA-DAm-lh	THA-DAl-lh	PUT-VA-lh	PUT-DA-l	PUT-VP-lh	PUT-DP-lh	CAU-VA-lh	CAU-DA-lh	CAU-body-lh	CAU-tail-lh	lAMY-lh	mAMY-lh	THA-DP-lh	NAc-shell-lh	NAc-core-lh	pGP-lh	aGP-lh
0.12911655008792877	0.1490645408630371	0.1341867297887802	0.14347632229328156	0.11469963937997818	0.09892193973064423	0.10475478321313858	0.10869748145341873	0.13947486877441406	0.11185033619403839	0.12264537066221237	0.14152957499027252	0.11088335514068604	0.1210276186466217	0.140431210398674	0.13288018107414246	0.1467941850423813	0.14344443380832672	0.16389772295951843	0.1315835565328598	0.1252189576625824	0.10491341352462769	0.13924571871757507	0.09983305633068085	0.12186681479215622	0.1141766831278801	0.16156043112277985	0.14618878066539764	0.12874972820281982	0.11531610786914825	0.10394424200057983	0.10581560432910919	0.12385217100381851	0.14580370485782623	0.11360233277082443	0.14089226722717285	0.1337006688117981	0.12289228290319443	0.1294199526309967	0.14843885600566864	0.15301907062530518	0.1474597156047821	0.1556268036365509	0.17043079435825348	0.13664232194423676	0.12190666794776917	0.11310502886772156	0.12659935653209686	0.1091524139046669	0.1531064361333847
