HIP-head-m-rh	HIP-head-l-rh	HIP-body-rh	HIP-tail-rh	THA-VPm-rh	THA-VPl-rh	THA-VAi-rh	THA-VAs-rh	THA-DAm-rh	THA-DAl-rh	PUT-VA-rh	PUT-DA-rh	PUT-VP-rh	PUT-DP-rh	CAU-VA-rh	CAU-DA-rh	CAU-body-rh	CAU-tail-rh	lAMY-rh	mAMY-rh	THA-DP-rh	NAc-shell-rh	NAc-core-rh	pGP-rh	aGP-rh	HIP-head-m-lh	HIP-head-l-l	HIP-body-l	HIP-tail-lh	THA-VPm-lh	THA-VPl-lh	THA-VAi-lh	THA-VAs-lh	THA-DAm-lh	THA-DAl-lh	PUT-VA-lh	PUT-DA-l	PUT-VP-lh	PUT-DP-lh	CAU-VA-lh	CAU-DA-lh	CAU-body-lh	CAU-tail-lh	lAMY-lh	mAMY-lh	THA-DP-lh	NAc-shell-lh	NAc-core-lh	pGP-lh	aGP-lh
0.48606449365615845	0.6402687430381775	0.4649425745010376	0.3164668679237366	0.2722921371459961	0.25555774569511414	0.2961300015449524	0.34512391686439514	0.30405235290527344	0.25738757848739624	0.3671973645687103	0.30166587233543396	0.3048793375492096	0.27368077635765076	0.3300905227661133	0.38032376766204834	0.32536134123802185	0.363113671541214	0.47407326102256775	0.506426215171814	0.2831256091594696	0.3967597484588623	0.36309710144996643	0.2908112704753876	0.3125702142715454	0.424655944108963	0.45395126938819885	0.34918922185897827	0.3143472969532013	0.27344822883605957	0.26006555557250977	0.31784266233444214	0.34414464235305786	0.3368309736251831	0.2881465256214142	0.36240503191947937	0.3568631112575531	0.2793551981449127	0.27951356768608093	0.3418790102005005	0.35842669010162354	0.34636422991752625	0.35115817189216614	0.49933961033821106	0.5987109541893005	0.272398978471756	0.38427734375	0.35812950134277344	0.27329927682876587	0.3325674831867218
