HIP-head-m-rh	HIP-head-l-rh	HIP-body-rh	HIP-tail-rh	THA-VPm-rh	THA-VPl-rh	THA-VAi-rh	THA-VAs-rh	THA-DAm-rh	THA-DAl-rh	PUT-VA-rh	PUT-DA-rh	PUT-VP-rh	PUT-DP-rh	CAU-VA-rh	CAU-DA-rh	CAU-body-rh	CAU-tail-rh	lAMY-rh	mAMY-rh	THA-DP-rh	NAc-shell-rh	NAc-core-rh	pGP-rh	aGP-rh	HIP-head-m-lh	HIP-head-l-l	HIP-body-l	HIP-tail-lh	THA-VPm-lh	THA-VPl-lh	THA-VAi-lh	THA-VAs-lh	THA-DAm-lh	THA-DAl-lh	PUT-VA-lh	PUT-DA-l	PUT-VP-lh	PUT-DP-lh	CAU-VA-lh	CAU-DA-lh	CAU-body-lh	CAU-tail-lh	lAMY-lh	mAMY-lh	THA-DP-lh	NAc-shell-lh	NAc-core-lh	pGP-lh	aGP-lh
0.12663480639457703	0.14510954916477203	0.16042450070381165	0.16516147553920746	0.1523003727197647	0.16917011141777039	0.1358363926410675	0.19025008380413055	0.19756953418254852	0.17907097935676575	0.1534937173128128	0.17558245360851288	0.1833687573671341	0.17183665931224823	0.1244809553027153	0.13400162756443024	0.16608062386512756	0.15008409321308136	0.13211993873119354	0.1293986290693283	0.17290902137756348	0.12645167112350464	0.13937844336032867	0.12487036734819412	0.11688300222158432	0.11308152228593826	0.1523894965648651	0.18876171112060547	0.1821618527173996	0.16900238394737244	0.1447739452123642	0.13723482191562653	0.1717812716960907	0.20578253269195557	0.18019627034664154	0.18523691594600677	0.179463729262352	0.1655614972114563	0.16512876749038696	0.1458679884672165	0.1404058188199997	0.1500115692615509	0.14297108352184296	0.12323584407567978	0.1381269246339798	0.1514812856912613	0.1522061973810196	0.1445704996585846	0.11738739162683487	0.13634327054023743
