HIP-head-m-rh	HIP-head-l-rh	HIP-body-rh	HIP-tail-rh	THA-VPm-rh	THA-VPl-rh	THA-VAi-rh	THA-VAs-rh	THA-DAm-rh	THA-DAl-rh	PUT-VA-rh	PUT-DA-rh	PUT-VP-rh	PUT-DP-rh	CAU-VA-rh	CAU-DA-rh	CAU-body-rh	CAU-tail-rh	lAMY-rh	mAMY-rh	THA-DP-rh	NAc-shell-rh	NAc-core-rh	pGP-rh	aGP-rh	HIP-head-m-lh	HIP-head-l-l	HIP-body-l	HIP-tail-lh	THA-VPm-lh	THA-VPl-lh	THA-VAi-lh	THA-VAs-lh	THA-DAm-lh	THA-DAl-lh	PUT-VA-lh	PUT-DA-l	PUT-VP-lh	PUT-DP-lh	CAU-VA-lh	CAU-DA-lh	CAU-body-lh	CAU-tail-lh	lAMY-lh	mAMY-lh	THA-DP-lh	NAc-shell-lh	NAc-core-lh	pGP-lh	aGP-lh
0.36981984972953796	0.32664138078689575	0.28137609362602234	0.253886342048645	0.28255221247673035	0.29295045137405396	0.3110455870628357	0.30339697003364563	0.301439106464386	0.31239381432533264	0.3284618854522705	0.3343659043312073	0.3238571882247925	0.27984490990638733	0.3089746832847595	0.2780260145664215	0.2873792052268982	0.30959951877593994	0.4915201663970947	0.5702929496765137	0.28553125262260437	0.42581889033317566	0.2858293056488037	0.29684722423553467	0.3336818814277649	0.4010818302631378	0.3444179594516754	0.3303952217102051	0.2858656346797943	0.30527716875076294	0.28490179777145386	0.35768312215805054	0.30384665727615356	0.2979806959629059	0.30110645294189453	0.31742990016937256	0.29839393496513367	0.28085434436798096	0.27791279554367065	0.32540956139564514	0.2786123752593994	0.2803915739059448	0.25865182280540466	0.43295177817344666	0.4444926679134369	0.2844596803188324	0.36123982071876526	0.31634923815727234	0.26594457030296326	0.3008279800415039
