HIP-head-m-rh	HIP-head-l-rh	HIP-body-rh	HIP-tail-rh	THA-VPm-rh	THA-VPl-rh	THA-VAi-rh	THA-VAs-rh	THA-DAm-rh	THA-DAl-rh	PUT-VA-rh	PUT-DA-rh	PUT-VP-rh	PUT-DP-rh	CAU-VA-rh	CAU-DA-rh	CAU-body-rh	CAU-tail-rh	lAMY-rh	mAMY-rh	THA-DP-rh	NAc-shell-rh	NAc-core-rh	pGP-rh	aGP-rh	HIP-head-m-lh	HIP-head-l-l	HIP-body-l	HIP-tail-lh	THA-VPm-lh	THA-VPl-lh	THA-VAi-lh	THA-VAs-lh	THA-DAm-lh	THA-DAl-lh	PUT-VA-lh	PUT-DA-l	PUT-VP-lh	PUT-DP-lh	CAU-VA-lh	CAU-DA-lh	CAU-body-lh	CAU-tail-lh	lAMY-lh	mAMY-lh	THA-DP-lh	NAc-shell-lh	NAc-core-lh	pGP-lh	aGP-lh
0.3615052103996277	0.2757362723350525	0.2778036594390869	0.24220046401023865	0.261798620223999	0.23752827942371368	0.2644308805465698	0.2578482925891876	0.26149415969848633	0.23897509276866913	0.30400896072387695	0.2900815010070801	0.26161065697669983	0.2624624967575073	0.2867896556854248	0.26183924078941345	0.2602856755256653	0.2706710696220398	0.3872358798980713	0.34221526980400085	0.24550873041152954	0.34266266226768494	0.2988507151603699	0.25375857949256897	0.26903122663497925	0.3762684464454651	0.27998122572898865	0.26145562529563904	0.26692017912864685	0.26122695207595825	0.2468012422323227	0.2646688222885132	0.2594485580921173	0.2599627375602722	0.24209809303283691	0.2829050123691559	0.2776719629764557	0.25732553005218506	0.250281423330307	0.33732402324676514	0.27172577381134033	0.2777983546257019	0.2819545865058899	0.35438060760498047	0.34135162830352783	0.24757517874240875	0.30477002263069153	0.2971721291542053	0.25670090317726135	0.28895989060401917
