HIP-head-m-rh	HIP-head-l-rh	HIP-body-rh	HIP-tail-rh	THA-VPm-rh	THA-VPl-rh	THA-VAi-rh	THA-VAs-rh	THA-DAm-rh	THA-DAl-rh	PUT-VA-rh	PUT-DA-rh	PUT-VP-rh	PUT-DP-rh	CAU-VA-rh	CAU-DA-rh	CAU-body-rh	CAU-tail-rh	lAMY-rh	mAMY-rh	THA-DP-rh	NAc-shell-rh	NAc-core-rh	pGP-rh	aGP-rh	HIP-head-m-lh	HIP-head-l-l	HIP-body-l	HIP-tail-lh	THA-VPm-lh	THA-VPl-lh	THA-VAi-lh	THA-VAs-lh	THA-DAm-lh	THA-DAl-lh	PUT-VA-lh	PUT-DA-l	PUT-VP-lh	PUT-DP-lh	CAU-VA-lh	CAU-DA-lh	CAU-body-lh	CAU-tail-lh	lAMY-lh	mAMY-lh	THA-DP-lh	NAc-shell-lh	NAc-core-lh	pGP-lh	aGP-lh
0.11837926506996155	0.1756332516670227	0.1730291098356247	0.16307663917541504	0.15586905181407928	0.15077520906925201	0.13524791598320007	0.13788004219532013	0.19459247589111328	0.17625348269939423	0.14671126008033752	0.1763266921043396	0.14324641227722168	0.19401156902313232	0.1686842441558838	0.11475575715303421	0.13433708250522614	0.19193652272224426	0.13600006699562073	0.1307235062122345	0.15962964296340942	0.11550883203744888	0.14105693995952606	0.10876704007387161	0.12704475224018097	0.11958059668540955	0.1210419237613678	0.15954741835594177	0.16375286877155304	0.12343534827232361	0.18935716152191162	0.1400577574968338	0.13519994914531708	0.18764056265354156	0.16262124478816986	0.18685282766819	0.19003991782665253	0.16338200867176056	0.17858372628688812	0.20620322227478027	0.14766956865787506	0.14574924111366272	0.14085404574871063	0.15201503038406372	0.11700884252786636	0.14536850154399872	0.1536860316991806	0.1760495901107788	0.11903148889541626	0.12669014930725098
