HIP-head-m-rh	HIP-head-l-rh	HIP-body-rh	HIP-tail-rh	THA-VPm-rh	THA-VPl-rh	THA-VAi-rh	THA-VAs-rh	THA-DAm-rh	THA-DAl-rh	PUT-VA-rh	PUT-DA-rh	PUT-VP-rh	PUT-DP-rh	CAU-VA-rh	CAU-DA-rh	CAU-body-rh	CAU-tail-rh	lAMY-rh	mAMY-rh	THA-DP-rh	NAc-shell-rh	NAc-core-rh	pGP-rh	aGP-rh	HIP-head-m-lh	HIP-head-l-l	HIP-body-l	HIP-tail-lh	THA-VPm-lh	THA-VPl-lh	THA-VAi-lh	THA-VAs-lh	THA-DAm-lh	THA-DAl-lh	PUT-VA-lh	PUT-DA-l	PUT-VP-lh	PUT-DP-lh	CAU-VA-lh	CAU-DA-lh	CAU-body-lh	CAU-tail-lh	lAMY-lh	mAMY-lh	THA-DP-lh	NAc-shell-lh	NAc-core-lh	pGP-lh	aGP-lh
0.13568706810474396	0.19977471232414246	0.17646493017673492	0.19793707132339478	0.1128651425242424	0.12086869776248932	0.13843859732151031	0.14741264283657074	0.12584882974624634	0.13548189401626587	0.1438838690519333	0.14271226525306702	0.14655381441116333	0.15200941264629364	0.15134058892726898	0.1417492777109146	0.18278244137763977	0.25343161821365356	0.14215044677257538	0.12357766926288605	0.11728007346391678	0.13169531524181366	0.1626606434583664	0.11405108124017715	0.1302374005317688	0.12691053748130798	0.13788355886936188	0.2022528499364853	0.19803951680660248	0.11772064864635468	0.14497233927249908	0.14096632599830627	0.1505441665649414	0.1286603808403015	0.13633377850055695	0.14172522723674774	0.1384783387184143	0.14426058530807495	0.13672655820846558	0.14828133583068848	0.1288902759552002	0.1650543510913849	0.14728279411792755	0.1267479509115219	0.11349257081747055	0.11674696952104568	0.13434435427188873	0.16902947425842285	0.1105177104473114	0.11885339021682739
