HIP-head-m-rh	HIP-head-l-rh	HIP-body-rh	HIP-tail-rh	THA-VPm-rh	THA-VPl-rh	THA-VAi-rh	THA-VAs-rh	THA-DAm-rh	THA-DAl-rh	PUT-VA-rh	PUT-DA-rh	PUT-VP-rh	PUT-DP-rh	CAU-VA-rh	CAU-DA-rh	CAU-body-rh	CAU-tail-rh	lAMY-rh	mAMY-rh	THA-DP-rh	NAc-shell-rh	NAc-core-rh	pGP-rh	aGP-rh	HIP-head-m-lh	HIP-head-l-l	HIP-body-l	HIP-tail-lh	THA-VPm-lh	THA-VPl-lh	THA-VAi-lh	THA-VAs-lh	THA-DAm-lh	THA-DAl-lh	PUT-VA-lh	PUT-DA-l	PUT-VP-lh	PUT-DP-lh	CAU-VA-lh	CAU-DA-lh	CAU-body-lh	CAU-tail-lh	lAMY-lh	mAMY-lh	THA-DP-lh	NAc-shell-lh	NAc-core-lh	pGP-lh	aGP-lh
0.11325500160455704	0.12970328330993652	0.129664346575737	0.14018194377422333	0.12556691467761993	0.1462165266275406	0.12370745092630386	0.14352914690971375	0.15665504336357117	0.1775103062391281	0.14390937983989716	0.18640924990177155	0.12145593017339706	0.14928075671195984	0.15166527032852173	0.16126343607902527	0.12185792624950409	0.1839412897825241	0.1700110286474228	0.10661903023719788	0.12692290544509888	0.1426820009946823	0.14141325652599335	0.11677246540784836	0.1133764460682869	0.12611597776412964	0.13882102072238922	0.13074997067451477	0.13126800954341888	0.12119261920452118	0.14751562476158142	0.11897438764572144	0.15115973353385925	0.15293681621551514	0.15987561643123627	0.15611256659030914	0.1656363308429718	0.1427478790283203	0.14955443143844604	0.17259760200977325	0.16328679025173187	0.17501220107078552	0.197891965508461	0.16994187235832214	0.12364888936281204	0.12401360273361206	0.1157156303524971	0.15975192189216614	0.11803846806287766	0.12783890962600708
