HIP-head-m-rh	HIP-head-l-rh	HIP-body-rh	HIP-tail-rh	THA-VPm-rh	THA-VPl-rh	THA-VAi-rh	THA-VAs-rh	THA-DAm-rh	THA-DAl-rh	PUT-VA-rh	PUT-DA-rh	PUT-VP-rh	PUT-DP-rh	CAU-VA-rh	CAU-DA-rh	CAU-body-rh	CAU-tail-rh	lAMY-rh	mAMY-rh	THA-DP-rh	NAc-shell-rh	NAc-core-rh	pGP-rh	aGP-rh	HIP-head-m-lh	HIP-head-l-l	HIP-body-l	HIP-tail-lh	THA-VPm-lh	THA-VPl-lh	THA-VAi-lh	THA-VAs-lh	THA-DAm-lh	THA-DAl-lh	PUT-VA-lh	PUT-DA-l	PUT-VP-lh	PUT-DP-lh	CAU-VA-lh	CAU-DA-lh	CAU-body-lh	CAU-tail-lh	lAMY-lh	mAMY-lh	THA-DP-lh	NAc-shell-lh	NAc-core-lh	pGP-lh	aGP-lh
0.4481610655784607	0.36111775040626526	0.31302258372306824	0.29347851872444153	0.3314851224422455	0.2867980897426605	0.43194425106048584	0.3440975844860077	0.29066917300224304	0.268065482378006	0.33217209577560425	0.32548612356185913	0.3195663392543793	0.2833741009235382	0.34006983041763306	0.29542186856269836	0.28762826323509216	0.28862547874450684	0.7438524961471558	0.9647137522697449	0.32813355326652527	0.4180701673030853	0.30478575825691223	0.2977960705757141	0.30619651079177856	0.45574814081192017	0.29887673258781433	0.28788718581199646	0.2936132848262787	0.31040605902671814	0.27608850598335266	0.4010888934135437	0.36816781759262085	0.2872733771800995	0.2766813635826111	0.3285055458545685	0.3195217549800873	0.2841757833957672	0.27213412523269653	0.3423880636692047	0.31267085671424866	0.30640682578086853	0.2989136576652527	0.651787519454956	0.5880282521247864	0.28905338048934937	0.3841685950756073	0.30492615699768066	0.2969280779361725	0.3021414875984192
