HIP-head-m-rh	HIP-head-l-rh	HIP-body-rh	HIP-tail-rh	THA-VPm-rh	THA-VPl-rh	THA-VAi-rh	THA-VAs-rh	THA-DAm-rh	THA-DAl-rh	PUT-VA-rh	PUT-DA-rh	PUT-VP-rh	PUT-DP-rh	CAU-VA-rh	CAU-DA-rh	CAU-body-rh	CAU-tail-rh	lAMY-rh	mAMY-rh	THA-DP-rh	NAc-shell-rh	NAc-core-rh	pGP-rh	aGP-rh	HIP-head-m-lh	HIP-head-l-l	HIP-body-l	HIP-tail-lh	THA-VPm-lh	THA-VPl-lh	THA-VAi-lh	THA-VAs-lh	THA-DAm-lh	THA-DAl-lh	PUT-VA-lh	PUT-DA-l	PUT-VP-lh	PUT-DP-lh	CAU-VA-lh	CAU-DA-lh	CAU-body-lh	CAU-tail-lh	lAMY-lh	mAMY-lh	THA-DP-lh	NAc-shell-lh	NAc-core-lh	pGP-lh	aGP-lh
0.11748690158128738	0.12377523630857468	0.12644730508327484	0.15913695096969604	0.12734028697013855	0.11671973764896393	0.11804147064685822	0.1304675042629242	0.14034754037857056	0.12604138255119324	0.10880748927593231	0.11252477765083313	0.13136522471904755	0.13824117183685303	0.15191301703453064	0.13816894590854645	0.14156655967235565	0.15431100130081177	0.10943374782800674	0.11379999667406082	0.11994096636772156	0.11907801777124405	0.14053256809711456	0.09776686877012253	0.09359300136566162	0.13181129097938538	0.12358462065458298	0.11958932131528854	0.13793440163135529	0.11611311137676239	0.10810749977827072	0.11247210204601288	0.13575229048728943	0.15686680376529694	0.13853414356708527	0.11604344844818115	0.11334308981895447	0.10676779597997665	0.11973164975643158	0.1650390326976776	0.14596828818321228	0.15202699601650238	0.17257572710514069	0.1269223541021347	0.11691553890705109	0.11080612242221832	0.13250985741615295	0.1400323063135147	0.10496992617845535	0.10225920379161835
