HIP-head-m-rh	HIP-head-l-rh	HIP-body-rh	HIP-tail-rh	THA-VPm-rh	THA-VPl-rh	THA-VAi-rh	THA-VAs-rh	THA-DAm-rh	THA-DAl-rh	PUT-VA-rh	PUT-DA-rh	PUT-VP-rh	PUT-DP-rh	CAU-VA-rh	CAU-DA-rh	CAU-body-rh	CAU-tail-rh	lAMY-rh	mAMY-rh	THA-DP-rh	NAc-shell-rh	NAc-core-rh	pGP-rh	aGP-rh	HIP-head-m-lh	HIP-head-l-l	HIP-body-l	HIP-tail-lh	THA-VPm-lh	THA-VPl-lh	THA-VAi-lh	THA-VAs-lh	THA-DAm-lh	THA-DAl-lh	PUT-VA-lh	PUT-DA-l	PUT-VP-lh	PUT-DP-lh	CAU-VA-lh	CAU-DA-lh	CAU-body-lh	CAU-tail-lh	lAMY-lh	mAMY-lh	THA-DP-lh	NAc-shell-lh	NAc-core-lh	pGP-lh	aGP-lh
0.3523445725440979	0.29001903533935547	0.2740781903266907	0.2581420838832855	0.28091394901275635	0.2700125575065613	0.28198936581611633	0.26045793294906616	0.28558045625686646	0.25814616680145264	0.2781899571418762	0.2782791256904602	0.287361204624176	0.27470827102661133	0.2644628584384918	0.2554403245449066	0.26541823148727417	0.2609618306159973	0.327970027923584	0.35004088282585144	0.2674642503261566	0.29219964146614075	0.2692112326622009	0.2767888903617859	0.2864742577075958	0.3497951328754425	0.2778042256832123	0.25381383299827576	0.2653253376483917	0.28261974453926086	0.2732536792755127	0.28443869948387146	0.266635000705719	0.27152547240257263	0.2600864768028259	0.28402793407440186	0.2893642783164978	0.27977094054222107	0.2625005543231964	0.2746163010597229	0.26400476694107056	0.26870253682136536	0.28062596917152405	0.3355928361415863	0.3316709101200104	0.2644675672054291	0.3036796748638153	0.27533531188964844	0.29381629824638367	0.29245132207870483
