HIP-head-m-rh	HIP-head-l-rh	HIP-body-rh	HIP-tail-rh	THA-VPm-rh	THA-VPl-rh	THA-VAi-rh	THA-VAs-rh	THA-DAm-rh	THA-DAl-rh	PUT-VA-rh	PUT-DA-rh	PUT-VP-rh	PUT-DP-rh	CAU-VA-rh	CAU-DA-rh	CAU-body-rh	CAU-tail-rh	lAMY-rh	mAMY-rh	THA-DP-rh	NAc-shell-rh	NAc-core-rh	pGP-rh	aGP-rh	HIP-head-m-lh	HIP-head-l-l	HIP-body-l	HIP-tail-lh	THA-VPm-lh	THA-VPl-lh	THA-VAi-lh	THA-VAs-lh	THA-DAm-lh	THA-DAl-lh	PUT-VA-lh	PUT-DA-l	PUT-VP-lh	PUT-DP-lh	CAU-VA-lh	CAU-DA-lh	CAU-body-lh	CAU-tail-lh	lAMY-lh	mAMY-lh	THA-DP-lh	NAc-shell-lh	NAc-core-lh	pGP-lh	aGP-lh
0.11363423615694046	0.12935465574264526	0.13105352222919464	0.1520015448331833	0.11512171477079391	0.1177276149392128	0.11068404465913773	0.10813282430171967	0.13657276332378387	0.1204497292637825	0.13840819895267487	0.12390516698360443	0.14566770195960999	0.13615117967128754	0.1525697410106659	0.1315927505493164	0.124371238052845	0.13312757015228271	0.10348617285490036	0.1057165116071701	0.1100764274597168	0.13228340446949005	0.15573664009571075	0.10279287397861481	0.09788965433835983	0.10686031728982925	0.1325175017118454	0.14146775007247925	0.1400388479232788	0.11019327491521835	0.10553289204835892	0.1040334478020668	0.11597400158643723	0.1371275931596756	0.11638132482767105	0.14103586971759796	0.1529909372329712	0.13341543078422546	0.1403774619102478	0.1600446105003357	0.13754872977733612	0.14631430804729462	0.14861151576042175	0.11671409010887146	0.10460565984249115	0.12895876169204712	0.12653587758541107	0.15531213581562042	0.10002343356609344	0.1134648397564888
