HIP-head-m-rh	HIP-head-l-rh	HIP-body-rh	HIP-tail-rh	THA-VPm-rh	THA-VPl-rh	THA-VAi-rh	THA-VAs-rh	THA-DAm-rh	THA-DAl-rh	PUT-VA-rh	PUT-DA-rh	PUT-VP-rh	PUT-DP-rh	CAU-VA-rh	CAU-DA-rh	CAU-body-rh	CAU-tail-rh	lAMY-rh	mAMY-rh	THA-DP-rh	NAc-shell-rh	NAc-core-rh	pGP-rh	aGP-rh	HIP-head-m-lh	HIP-head-l-l	HIP-body-l	HIP-tail-lh	THA-VPm-lh	THA-VPl-lh	THA-VAi-lh	THA-VAs-lh	THA-DAm-lh	THA-DAl-lh	PUT-VA-lh	PUT-DA-l	PUT-VP-lh	PUT-DP-lh	CAU-VA-lh	CAU-DA-lh	CAU-body-lh	CAU-tail-lh	lAMY-lh	mAMY-lh	THA-DP-lh	NAc-shell-lh	NAc-core-lh	pGP-lh	aGP-lh
0.11715666949748993	0.10862202197313309	0.1501236855983734	0.1404566913843155	0.13971450924873352	0.17260248959064484	0.14743457734584808	0.16336040198802948	0.1828979104757309	0.14933402836322784	0.1838626116514206	0.16903488337993622	0.14724551141262054	0.1552371084690094	0.18399620056152344	0.18571485579013824	0.1697099506855011	0.16848993301391602	0.09308736026287079	0.10991979390382767	0.14510522782802582	0.1433441936969757	0.17109240591526031	0.12621207535266876	0.10684052109718323	0.12314163893461227	0.12106417119503021	0.14264462888240814	0.1334926187992096	0.12656563520431519	0.13657869398593903	0.12296176701784134	0.15044386684894562	0.1567642241716385	0.12436927855014801	0.15519103407859802	0.16392439603805542	0.13921380043029785	0.15977102518081665	0.2078387588262558	0.19818483293056488	0.13565492630004883	0.1301967352628708	0.09954763948917389	0.1014186292886734	0.12502340972423553	0.1375628262758255	0.1693689227104187	0.10949712991714478	0.12810184061527252
