HIP-head-m-rh	HIP-head-l-rh	HIP-body-rh	HIP-tail-rh	THA-VPm-rh	THA-VPl-rh	THA-VAi-rh	THA-VAs-rh	THA-DAm-rh	THA-DAl-rh	PUT-VA-rh	PUT-DA-rh	PUT-VP-rh	PUT-DP-rh	CAU-VA-rh	CAU-DA-rh	CAU-body-rh	CAU-tail-rh	lAMY-rh	mAMY-rh	THA-DP-rh	NAc-shell-rh	NAc-core-rh	pGP-rh	aGP-rh	HIP-head-m-lh	HIP-head-l-l	HIP-body-l	HIP-tail-lh	THA-VPm-lh	THA-VPl-lh	THA-VAi-lh	THA-VAs-lh	THA-DAm-lh	THA-DAl-lh	PUT-VA-lh	PUT-DA-l	PUT-VP-lh	PUT-DP-lh	CAU-VA-lh	CAU-DA-lh	CAU-body-lh	CAU-tail-lh	lAMY-lh	mAMY-lh	THA-DP-lh	NAc-shell-lh	NAc-core-lh	pGP-lh	aGP-lh
0.6139352917671204	0.5664771199226379	0.543334424495697	0.443359911441803	0.404273122549057	0.36599305272102356	0.41045960783958435	0.48130926489830017	0.44101378321647644	0.4187806248664856	0.4548408091068268	0.42963409423828125	0.48460638523101807	0.428218811750412	0.48442989587783813	0.4640156924724579	0.44704073667526245	0.4845126271247864	0.5772961378097534	0.6454024314880371	0.4898040294647217	0.5086300373077393	0.4356921911239624	0.4028998911380768	0.42765840888023376	0.6187036037445068	0.5830264687538147	0.4606727957725525	0.4685990512371063	0.39147165417671204	0.35319846868515015	0.4059388041496277	0.4410593509674072	0.47201064229011536	0.41345858573913574	0.4136487543582916	0.40814894437789917	0.5175743699073792	0.46210405230522156	0.46966132521629333	0.4733740985393524	0.5120629072189331	0.45598104596138	0.5079357028007507	0.5828053951263428	0.4175206124782562	0.425848126411438	0.391758531332016	0.4261469542980194	0.3743082880973816
