HIP-head-m-rh	HIP-head-l-rh	HIP-body-rh	HIP-tail-rh	THA-VPm-rh	THA-VPl-rh	THA-VAi-rh	THA-VAs-rh	THA-DAm-rh	THA-DAl-rh	PUT-VA-rh	PUT-DA-rh	PUT-VP-rh	PUT-DP-rh	CAU-VA-rh	CAU-DA-rh	CAU-body-rh	CAU-tail-rh	lAMY-rh	mAMY-rh	THA-DP-rh	NAc-shell-rh	NAc-core-rh	pGP-rh	aGP-rh	HIP-head-m-lh	HIP-head-l-l	HIP-body-l	HIP-tail-lh	THA-VPm-lh	THA-VPl-lh	THA-VAi-lh	THA-VAs-lh	THA-DAm-lh	THA-DAl-lh	PUT-VA-lh	PUT-DA-l	PUT-VP-lh	PUT-DP-lh	CAU-VA-lh	CAU-DA-lh	CAU-body-lh	CAU-tail-lh	lAMY-lh	mAMY-lh	THA-DP-lh	NAc-shell-lh	NAc-core-lh	pGP-lh	aGP-lh
0.1436554342508316	0.142278254032135	0.15374016761779785	0.1517135053873062	0.1103798896074295	0.11425125598907471	0.12353550642728806	0.13630467653274536	0.14061054587364197	0.1223655641078949	0.13682985305786133	0.14094659686088562	0.13993217051029205	0.12999986112117767	0.19382308423519135	0.14994071424007416	0.19533418118953705	0.25243547558784485	0.1575155258178711	0.13317294418811798	0.11904991418123245	0.11376964300870895	0.14980144798755646	0.13284307718276978	0.12408938258886337	0.132577583193779	0.13374097645282745	0.1610385775566101	0.16855134069919586	0.119812972843647	0.13568027317523956	0.1351194828748703	0.15923570096492767	0.12661190330982208	0.13026092946529388	0.13921645283699036	0.1331261545419693	0.13946999609470367	0.1362352818250656	0.20204950869083405	0.18463340401649475	0.18814976513385773	0.17039155960083008	0.15543287992477417	0.12744900584220886	0.11728642135858536	0.13234509527683258	0.16276659071445465	0.13417042791843414	0.12632787227630615
