HIP-head-m-rh	HIP-head-l-rh	HIP-body-rh	HIP-tail-rh	THA-VPm-rh	THA-VPl-rh	THA-VAi-rh	THA-VAs-rh	THA-DAm-rh	THA-DAl-rh	PUT-VA-rh	PUT-DA-rh	PUT-VP-rh	PUT-DP-rh	CAU-VA-rh	CAU-DA-rh	CAU-body-rh	CAU-tail-rh	lAMY-rh	mAMY-rh	THA-DP-rh	NAc-shell-rh	NAc-core-rh	pGP-rh	aGP-rh	HIP-head-m-lh	HIP-head-l-l	HIP-body-l	HIP-tail-lh	THA-VPm-lh	THA-VPl-lh	THA-VAi-lh	THA-VAs-lh	THA-DAm-lh	THA-DAl-lh	PUT-VA-lh	PUT-DA-l	PUT-VP-lh	PUT-DP-lh	CAU-VA-lh	CAU-DA-lh	CAU-body-lh	CAU-tail-lh	lAMY-lh	mAMY-lh	THA-DP-lh	NAc-shell-lh	NAc-core-lh	pGP-lh	aGP-lh
0.09433618187904358	0.10873030871152878	0.11560074239969254	0.14003008604049683	0.09676379710435867	0.1042068749666214	0.09913025796413422	0.12591809034347534	0.14636416733264923	0.12414103746414185	0.1661553680896759	0.1454087197780609	0.1045677661895752	0.12480338662862778	0.1288272738456726	0.17124611139297485	0.17725832760334015	0.12883557379245758	0.08891107141971588	0.08357115089893341	0.10018518567085266	0.13521543145179749	0.15672802925109863	0.10003113001585007	0.09907620400190353	0.10745764523744583	0.1079011857509613	0.10587818920612335	0.12730704247951508	0.1091255396604538	0.09869547188282013	0.110566146671772	0.11405124515295029	0.15821100771427155	0.116799496114254	0.16591233015060425	0.1583559513092041	0.11392772197723389	0.1338196098804474	0.1340174823999405	0.1752786487340927	0.1494242250919342	0.1483977884054184	0.08800648897886276	0.09398408979177475	0.09079167991876602	0.12554429471492767	0.1654406636953354	0.11511801928281784	0.09407790005207062
