HIP-head-m-rh	HIP-head-l-rh	HIP-body-rh	HIP-tail-rh	THA-VPm-rh	THA-VPl-rh	THA-VAi-rh	THA-VAs-rh	THA-DAm-rh	THA-DAl-rh	PUT-VA-rh	PUT-DA-rh	PUT-VP-rh	PUT-DP-rh	CAU-VA-rh	CAU-DA-rh	CAU-body-rh	CAU-tail-rh	lAMY-rh	mAMY-rh	THA-DP-rh	NAc-shell-rh	NAc-core-rh	pGP-rh	aGP-rh	HIP-head-m-lh	HIP-head-l-l	HIP-body-l	HIP-tail-lh	THA-VPm-lh	THA-VPl-lh	THA-VAi-lh	THA-VAs-lh	THA-DAm-lh	THA-DAl-lh	PUT-VA-lh	PUT-DA-l	PUT-VP-lh	PUT-DP-lh	CAU-VA-lh	CAU-DA-lh	CAU-body-lh	CAU-tail-lh	lAMY-lh	mAMY-lh	THA-DP-lh	NAc-shell-lh	NAc-core-lh	pGP-lh	aGP-lh
0.3941706717014313	0.40346479415893555	0.2920885384082794	0.2452649474143982	0.2848908305168152	0.32528194785118103	0.322348415851593	0.2752480208873749	0.26195287704467773	0.23059788346290588	0.275465726852417	0.25102710723876953	0.271271675825119	0.23712556064128876	0.24463078379631042	0.2264953851699829	0.2407531887292862	0.23135656118392944	0.3270200490951538	0.38068971037864685	0.2717733681201935	0.2692737877368927	0.268171489238739	0.25145208835601807	0.28536736965179443	0.3948178291320801	0.3282693922519684	0.2573874890804291	0.24647130072116852	0.2742157280445099	0.2673725485801697	0.31476113200187683	0.258451908826828	0.2753250300884247	0.2197525054216385	0.25945213437080383	0.2667779326438904	0.2715756297111511	0.2538694143295288	0.2949216365814209	0.26038679480552673	0.2768535017967224	0.2345934957265854	0.3211568295955658	0.3619135320186615	0.24370510876178741	0.3531262278556824	0.2755161225795746	0.2431923896074295	0.2564395070075989
