HIP-head-m-rh	HIP-head-l-rh	HIP-body-rh	HIP-tail-rh	THA-VPm-rh	THA-VPl-rh	THA-VAi-rh	THA-VAs-rh	THA-DAm-rh	THA-DAl-rh	PUT-VA-rh	PUT-DA-rh	PUT-VP-rh	PUT-DP-rh	CAU-VA-rh	CAU-DA-rh	CAU-body-rh	CAU-tail-rh	lAMY-rh	mAMY-rh	THA-DP-rh	NAc-shell-rh	NAc-core-rh	pGP-rh	aGP-rh	HIP-head-m-lh	HIP-head-l-l	HIP-body-l	HIP-tail-lh	THA-VPm-lh	THA-VPl-lh	THA-VAi-lh	THA-VAs-lh	THA-DAm-lh	THA-DAl-lh	PUT-VA-lh	PUT-DA-l	PUT-VP-lh	PUT-DP-lh	CAU-VA-lh	CAU-DA-lh	CAU-body-lh	CAU-tail-lh	lAMY-lh	mAMY-lh	THA-DP-lh	NAc-shell-lh	NAc-core-lh	pGP-lh	aGP-lh
0.5014933943748474	0.5049078464508057	0.43367743492126465	0.32963475584983826	0.4069838523864746	0.32498040795326233	0.4265599846839905	0.44207578897476196	0.3757832646369934	0.3307810425758362	0.6653502583503723	0.5449690222740173	0.4770759642124176	0.40749695897102356	0.4504983425140381	0.4380992650985718	0.36011165380477905	0.41525211930274963	0.4867607653141022	0.5371777415275574	0.34621095657348633	0.4861137270927429	0.6332582235336304	0.41773971915245056	0.48938003182411194	0.42586126923561096	0.47508013248443604	0.4219624698162079	0.3390549123287201	0.41445815563201904	0.3348003327846527	0.38794490694999695	0.44602686166763306	0.327033668756485	0.32083070278167725	0.4695291519165039	0.4735150933265686	0.3945700526237488	0.37429267168045044	0.5297942757606506	0.48941242694854736	0.3885304927825928	0.33357784152030945	0.47107699513435364	0.476946622133255	0.3363679051399231	0.4566773772239685	0.50778728723526	0.35395848751068115	0.3892161548137665
