HIP-head-m-rh	HIP-head-l-rh	HIP-body-rh	HIP-tail-rh	THA-VPm-rh	THA-VPl-rh	THA-VAi-rh	THA-VAs-rh	THA-DAm-rh	THA-DAl-rh	PUT-VA-rh	PUT-DA-rh	PUT-VP-rh	PUT-DP-rh	CAU-VA-rh	CAU-DA-rh	CAU-body-rh	CAU-tail-rh	lAMY-rh	mAMY-rh	THA-DP-rh	NAc-shell-rh	NAc-core-rh	pGP-rh	aGP-rh	HIP-head-m-lh	HIP-head-l-l	HIP-body-l	HIP-tail-lh	THA-VPm-lh	THA-VPl-lh	THA-VAi-lh	THA-VAs-lh	THA-DAm-lh	THA-DAl-lh	PUT-VA-lh	PUT-DA-l	PUT-VP-lh	PUT-DP-lh	CAU-VA-lh	CAU-DA-lh	CAU-body-lh	CAU-tail-lh	lAMY-lh	mAMY-lh	THA-DP-lh	NAc-shell-lh	NAc-core-lh	pGP-lh	aGP-lh
0.09377782046794891	0.101096972823143	0.10311567038297653	0.12246956676244736	0.10751021653413773	0.09301947802305222	0.08626571297645569	0.1129235178232193	0.13984131813049316	0.11532894521951675	0.14403808116912842	0.1397068053483963	0.11333146691322327	0.1243007704615593	0.13543614745140076	0.13574786484241486	0.16932891309261322	0.10606430470943451	0.09072642773389816	0.08629431575536728	0.08712257444858551	0.10976281762123108	0.13128146529197693	0.08670426905155182	0.09694786369800568	0.09204870462417603	0.10376846790313721	0.107759989798069	0.11134254932403564	0.1121756061911583	0.08715547621250153	0.09616778045892715	0.11672686040401459	0.16833125054836273	0.11383459717035294	0.15046565234661102	0.13169889152050018	0.10558825731277466	0.10892046988010406	0.1261870414018631	0.15714365243911743	0.13316720724105835	0.11409898102283478	0.11642086505889893	0.1056179627776146	0.07988279312849045	0.10759709030389786	0.14272154867649078	0.10129908472299576	0.10685530304908752
