HIP-head-m-rh	HIP-head-l-rh	HIP-body-rh	HIP-tail-rh	THA-VPm-rh	THA-VPl-rh	THA-VAi-rh	THA-VAs-rh	THA-DAm-rh	THA-DAl-rh	PUT-VA-rh	PUT-DA-rh	PUT-VP-rh	PUT-DP-rh	CAU-VA-rh	CAU-DA-rh	CAU-body-rh	CAU-tail-rh	lAMY-rh	mAMY-rh	THA-DP-rh	NAc-shell-rh	NAc-core-rh	pGP-rh	aGP-rh	HIP-head-m-lh	HIP-head-l-l	HIP-body-l	HIP-tail-lh	THA-VPm-lh	THA-VPl-lh	THA-VAi-lh	THA-VAs-lh	THA-DAm-lh	THA-DAl-lh	PUT-VA-lh	PUT-DA-l	PUT-VP-lh	PUT-DP-lh	CAU-VA-lh	CAU-DA-lh	CAU-body-lh	CAU-tail-lh	lAMY-lh	mAMY-lh	THA-DP-lh	NAc-shell-lh	NAc-core-lh	pGP-lh	aGP-lh
0.317152202129364	0.312759667634964	0.27107661962509155	0.2508995532989502	0.2719906270503998	0.2573474943637848	0.2770068049430847	0.24971063435077667	0.26421666145324707	0.2495906949043274	0.26997655630111694	0.26840940117836	0.2625706195831299	0.25043219327926636	0.26627686619758606	0.2615698277950287	0.2529778480529785	0.2316875010728836	0.30161187052726746	0.32394903898239136	0.2501036822795868	0.2834874987602234	0.2517170011997223	0.26613765954971313	0.25865471363067627	0.33196136355400085	0.3015097975730896	0.2610962986946106	0.23869843780994415	0.2595618963241577	0.24704323709011078	0.28212061524391174	0.2696848213672638	0.2646811604499817	0.2511084973812103	0.2736547291278839	0.27238261699676514	0.27219027280807495	0.2569725513458252	0.26042765378952026	0.2617413103580475	0.2708430588245392	0.24339549243450165	0.2916603684425354	0.31194445490837097	0.2538081407546997	0.29430997371673584	0.26792049407958984	0.25973376631736755	0.2543843686580658
