HIP-head-m-rh	HIP-head-l-rh	HIP-body-rh	HIP-tail-rh	THA-VPm-rh	THA-VPl-rh	THA-VAi-rh	THA-VAs-rh	THA-DAm-rh	THA-DAl-rh	PUT-VA-rh	PUT-DA-rh	PUT-VP-rh	PUT-DP-rh	CAU-VA-rh	CAU-DA-rh	CAU-body-rh	CAU-tail-rh	lAMY-rh	mAMY-rh	THA-DP-rh	NAc-shell-rh	NAc-core-rh	pGP-rh	aGP-rh	HIP-head-m-lh	HIP-head-l-l	HIP-body-l	HIP-tail-lh	THA-VPm-lh	THA-VPl-lh	THA-VAi-lh	THA-VAs-lh	THA-DAm-lh	THA-DAl-lh	PUT-VA-lh	PUT-DA-l	PUT-VP-lh	PUT-DP-lh	CAU-VA-lh	CAU-DA-lh	CAU-body-lh	CAU-tail-lh	lAMY-lh	mAMY-lh	THA-DP-lh	NAc-shell-lh	NAc-core-lh	pGP-lh	aGP-lh
0.09407329559326172	0.10710765421390533	0.11749745160341263	0.12064730376005173	0.09616092592477798	0.095924012362957	0.09654129296541214	0.11241951584815979	0.13801103830337524	0.11435317248106003	0.14884105324745178	0.14794130623340607	0.12404061108827591	0.14271140098571777	0.14561240375041962	0.12952975928783417	0.1786338835954666	0.1454685926437378	0.10077565908432007	0.09993242472410202	0.09203992038965225	0.12735100090503693	0.16149836778640747	0.09159883856773376	0.09668280184268951	0.1090865209698677	0.10473594814538956	0.11248175799846649	0.1162782609462738	0.12697352468967438	0.10827755182981491	0.10358063131570816	0.10677824169397354	0.1619904786348343	0.11547426134347916	0.14897200465202332	0.17010906338691711	0.1275976002216339	0.15417224168777466	0.10987511277198792	0.13359640538692474	0.13303855061531067	0.12265855073928833	0.11053670942783356	0.10878992825746536	0.10169587284326553	0.11445777118206024	0.16851262748241425	0.09278816729784012	0.09262353926897049
