HIP-head-m-rh	HIP-head-l-rh	HIP-body-rh	HIP-tail-rh	THA-VPm-rh	THA-VPl-rh	THA-VAi-rh	THA-VAs-rh	THA-DAm-rh	THA-DAl-rh	PUT-VA-rh	PUT-DA-rh	PUT-VP-rh	PUT-DP-rh	CAU-VA-rh	CAU-DA-rh	CAU-body-rh	CAU-tail-rh	lAMY-rh	mAMY-rh	THA-DP-rh	NAc-shell-rh	NAc-core-rh	pGP-rh	aGP-rh	HIP-head-m-lh	HIP-head-l-l	HIP-body-l	HIP-tail-lh	THA-VPm-lh	THA-VPl-lh	THA-VAi-lh	THA-VAs-lh	THA-DAm-lh	THA-DAl-lh	PUT-VA-lh	PUT-DA-l	PUT-VP-lh	PUT-DP-lh	CAU-VA-lh	CAU-DA-lh	CAU-body-lh	CAU-tail-lh	lAMY-lh	mAMY-lh	THA-DP-lh	NAc-shell-lh	NAc-core-lh	pGP-lh	aGP-lh
0.09393860399723053	0.12289222329854965	0.11700252443552017	0.1312980055809021	0.11017200350761414	0.10149815678596497	0.11655223369598389	0.138307124376297	0.14978177845478058	0.14716574549674988	0.13764384388923645	0.12554194033145905	0.12225663661956787	0.12282653898000717	0.2200547754764557	0.14891059696674347	0.1721622496843338	0.19073031842708588	0.09274736046791077	0.10611652582883835	0.1070227175951004	0.12312043458223343	0.14951711893081665	0.08761060982942581	0.09477061033248901	0.09837590903043747	0.10902560502290726	0.11809511482715607	0.12062638998031616	0.13163821399211884	0.10889329016208649	0.11084207147359848	0.1358489692211151	0.14254744350910187	0.1446813941001892	0.13936080038547516	0.12510858476161957	0.12484823167324066	0.13239984214305878	0.1707955151796341	0.17350085079669952	0.14399969577789307	0.13643506169319153	0.10055946558713913	0.10921666771173477	0.14695188403129578	0.1258612871170044	0.17045320570468903	0.08415836840867996	0.10709089785814285
