HIP-head-m-rh	HIP-head-l-rh	HIP-body-rh	HIP-tail-rh	THA-VPm-rh	THA-VPl-rh	THA-VAi-rh	THA-VAs-rh	THA-DAm-rh	THA-DAl-rh	PUT-VA-rh	PUT-DA-rh	PUT-VP-rh	PUT-DP-rh	CAU-VA-rh	CAU-DA-rh	CAU-body-rh	CAU-tail-rh	lAMY-rh	mAMY-rh	THA-DP-rh	NAc-shell-rh	NAc-core-rh	pGP-rh	aGP-rh	HIP-head-m-lh	HIP-head-l-l	HIP-body-l	HIP-tail-lh	THA-VPm-lh	THA-VPl-lh	THA-VAi-lh	THA-VAs-lh	THA-DAm-lh	THA-DAl-lh	PUT-VA-lh	PUT-DA-l	PUT-VP-lh	PUT-DP-lh	CAU-VA-lh	CAU-DA-lh	CAU-body-lh	CAU-tail-lh	lAMY-lh	mAMY-lh	THA-DP-lh	NAc-shell-lh	NAc-core-lh	pGP-lh	aGP-lh
0.6146324276924133	0.6896288990974426	0.6693503260612488	0.45655134320259094	0.43646639585494995	0.496955007314682	0.4328121244907379	0.5062729716300964	0.5018190145492554	0.4329032003879547	0.5701185464859009	0.5106589794158936	0.49883273243904114	0.470674991607666	0.5502092838287354	0.5539186596870422	0.5122843980789185	0.5961597561836243	0.6020931601524353	0.744131326675415	0.46515950560569763	0.6344743967056274	0.5444691181182861	0.48554500937461853	0.447945237159729	0.5010610818862915	0.5178713798522949	0.584722638130188	0.4859808385372162	0.41952282190322876	0.40607592463493347	0.47784286737442017	0.5615794062614441	0.5049541592597961	0.4133676290512085	0.4359884560108185	0.4022444784641266	0.41398072242736816	0.3870008587837219	0.5825780034065247	0.47180017828941345	0.4912375807762146	0.5552980303764343	0.4864148795604706	0.549468457698822	0.4203461706638336	0.4347551763057709	0.4637781083583832	0.38916826248168945	0.4024108648300171
