HIP-head-m-rh	HIP-head-l-rh	HIP-body-rh	HIP-tail-rh	THA-VPm-rh	THA-VPl-rh	THA-VAi-rh	THA-VAs-rh	THA-DAm-rh	THA-DAl-rh	PUT-VA-rh	PUT-DA-rh	PUT-VP-rh	PUT-DP-rh	CAU-VA-rh	CAU-DA-rh	CAU-body-rh	CAU-tail-rh	lAMY-rh	mAMY-rh	THA-DP-rh	NAc-shell-rh	NAc-core-rh	pGP-rh	aGP-rh	HIP-head-m-lh	HIP-head-l-l	HIP-body-l	HIP-tail-lh	THA-VPm-lh	THA-VPl-lh	THA-VAi-lh	THA-VAs-lh	THA-DAm-lh	THA-DAl-lh	PUT-VA-lh	PUT-DA-l	PUT-VP-lh	PUT-DP-lh	CAU-VA-lh	CAU-DA-lh	CAU-body-lh	CAU-tail-lh	lAMY-lh	mAMY-lh	THA-DP-lh	NAc-shell-lh	NAc-core-lh	pGP-lh	aGP-lh
0.12104660272598267	0.13319210708141327	0.1382029503583908	0.17966623604297638	0.1141020655632019	0.10693202167749405	0.10065590590238571	0.10736198723316193	0.1352829933166504	0.10716276615858078	0.14002947509288788	0.14334888756275177	0.11811839044094086	0.12645436823368073	0.12055107206106186	0.14083263278007507	0.13098053634166718	0.11499223858118057	0.10385774821043015	0.10833811014890671	0.12401211261749268	0.10787669569253922	0.14836043119430542	0.11128024011850357	0.1011790931224823	0.13082590699195862	0.13897466659545898	0.13170316815376282	0.14043372869491577	0.13170906901359558	0.11912492662668228	0.11012137681245804	0.11107694357633591	0.1368982195854187	0.10966335237026215	0.20390313863754272	0.18806228041648865	0.1296444982290268	0.12405571341514587	0.1318650096654892	0.14438579976558685	0.13846784830093384	0.13591134548187256	0.12060336023569107	0.12251399457454681	0.13356149196624756	0.1329767107963562	0.15535205602645874	0.10121996700763702	0.10790710151195526
