HIP-head-m-rh	HIP-head-l-rh	HIP-body-rh	HIP-tail-rh	THA-VPm-rh	THA-VPl-rh	THA-VAi-rh	THA-VAs-rh	THA-DAm-rh	THA-DAl-rh	PUT-VA-rh	PUT-DA-rh	PUT-VP-rh	PUT-DP-rh	CAU-VA-rh	CAU-DA-rh	CAU-body-rh	CAU-tail-rh	lAMY-rh	mAMY-rh	THA-DP-rh	NAc-shell-rh	NAc-core-rh	pGP-rh	aGP-rh	HIP-head-m-lh	HIP-head-l-l	HIP-body-l	HIP-tail-lh	THA-VPm-lh	THA-VPl-lh	THA-VAi-lh	THA-VAs-lh	THA-DAm-lh	THA-DAl-lh	PUT-VA-lh	PUT-DA-l	PUT-VP-lh	PUT-DP-lh	CAU-VA-lh	CAU-DA-lh	CAU-body-lh	CAU-tail-lh	lAMY-lh	mAMY-lh	THA-DP-lh	NAc-shell-lh	NAc-core-lh	pGP-lh	aGP-lh
0.3101038336753845	0.2924152910709381	0.2622845768928528	0.24444305896759033	0.2524677813053131	0.24337443709373474	0.2919430136680603	0.27464592456817627	0.2711102366447449	0.27030059695243835	0.31978654861450195	0.2971786558628082	0.3257453739643097	0.345672607421875	0.3027634620666504	0.2825965881347656	0.293980211019516	0.2859838306903839	0.3217804729938507	0.3827833831310272	0.2527792155742645	0.3724116384983063	0.2758132517337799	0.27292966842651367	0.2798794209957123	0.3556373119354248	0.3053990602493286	0.2640417516231537	0.25932881236076355	0.2502002418041229	0.2623804807662964	0.2729460597038269	0.285322904586792	0.27159857749938965	0.2768290936946869	0.3155410587787628	0.3440370559692383	0.34923890233039856	0.44379764795303345	0.33790117502212524	0.27572062611579895	0.2889896631240845	0.2687883675098419	0.40801557898521423	0.3977583348751068	0.24941013753414154	0.3168686330318451	0.2856084108352661	0.2937934994697571	0.2922706604003906
