HIP-head-m-rh	HIP-head-l-rh	HIP-body-rh	HIP-tail-rh	THA-VPm-rh	THA-VPl-rh	THA-VAi-rh	THA-VAs-rh	THA-DAm-rh	THA-DAl-rh	PUT-VA-rh	PUT-DA-rh	PUT-VP-rh	PUT-DP-rh	CAU-VA-rh	CAU-DA-rh	CAU-body-rh	CAU-tail-rh	lAMY-rh	mAMY-rh	THA-DP-rh	NAc-shell-rh	NAc-core-rh	pGP-rh	aGP-rh	HIP-head-m-lh	HIP-head-l-l	HIP-body-l	HIP-tail-lh	THA-VPm-lh	THA-VPl-lh	THA-VAi-lh	THA-VAs-lh	THA-DAm-lh	THA-DAl-lh	PUT-VA-lh	PUT-DA-l	PUT-VP-lh	PUT-DP-lh	CAU-VA-lh	CAU-DA-lh	CAU-body-lh	CAU-tail-lh	lAMY-lh	mAMY-lh	THA-DP-lh	NAc-shell-lh	NAc-core-lh	pGP-lh	aGP-lh
0.38713669776916504	0.4021596908569336	0.30515074729919434	0.27283626794815063	0.3017648160457611	0.2788888216018677	0.314840167760849	0.2972196638584137	0.30306276679039	0.27425989508628845	0.3257717490196228	0.3055615723133087	0.3289453089237213	0.3165172338485718	0.32594260573387146	0.28770536184310913	0.30415886640548706	0.27991005778312683	0.36401671171188354	0.41187795996665955	0.28842222690582275	0.41117820143699646	0.30884218215942383	0.2898891866207123	0.3087344765663147	0.4050667881965637	0.377541184425354	0.2779201567173004	0.2711697220802307	0.2893329858779907	0.26038774847984314	0.3282015323638916	0.3063986301422119	0.3012339174747467	0.2850087285041809	0.32901278138160706	0.3205483555793762	0.35169517993927	0.31467506289482117	0.3179187774658203	0.3052009344100952	0.29908129572868347	0.2802947163581848	0.39651671051979065	0.3693029582500458	0.2750691771507263	0.3718225359916687	0.299672394990921	0.30745041370391846	0.29618021845817566
