HIP-head-m-rh	HIP-head-l-rh	HIP-body-rh	HIP-tail-rh	THA-VPm-rh	THA-VPl-rh	THA-VAi-rh	THA-VAs-rh	THA-DAm-rh	THA-DAl-rh	PUT-VA-rh	PUT-DA-rh	PUT-VP-rh	PUT-DP-rh	CAU-VA-rh	CAU-DA-rh	CAU-body-rh	CAU-tail-rh	lAMY-rh	mAMY-rh	THA-DP-rh	NAc-shell-rh	NAc-core-rh	pGP-rh	aGP-rh	HIP-head-m-lh	HIP-head-l-l	HIP-body-l	HIP-tail-lh	THA-VPm-lh	THA-VPl-lh	THA-VAi-lh	THA-VAs-lh	THA-DAm-lh	THA-DAl-lh	PUT-VA-lh	PUT-DA-l	PUT-VP-lh	PUT-DP-lh	CAU-VA-lh	CAU-DA-lh	CAU-body-lh	CAU-tail-lh	lAMY-lh	mAMY-lh	THA-DP-lh	NAc-shell-lh	NAc-core-lh	pGP-lh	aGP-lh
0.1291312426328659	0.14697858691215515	0.1569094955921173	0.1553971916437149	0.12785427272319794	0.12802736461162567	0.10510346293449402	0.12329236418008804	0.11703041195869446	0.10601290315389633	0.12949799001216888	0.14422132074832916	0.15870171785354614	0.18225477635860443	0.134639173746109	0.15604087710380554	0.16906088590621948	0.1637553721666336	0.13107748329639435	0.10951448976993561	0.12427838891744614	0.10184010863304138	0.12588639557361603	0.1140245571732521	0.09974294155836105	0.14391982555389404	0.15334942936897278	0.15630394220352173	0.15109282732009888	0.11097924411296844	0.0956866666674614	0.10542310774326324	0.12164557725191116	0.1405620574951172	0.12408152967691422	0.12954860925674438	0.14933009445667267	0.18018820881843567	0.16004107892513275	0.14171676337718964	0.18265804648399353	0.15077486634254456	0.13391558825969696	0.13893428444862366	0.12642909586429596	0.1141684502363205	0.13879430294036865	0.15615122020244598	0.10288772732019424	0.11374742537736893
