HIP-head-m-rh	HIP-head-l-rh	HIP-body-rh	HIP-tail-rh	THA-VPm-rh	THA-VPl-rh	THA-VAi-rh	THA-VAs-rh	THA-DAm-rh	THA-DAl-rh	PUT-VA-rh	PUT-DA-rh	PUT-VP-rh	PUT-DP-rh	CAU-VA-rh	CAU-DA-rh	CAU-body-rh	CAU-tail-rh	lAMY-rh	mAMY-rh	THA-DP-rh	NAc-shell-rh	NAc-core-rh	pGP-rh	aGP-rh	HIP-head-m-lh	HIP-head-l-l	HIP-body-l	HIP-tail-lh	THA-VPm-lh	THA-VPl-lh	THA-VAi-lh	THA-VAs-lh	THA-DAm-lh	THA-DAl-lh	PUT-VA-lh	PUT-DA-l	PUT-VP-lh	PUT-DP-lh	CAU-VA-lh	CAU-DA-lh	CAU-body-lh	CAU-tail-lh	lAMY-lh	mAMY-lh	THA-DP-lh	NAc-shell-lh	NAc-core-lh	pGP-lh	aGP-lh
0.5718520283699036	0.510720431804657	0.46024495363235474	0.35672807693481445	0.3398219048976898	0.3056843876838684	0.37864208221435547	0.3590650260448456	0.37315812706947327	0.3377356231212616	0.3891633152961731	0.36305856704711914	0.387769877910614	0.3611210286617279	0.39513400197029114	0.3680153787136078	0.35211509466171265	0.32153433561325073	0.447657972574234	0.6769124865531921	0.3548590838909149	0.3830292224884033	0.37430113554000854	0.3692752420902252	0.3298124670982361	0.5951697826385498	0.4590778052806854	0.41531607508659363	0.3311381936073303	0.3550180494785309	0.3051329255104065	0.4663623869419098	0.3824758231639862	0.3920815885066986	0.3542802035808563	0.370678573846817	0.36423802375793457	0.3479609787464142	0.34923607110977173	0.4013512134552002	0.352122962474823	0.350011944770813	0.4193802773952484	0.6489401459693909	0.7420592904090881	0.33803486824035645	0.39869290590286255	0.4186919927597046	0.3162669241428375	0.35136744379997253
