HIP-head-m-rh	HIP-head-l-rh	HIP-body-rh	HIP-tail-rh	THA-VPm-rh	THA-VPl-rh	THA-VAi-rh	THA-VAs-rh	THA-DAm-rh	THA-DAl-rh	PUT-VA-rh	PUT-DA-rh	PUT-VP-rh	PUT-DP-rh	CAU-VA-rh	CAU-DA-rh	CAU-body-rh	CAU-tail-rh	lAMY-rh	mAMY-rh	THA-DP-rh	NAc-shell-rh	NAc-core-rh	pGP-rh	aGP-rh	HIP-head-m-lh	HIP-head-l-l	HIP-body-l	HIP-tail-lh	THA-VPm-lh	THA-VPl-lh	THA-VAi-lh	THA-VAs-lh	THA-DAm-lh	THA-DAl-lh	PUT-VA-lh	PUT-DA-l	PUT-VP-lh	PUT-DP-lh	CAU-VA-lh	CAU-DA-lh	CAU-body-lh	CAU-tail-lh	lAMY-lh	mAMY-lh	THA-DP-lh	NAc-shell-lh	NAc-core-lh	pGP-lh	aGP-lh
0.1456356793642044	0.16675463318824768	0.18506722152233124	0.3184950649738312	0.2011423408985138	0.20038461685180664	0.18511593341827393	0.25910863280296326	0.23752208054065704	0.19912177324295044	0.13446247577667236	0.13587303459644318	0.1312824785709381	0.15239320695400238	0.24078474938869476	0.16598662734031677	0.2627542018890381	0.26805374026298523	0.17521339654922485	0.16665658354759216	0.22934705018997192	0.17257992923259735	0.17098736763000488	0.17465487122535706	0.19361445307731628	0.1362999677658081	0.14696522057056427	0.15945571660995483	0.28081944584846497	0.23480716347694397	0.1395375281572342	0.22053906321525574	0.2379685640335083	0.2101997286081314	0.20637501776218414	0.13870669901371002	0.13675370812416077	0.12917836010456085	0.14502856135368347	0.23052628338336945	0.14868015050888062	0.20425672829151154	0.24036049842834473	0.15719978511333466	0.15656918287277222	0.16092339158058167	0.20409005880355835	0.19808466732501984	0.14747759699821472	0.1521865874528885
