HIP-head-m-rh	HIP-head-l-rh	HIP-body-rh	HIP-tail-rh	THA-VPm-rh	THA-VPl-rh	THA-VAi-rh	THA-VAs-rh	THA-DAm-rh	THA-DAl-rh	PUT-VA-rh	PUT-DA-rh	PUT-VP-rh	PUT-DP-rh	CAU-VA-rh	CAU-DA-rh	CAU-body-rh	CAU-tail-rh	lAMY-rh	mAMY-rh	THA-DP-rh	NAc-shell-rh	NAc-core-rh	pGP-rh	aGP-rh	HIP-head-m-lh	HIP-head-l-l	HIP-body-l	HIP-tail-lh	THA-VPm-lh	THA-VPl-lh	THA-VAi-lh	THA-VAs-lh	THA-DAm-lh	THA-DAl-lh	PUT-VA-lh	PUT-DA-l	PUT-VP-lh	PUT-DP-lh	CAU-VA-lh	CAU-DA-lh	CAU-body-lh	CAU-tail-lh	lAMY-lh	mAMY-lh	THA-DP-lh	NAc-shell-lh	NAc-core-lh	pGP-lh	aGP-lh
0.26658037304878235	0.2677052319049835	0.28509119153022766	0.34134355187416077	0.29198065400123596	0.2591317296028137	0.2517096996307373	0.2792898714542389	0.29789695143699646	0.24897262454032898	0.26453864574432373	0.2278028279542923	0.23325395584106445	0.22744759917259216	0.27839070558547974	0.234217569231987	0.28461918234825134	0.26919931173324585	0.2679259479045868	0.2580755949020386	0.31952399015426636	0.25909268856048584	0.2540214955806732	0.27170342206954956	0.2700645327568054	0.25837644934654236	0.24672174453735352	0.2598976492881775	0.3373619616031647	0.347271591424942	0.23191006481647491	0.3068865239620209	0.2569316327571869	0.28362512588500977	0.26288408041000366	0.2465275228023529	0.22405964136123657	0.22642333805561066	0.23710927367210388	0.2518440783023834	0.250866562128067	0.2552909851074219	0.2580874562263489	0.25201377272605896	0.2566642761230469	0.2693534195423126	0.2536693513393402	0.27719902992248535	0.26615944504737854	0.24492889642715454
