HIP-head-m-rh	HIP-head-l-rh	HIP-body-rh	HIP-tail-rh	THA-VPm-rh	THA-VPl-rh	THA-VAi-rh	THA-VAs-rh	THA-DAm-rh	THA-DAl-rh	PUT-VA-rh	PUT-DA-rh	PUT-VP-rh	PUT-DP-rh	CAU-VA-rh	CAU-DA-rh	CAU-body-rh	CAU-tail-rh	lAMY-rh	mAMY-rh	THA-DP-rh	NAc-shell-rh	NAc-core-rh	pGP-rh	aGP-rh	HIP-head-m-lh	HIP-head-l-l	HIP-body-l	HIP-tail-lh	THA-VPm-lh	THA-VPl-lh	THA-VAi-lh	THA-VAs-lh	THA-DAm-lh	THA-DAl-lh	PUT-VA-lh	PUT-DA-l	PUT-VP-lh	PUT-DP-lh	CAU-VA-lh	CAU-DA-lh	CAU-body-lh	CAU-tail-lh	lAMY-lh	mAMY-lh	THA-DP-lh	NAc-shell-lh	NAc-core-lh	pGP-lh	aGP-lh
0.385021448135376	0.3735368251800537	0.32933399081230164	0.3012167811393738	0.2800145447254181	0.25338014960289	0.29657065868377686	0.293984591960907	0.3247767686843872	0.27506932616233826	0.30204176902770996	0.28996938467025757	0.2687022387981415	0.26983824372291565	0.30553239583969116	0.2622916102409363	0.2900479733943939	0.3660045862197876	0.414321631193161	0.5309848189353943	0.28213492035865784	0.33235394954681396	0.2889407277107239	0.25750020146369934	0.29370319843292236	0.3844073414802551	0.37484487891197205	0.3468063771724701	0.29778674244880676	0.2739497125148773	0.24582695960998535	0.30619627237319946	0.3121641278266907	0.3422243297100067	0.2963409721851349	0.3250507414340973	0.2769157886505127	0.2681504786014557	0.24384751915931702	0.31082648038864136	0.29973363876342773	0.31519782543182373	0.2894967198371887	0.38695278763771057	0.45429933071136475	0.28814059495925903	0.3378562927246094	0.31962260603904724	0.26754873991012573	0.28352001309394836
