HIP-head-m-rh	HIP-head-l-rh	HIP-body-rh	HIP-tail-rh	THA-VPm-rh	THA-VPl-rh	THA-VAi-rh	THA-VAs-rh	THA-DAm-rh	THA-DAl-rh	PUT-VA-rh	PUT-DA-rh	PUT-VP-rh	PUT-DP-rh	CAU-VA-rh	CAU-DA-rh	CAU-body-rh	CAU-tail-rh	lAMY-rh	mAMY-rh	THA-DP-rh	NAc-shell-rh	NAc-core-rh	pGP-rh	aGP-rh	HIP-head-m-lh	HIP-head-l-l	HIP-body-l	HIP-tail-lh	THA-VPm-lh	THA-VPl-lh	THA-VAi-lh	THA-VAs-lh	THA-DAm-lh	THA-DAl-lh	PUT-VA-lh	PUT-DA-l	PUT-VP-lh	PUT-DP-lh	CAU-VA-lh	CAU-DA-lh	CAU-body-lh	CAU-tail-lh	lAMY-lh	mAMY-lh	THA-DP-lh	NAc-shell-lh	NAc-core-lh	pGP-lh	aGP-lh
0.13039639592170715	0.13775382936000824	0.1324985921382904	0.13173091411590576	0.10479022562503815	0.11582642048597336	0.11640457063913345	0.15340451896190643	0.12057101726531982	0.14216862618923187	0.11661118268966675	0.13819429278373718	0.13610467314720154	0.15899042785167694	0.17476706206798553	0.13734330236911774	0.1753021627664566	0.1964293122291565	0.1303100883960724	0.13980752229690552	0.10876933485269547	0.12781992554664612	0.15429984033107758	0.1180860847234726	0.10889651626348495	0.1452469527721405	0.1372356414794922	0.11109650135040283	0.1242450475692749	0.11449559777975082	0.1224873960018158	0.12380435317754745	0.13136087357997894	0.14458908140659332	0.16243037581443787	0.10902512073516846	0.14445239305496216	0.1430101841688156	0.140313521027565	0.1708712875843048	0.1502976268529892	0.205715611577034	0.20035481452941895	0.13816939294338226	0.14034505188465118	0.12051054835319519	0.12190235406160355	0.13372789323329926	0.10668467730283737	0.11452226340770721
