HIP-head-m-rh	HIP-head-l-rh	HIP-body-rh	HIP-tail-rh	THA-VPm-rh	THA-VPl-rh	THA-VAi-rh	THA-VAs-rh	THA-DAm-rh	THA-DAl-rh	PUT-VA-rh	PUT-DA-rh	PUT-VP-rh	PUT-DP-rh	CAU-VA-rh	CAU-DA-rh	CAU-body-rh	CAU-tail-rh	lAMY-rh	mAMY-rh	THA-DP-rh	NAc-shell-rh	NAc-core-rh	pGP-rh	aGP-rh	HIP-head-m-lh	HIP-head-l-l	HIP-body-l	HIP-tail-lh	THA-VPm-lh	THA-VPl-lh	THA-VAi-lh	THA-VAs-lh	THA-DAm-lh	THA-DAl-lh	PUT-VA-lh	PUT-DA-l	PUT-VP-lh	PUT-DP-lh	CAU-VA-lh	CAU-DA-lh	CAU-body-lh	CAU-tail-lh	lAMY-lh	mAMY-lh	THA-DP-lh	NAc-shell-lh	NAc-core-lh	pGP-lh	aGP-lh
0.127788707613945	0.14150598645210266	0.14319463074207306	0.1607547402381897	0.1288585662841797	0.11207541078329086	0.10786654055118561	0.11714047193527222	0.16071981191635132	0.09523008018732071	0.127227321267128	0.14393746852874756	0.1261104792356491	0.13569608330726624	0.2000904232263565	0.14385396242141724	0.16414982080459595	0.18618033826351166	0.10344187915325165	0.09861579537391663	0.12579365074634552	0.11182953417301178	0.12397146224975586	0.12653589248657227	0.09514445811510086	0.12291426956653595	0.13577613234519958	0.15504436194896698	0.13912369310855865	0.10831903666257858	0.11389205604791641	0.10923215001821518	0.13907666504383087	0.13383054733276367	0.09844787418842316	0.1553473025560379	0.1304289996623993	0.13372328877449036	0.14886866509914398	0.2686729431152344	0.18777553737163544	0.22055014967918396	0.2152380794286728	0.10340878367424011	0.10252655297517776	0.10507931560277939	0.13013796508312225	0.1643224060535431	0.10871867090463638	0.10491467267274857
