HIP-head-m-rh	HIP-head-l-rh	HIP-body-rh	HIP-tail-rh	THA-VPm-rh	THA-VPl-rh	THA-VAi-rh	THA-VAs-rh	THA-DAm-rh	THA-DAl-rh	PUT-VA-rh	PUT-DA-rh	PUT-VP-rh	PUT-DP-rh	CAU-VA-rh	CAU-DA-rh	CAU-body-rh	CAU-tail-rh	lAMY-rh	mAMY-rh	THA-DP-rh	NAc-shell-rh	NAc-core-rh	pGP-rh	aGP-rh	HIP-head-m-lh	HIP-head-l-l	HIP-body-l	HIP-tail-lh	THA-VPm-lh	THA-VPl-lh	THA-VAi-lh	THA-VAs-lh	THA-DAm-lh	THA-DAl-lh	PUT-VA-lh	PUT-DA-l	PUT-VP-lh	PUT-DP-lh	CAU-VA-lh	CAU-DA-lh	CAU-body-lh	CAU-tail-lh	lAMY-lh	mAMY-lh	THA-DP-lh	NAc-shell-lh	NAc-core-lh	pGP-lh	aGP-lh
0.3105934262275696	0.24709735810756683	0.23517687618732452	0.22889648377895355	0.21377775073051453	0.24070799350738525	0.2585672438144684	0.2457115650177002	0.23260349035263062	0.2124059647321701	0.2628423571586609	0.2275240421295166	0.2252202183008194	0.22310546040534973	0.2723311483860016	0.23149511218070984	0.2438582181930542	0.22566057741641998	0.3165906071662903	0.27551549673080444	0.23449920117855072	0.2770635485649109	0.238339364528656	0.22747036814689636	0.2702006697654724	0.30221545696258545	0.2251499891281128	0.23084266483783722	0.2191333919763565	0.2249097377061844	0.2075079083442688	0.2811794877052307	0.2550797462463379	0.21499061584472656	0.22685489058494568	0.2630014717578888	0.24600358307361603	0.22597137093544006	0.22025008499622345	0.2688407599925995	0.24068523943424225	0.2563193738460541	0.24005433917045593	0.36852994561195374	0.38839951157569885	0.22400428354740143	0.2462771087884903	0.2342182993888855	0.21581026911735535	0.2528071701526642
