HIP-head-m-rh	HIP-head-l-rh	HIP-body-rh	HIP-tail-rh	THA-VPm-rh	THA-VPl-rh	THA-VAi-rh	THA-VAs-rh	THA-DAm-rh	THA-DAl-rh	PUT-VA-rh	PUT-DA-rh	PUT-VP-rh	PUT-DP-rh	CAU-VA-rh	CAU-DA-rh	CAU-body-rh	CAU-tail-rh	lAMY-rh	mAMY-rh	THA-DP-rh	NAc-shell-rh	NAc-core-rh	pGP-rh	aGP-rh	HIP-head-m-lh	HIP-head-l-l	HIP-body-l	HIP-tail-lh	THA-VPm-lh	THA-VPl-lh	THA-VAi-lh	THA-VAs-lh	THA-DAm-lh	THA-DAl-lh	PUT-VA-lh	PUT-DA-l	PUT-VP-lh	PUT-DP-lh	CAU-VA-lh	CAU-DA-lh	CAU-body-lh	CAU-tail-lh	lAMY-lh	mAMY-lh	THA-DP-lh	NAc-shell-lh	NAc-core-lh	pGP-lh	aGP-lh
0.13507623970508575	0.16545440256595612	0.17521148920059204	0.19697615504264832	0.10820084810256958	0.1370856761932373	0.1299378126859665	0.13422878086566925	0.13462798297405243	0.14471827447414398	0.1348944753408432	0.12203461676836014	0.15339522063732147	0.14331477880477905	0.20427212119102478	0.1370030641555786	0.1906278431415558	0.23157978057861328	0.12900368869304657	0.11851083487272263	0.11315395683050156	0.14663493633270264	0.15459181368350983	0.10292388498783112	0.1303572952747345	0.12341202795505524	0.1423833668231964	0.1691482663154602	0.1834852397441864	0.11716189980506897	0.12569227814674377	0.12289662659168243	0.14051851630210876	0.15856008231639862	0.14830367267131805	0.17264322936534882	0.12470052391290665	0.12461407482624054	0.13455122709274292	0.20394864678382874	0.1740223467350006	0.1732056885957718	0.18067623674869537	0.13021543622016907	0.13600562512874603	0.11665351688861847	0.13946616649627686	0.1586298644542694	0.09770449995994568	0.11601307988166809
