HIP-head-m-rh	HIP-head-l-rh	HIP-body-rh	HIP-tail-rh	THA-VPm-rh	THA-VPl-rh	THA-VAi-rh	THA-VAs-rh	THA-DAm-rh	THA-DAl-rh	PUT-VA-rh	PUT-DA-rh	PUT-VP-rh	PUT-DP-rh	CAU-VA-rh	CAU-DA-rh	CAU-body-rh	CAU-tail-rh	lAMY-rh	mAMY-rh	THA-DP-rh	NAc-shell-rh	NAc-core-rh	pGP-rh	aGP-rh	HIP-head-m-lh	HIP-head-l-l	HIP-body-l	HIP-tail-lh	THA-VPm-lh	THA-VPl-lh	THA-VAi-lh	THA-VAs-lh	THA-DAm-lh	THA-DAl-lh	PUT-VA-lh	PUT-DA-l	PUT-VP-lh	PUT-DP-lh	CAU-VA-lh	CAU-DA-lh	CAU-body-lh	CAU-tail-lh	lAMY-lh	mAMY-lh	THA-DP-lh	NAc-shell-lh	NAc-core-lh	pGP-lh	aGP-lh
0.25188422203063965	0.22711263597011566	0.23251308500766754	0.22063864767551422	0.20651085674762726	0.19509504735469818	0.21936874091625214	0.22674190998077393	0.21792085468769073	0.22454340755939484	0.246459499001503	0.22769421339035034	0.24219422042369843	0.23355384171009064	0.23014067113399506	0.21216359734535217	0.222549170255661	0.23004305362701416	0.264321893453598	0.3115106523036957	0.23241740465164185	0.2607514262199402	0.20537294447422028	0.2081824541091919	0.23395270109176636	0.2771468460559845	0.25042298436164856	0.2380535900592804	0.22599874436855316	0.2380189299583435	0.19777117669582367	0.2390863299369812	0.23095934092998505	0.24994193017482758	0.22551405429840088	0.24858099222183228	0.2531973421573639	0.24592748284339905	0.2149002104997635	0.2307048738002777	0.21669292449951172	0.2281733751296997	0.2317430078983307	0.2718011736869812	0.2704313099384308	0.2379007786512375	0.29159730672836304	0.21314021944999695	0.2306828796863556	0.23631948232650757
