HIP-head-m-rh	HIP-head-l-rh	HIP-body-rh	HIP-tail-rh	THA-VPm-rh	THA-VPl-rh	THA-VAi-rh	THA-VAs-rh	THA-DAm-rh	THA-DAl-rh	PUT-VA-rh	PUT-DA-rh	PUT-VP-rh	PUT-DP-rh	CAU-VA-rh	CAU-DA-rh	CAU-body-rh	CAU-tail-rh	lAMY-rh	mAMY-rh	THA-DP-rh	NAc-shell-rh	NAc-core-rh	pGP-rh	aGP-rh	HIP-head-m-lh	HIP-head-l-l	HIP-body-l	HIP-tail-lh	THA-VPm-lh	THA-VPl-lh	THA-VAi-lh	THA-VAs-lh	THA-DAm-lh	THA-DAl-lh	PUT-VA-lh	PUT-DA-l	PUT-VP-lh	PUT-DP-lh	CAU-VA-lh	CAU-DA-lh	CAU-body-lh	CAU-tail-lh	lAMY-lh	mAMY-lh	THA-DP-lh	NAc-shell-lh	NAc-core-lh	pGP-lh	aGP-lh
0.3263470530509949	0.3116474449634552	0.2810780704021454	0.2636050283908844	0.2627578377723694	0.2468874603509903	0.28016871213912964	0.26657137274742126	0.2673638164997101	0.24400316178798676	0.31084418296813965	0.2791469097137451	0.2863844633102417	0.2701915204524994	0.30258259177207947	0.27214542031288147	0.26600590348243713	0.2782371938228607	0.37358754873275757	0.43635550141334534	0.26812535524368286	0.33563077449798584	0.2752281129360199	0.2694965898990631	0.2887418866157532	0.36212238669395447	0.3404693603515625	0.30156809091567993	0.27246853709220886	0.2560979127883911	0.25307902693748474	0.2796682119369507	0.2807362973690033	0.2778794765472412	0.2607087194919586	0.31144630908966064	0.2792418897151947	0.2802093029022217	0.26240694522857666	0.30403709411621094	0.2807730734348297	0.2679274380207062	0.28469792008399963	0.37251871824264526	0.352370023727417	0.2697432041168213	0.3482673168182373	0.2803058624267578	0.27137696743011475	0.26964470744132996
