HIP-head-m-rh	HIP-head-l-rh	HIP-body-rh	HIP-tail-rh	THA-VPm-rh	THA-VPl-rh	THA-VAi-rh	THA-VAs-rh	THA-DAm-rh	THA-DAl-rh	PUT-VA-rh	PUT-DA-rh	PUT-VP-rh	PUT-DP-rh	CAU-VA-rh	CAU-DA-rh	CAU-body-rh	CAU-tail-rh	lAMY-rh	mAMY-rh	THA-DP-rh	NAc-shell-rh	NAc-core-rh	pGP-rh	aGP-rh	HIP-head-m-lh	HIP-head-l-l	HIP-body-l	HIP-tail-lh	THA-VPm-lh	THA-VPl-lh	THA-VAi-lh	THA-VAs-lh	THA-DAm-lh	THA-DAl-lh	PUT-VA-lh	PUT-DA-l	PUT-VP-lh	PUT-DP-lh	CAU-VA-lh	CAU-DA-lh	CAU-body-lh	CAU-tail-lh	lAMY-lh	mAMY-lh	THA-DP-lh	NAc-shell-lh	NAc-core-lh	pGP-lh	aGP-lh
0.1435367912054062	0.13282108306884766	0.13374321162700653	0.14829334616661072	0.11633884906768799	0.11212716996669769	0.1121179535984993	0.1577254682779312	0.1695253849029541	0.154549241065979	0.12596644461154938	0.13244052231311798	0.12807081639766693	0.13857750594615936	0.15384352207183838	0.12638497352600098	0.15756115317344666	0.15564830601215363	0.1360258162021637	0.12782953679561615	0.1349092423915863	0.09903882443904877	0.11726146936416626	0.09197058528661728	0.10864587128162384	0.14573055505752563	0.13906672596931458	0.1269252449274063	0.12752042710781097	0.10895268619060516	0.1029704138636589	0.10544222593307495	0.13090555369853973	0.159376323223114	0.147853821516037	0.11270997673273087	0.14257319271564484	0.13002073764801025	0.13561159372329712	0.1535758227109909	0.14846937358379364	0.16126541793346405	0.1476062834262848	0.13738155364990234	0.13428767025470734	0.11381655931472778	0.13256289064884186	0.13278897106647491	0.09604817628860474	0.10406515747308731
