HIP-head-m-rh	HIP-head-l-rh	HIP-body-rh	HIP-tail-rh	THA-VPm-rh	THA-VPl-rh	THA-VAi-rh	THA-VAs-rh	THA-DAm-rh	THA-DAl-rh	PUT-VA-rh	PUT-DA-rh	PUT-VP-rh	PUT-DP-rh	CAU-VA-rh	CAU-DA-rh	CAU-body-rh	CAU-tail-rh	lAMY-rh	mAMY-rh	THA-DP-rh	NAc-shell-rh	NAc-core-rh	pGP-rh	aGP-rh	HIP-head-m-lh	HIP-head-l-l	HIP-body-l	HIP-tail-lh	THA-VPm-lh	THA-VPl-lh	THA-VAi-lh	THA-VAs-lh	THA-DAm-lh	THA-DAl-lh	PUT-VA-lh	PUT-DA-l	PUT-VP-lh	PUT-DP-lh	CAU-VA-lh	CAU-DA-lh	CAU-body-lh	CAU-tail-lh	lAMY-lh	mAMY-lh	THA-DP-lh	NAc-shell-lh	NAc-core-lh	pGP-lh	aGP-lh
0.15793804824352264	0.14764133095741272	0.16366466879844666	0.1957191675901413	0.11329473555088043	0.11547145247459412	0.1329086273908615	0.11790849268436432	0.13593755662441254	0.12456383556127548	0.1587594449520111	0.18374720215797424	0.1421116441488266	0.1630130112171173	0.19233939051628113	0.1741497814655304	0.16908597946166992	0.14422725141048431	0.13944047689437866	0.1350880265235901	0.13850374519824982	0.13531160354614258	0.17591577768325806	0.09560025483369827	0.10697036981582642	0.1392877995967865	0.13809674978256226	0.14295941591262817	0.17297375202178955	0.12844908237457275	0.11371339857578278	0.1237170547246933	0.12587320804595947	0.14711564779281616	0.11871174722909927	0.16444063186645508	0.18685221672058105	0.17137162387371063	0.16505420207977295	0.19107654690742493	0.1742376834154129	0.17583638429641724	0.17655353248119354	0.13629359006881714	0.13813549280166626	0.13310804963111877	0.13666027784347534	0.20294414460659027	0.09680531173944473	0.1337970644235611
