HIP-head-m-rh	HIP-head-l-rh	HIP-body-rh	HIP-tail-rh	THA-VPm-rh	THA-VPl-rh	THA-VAi-rh	THA-VAs-rh	THA-DAm-rh	THA-DAl-rh	PUT-VA-rh	PUT-DA-rh	PUT-VP-rh	PUT-DP-rh	CAU-VA-rh	CAU-DA-rh	CAU-body-rh	CAU-tail-rh	lAMY-rh	mAMY-rh	THA-DP-rh	NAc-shell-rh	NAc-core-rh	pGP-rh	aGP-rh	HIP-head-m-lh	HIP-head-l-l	HIP-body-l	HIP-tail-lh	THA-VPm-lh	THA-VPl-lh	THA-VAi-lh	THA-VAs-lh	THA-DAm-lh	THA-DAl-lh	PUT-VA-lh	PUT-DA-l	PUT-VP-lh	PUT-DP-lh	CAU-VA-lh	CAU-DA-lh	CAU-body-lh	CAU-tail-lh	lAMY-lh	mAMY-lh	THA-DP-lh	NAc-shell-lh	NAc-core-lh	pGP-lh	aGP-lh
0.3734038174152374	0.3657379150390625	0.28607481718063354	0.2532174289226532	0.3015727400779724	0.32344958186149597	0.3150198459625244	0.276570588350296	0.25603899359703064	0.23733384907245636	0.2887525260448456	0.2554498314857483	0.2719934582710266	0.24926383793354034	0.2654537856578827	0.25826239585876465	0.26824453473091125	0.24209283292293549	0.30528929829597473	0.35564905405044556	0.27947622537612915	0.2824692726135254	0.2739070653915405	0.25901198387145996	0.29157254099845886	0.37535360455513	0.3176287114620209	0.26724064350128174	0.2683960497379303	0.2890663743019104	0.26526910066604614	0.32177287340164185	0.273695170879364	0.2796670198440552	0.24629053473472595	0.2862342894077301	0.28568947315216064	0.27590858936309814	0.25932779908180237	0.29155319929122925	0.26876166462898254	0.2826748490333557	0.24131903052330017	0.3231804668903351	0.3523539900779724	0.2502865195274353	0.3382265865802765	0.2993173599243164	0.26289039850234985	0.2718919515609741
