HIP-head-m-rh	HIP-head-l-rh	HIP-body-rh	HIP-tail-rh	THA-VPm-rh	THA-VPl-rh	THA-VAi-rh	THA-VAs-rh	THA-DAm-rh	THA-DAl-rh	PUT-VA-rh	PUT-DA-rh	PUT-VP-rh	PUT-DP-rh	CAU-VA-rh	CAU-DA-rh	CAU-body-rh	CAU-tail-rh	lAMY-rh	mAMY-rh	THA-DP-rh	NAc-shell-rh	NAc-core-rh	pGP-rh	aGP-rh	HIP-head-m-lh	HIP-head-l-l	HIP-body-l	HIP-tail-lh	THA-VPm-lh	THA-VPl-lh	THA-VAi-lh	THA-VAs-lh	THA-DAm-lh	THA-DAl-lh	PUT-VA-lh	PUT-DA-l	PUT-VP-lh	PUT-DP-lh	CAU-VA-lh	CAU-DA-lh	CAU-body-lh	CAU-tail-lh	lAMY-lh	mAMY-lh	THA-DP-lh	NAc-shell-lh	NAc-core-lh	pGP-lh	aGP-lh
0.604092001914978	0.37553873658180237	0.2717036306858063	0.25787287950515747	0.2837899923324585	0.24456757307052612	0.3527992367744446	0.27743786573410034	0.2960342466831207	0.2566295564174652	0.26872003078460693	0.27830085158348083	0.27255529165267944	0.28469812870025635	0.2899419665336609	0.2505370080471039	0.2550731897354126	0.23543834686279297	0.6959092020988464	0.7495468854904175	0.29581233859062195	0.36930879950523376	0.2812219560146332	0.31276264786720276	0.266842246055603	0.5030915141105652	0.36980533599853516	0.2930803894996643	0.2656462490558624	0.30523383617401123	0.27645060420036316	0.3982880413532257	0.3277686536312103	0.2826795279979706	0.25506046414375305	0.3178306221961975	0.30698665976524353	0.2608484923839569	0.29355162382125854	0.2966021001338959	0.28475987911224365	0.2764895260334015	0.2750100791454315	0.6339560747146606	0.5325232148170471	0.28907978534698486	0.36051511764526367	0.31037619709968567	0.27666452527046204	0.3199213743209839
