HIP-head-m-rh	HIP-head-l-rh	HIP-body-rh	HIP-tail-rh	THA-VPm-rh	THA-VPl-rh	THA-VAi-rh	THA-VAs-rh	THA-DAm-rh	THA-DAl-rh	PUT-VA-rh	PUT-DA-rh	PUT-VP-rh	PUT-DP-rh	CAU-VA-rh	CAU-DA-rh	CAU-body-rh	CAU-tail-rh	lAMY-rh	mAMY-rh	THA-DP-rh	NAc-shell-rh	NAc-core-rh	pGP-rh	aGP-rh	HIP-head-m-lh	HIP-head-l-l	HIP-body-l	HIP-tail-lh	THA-VPm-lh	THA-VPl-lh	THA-VAi-lh	THA-VAs-lh	THA-DAm-lh	THA-DAl-lh	PUT-VA-lh	PUT-DA-l	PUT-VP-lh	PUT-DP-lh	CAU-VA-lh	CAU-DA-lh	CAU-body-lh	CAU-tail-lh	lAMY-lh	mAMY-lh	THA-DP-lh	NAc-shell-lh	NAc-core-lh	pGP-lh	aGP-lh
0.10378240793943405	0.12677082419395447	0.1205352172255516	0.13864865899085999	0.13590995967388153	0.1152563989162445	0.11333917081356049	0.13412532210350037	0.1502573937177658	0.1227240189909935	0.1455194354057312	0.14662769436836243	0.1682336926460266	0.1758822649717331	0.1512269675731659	0.15162259340286255	0.18429946899414062	0.1789921224117279	0.12114707380533218	0.11438467353582382	0.1166309341788292	0.11716002970933914	0.12415434420108795	0.10886946320533752	0.10630109906196594	0.12407403439283371	0.13699796795845032	0.1277722269296646	0.11503330618143082	0.13094305992126465	0.1060919240117073	0.12027788907289505	0.12401942908763885	0.1532556414604187	0.12043019384145737	0.14282356202602386	0.15407617390155792	0.1627385914325714	0.1560630053281784	0.18054798245429993	0.17492075264453888	0.19075247645378113	0.25182968378067017	0.12822937965393066	0.13827653229236603	0.10483741015195847	0.15880732238292694	0.18541862070560455	0.10615174472332001	0.12021980434656143
