HIP-head-m-rh	HIP-head-l-rh	HIP-body-rh	HIP-tail-rh	THA-VPm-rh	THA-VPl-rh	THA-VAi-rh	THA-VAs-rh	THA-DAm-rh	THA-DAl-rh	PUT-VA-rh	PUT-DA-rh	PUT-VP-rh	PUT-DP-rh	CAU-VA-rh	CAU-DA-rh	CAU-body-rh	CAU-tail-rh	lAMY-rh	mAMY-rh	THA-DP-rh	NAc-shell-rh	NAc-core-rh	pGP-rh	aGP-rh	HIP-head-m-lh	HIP-head-l-l	HIP-body-l	HIP-tail-lh	THA-VPm-lh	THA-VPl-lh	THA-VAi-lh	THA-VAs-lh	THA-DAm-lh	THA-DAl-lh	PUT-VA-lh	PUT-DA-l	PUT-VP-lh	PUT-DP-lh	CAU-VA-lh	CAU-DA-lh	CAU-body-lh	CAU-tail-lh	lAMY-lh	mAMY-lh	THA-DP-lh	NAc-shell-lh	NAc-core-lh	pGP-lh	aGP-lh
0.11456625163555145	0.12681065499782562	0.11702430248260498	0.1109519973397255	0.10125000029802322	0.10498131066560745	0.11740890890359879	0.13867565989494324	0.15235671401023865	0.1172441691160202	0.12235721200704575	0.12136349827051163	0.16045893728733063	0.12475168704986572	0.17268060147762299	0.14906848967075348	0.19581229984760284	0.18929855525493622	0.1221274733543396	0.11982166767120361	0.10614118725061417	0.10998580604791641	0.11102456599473953	0.11702387034893036	0.1093277558684349	0.10354690998792648	0.1350584179162979	0.12774695456027985	0.13143692910671234	0.11430895328521729	0.09860258549451828	0.11185265332460403	0.13211920857429504	0.14934945106506348	0.1347770094871521	0.11994769424200058	0.14562031626701355	0.1397721916437149	0.12997987866401672	0.18734680116176605	0.16484950482845306	0.19847874343395233	0.2591617703437805	0.13418199121952057	0.13115358352661133	0.11520364880561829	0.13254661858081818	0.15081395208835602	0.09427282959222794	0.11424461752176285
