HIP-head-m-rh	HIP-head-l-rh	HIP-body-rh	HIP-tail-rh	THA-VPm-rh	THA-VPl-rh	THA-VAi-rh	THA-VAs-rh	THA-DAm-rh	THA-DAl-rh	PUT-VA-rh	PUT-DA-rh	PUT-VP-rh	PUT-DP-rh	CAU-VA-rh	CAU-DA-rh	CAU-body-rh	CAU-tail-rh	lAMY-rh	mAMY-rh	THA-DP-rh	NAc-shell-rh	NAc-core-rh	pGP-rh	aGP-rh	HIP-head-m-lh	HIP-head-l-l	HIP-body-l	HIP-tail-lh	THA-VPm-lh	THA-VPl-lh	THA-VAi-lh	THA-VAs-lh	THA-DAm-lh	THA-DAl-lh	PUT-VA-lh	PUT-DA-l	PUT-VP-lh	PUT-DP-lh	CAU-VA-lh	CAU-DA-lh	CAU-body-lh	CAU-tail-lh	lAMY-lh	mAMY-lh	THA-DP-lh	NAc-shell-lh	NAc-core-lh	pGP-lh	aGP-lh
0.47965624928474426	0.3574751913547516	0.34101781249046326	0.3184773623943329	0.3237697184085846	0.2878433167934418	0.35837164521217346	0.37414130568504333	0.31793469190597534	0.2813950777053833	0.3484722375869751	0.3340500593185425	0.31970542669296265	0.3081965744495392	0.32830318808555603	0.31424248218536377	0.31425702571868896	0.29209116101264954	0.37340837717056274	0.4781157970428467	0.33372431993484497	0.3461357355117798	0.30313825607299805	0.3348107933998108	0.3421286940574646	0.4912657141685486	0.44167616963386536	0.39592307806015015	0.32989224791526794	0.39265671372413635	0.3161191940307617	0.4006616175174713	0.324002742767334	0.2904610335826874	0.28528961539268494	0.34361782670021057	0.3186917304992676	0.31446731090545654	0.2902231216430664	0.368554025888443	0.3044184148311615	0.2982787489891052	0.34886789321899414	0.43548521399497986	0.48853638768196106	0.32225993275642395	0.385404109954834	0.36467042565345764	0.3351565897464752	0.3796159327030182
