HIP-head-m-rh	HIP-head-l-rh	HIP-body-rh	HIP-tail-rh	THA-VPm-rh	THA-VPl-rh	THA-VAi-rh	THA-VAs-rh	THA-DAm-rh	THA-DAl-rh	PUT-VA-rh	PUT-DA-rh	PUT-VP-rh	PUT-DP-rh	CAU-VA-rh	CAU-DA-rh	CAU-body-rh	CAU-tail-rh	lAMY-rh	mAMY-rh	THA-DP-rh	NAc-shell-rh	NAc-core-rh	pGP-rh	aGP-rh	HIP-head-m-lh	HIP-head-l-l	HIP-body-l	HIP-tail-lh	THA-VPm-lh	THA-VPl-lh	THA-VAi-lh	THA-VAs-lh	THA-DAm-lh	THA-DAl-lh	PUT-VA-lh	PUT-DA-l	PUT-VP-lh	PUT-DP-lh	CAU-VA-lh	CAU-DA-lh	CAU-body-lh	CAU-tail-lh	lAMY-lh	mAMY-lh	THA-DP-lh	NAc-shell-lh	NAc-core-lh	pGP-lh	aGP-lh
0.17650070786476135	0.15812435746192932	0.20815593004226685	0.1498083621263504	0.1672428399324417	0.13118605315685272	0.12037120759487152	0.14418374001979828	0.18925410509109497	0.13837574422359467	0.14533895254135132	0.18769769370555878	0.1533910483121872	0.1760926991701126	0.20982180535793304	0.19440655410289764	0.21834833920001984	0.2036033570766449	0.12977153062820435	0.14282603561878204	0.1389610469341278	0.15334174036979675	0.16626611351966858	0.11657856404781342	0.09829337149858475	0.13729549944400787	0.133713036775589	0.18792523443698883	0.14925816655158997	0.12110496312379837	0.1129709929227829	0.12238331139087677	0.16723626852035522	0.1714085340499878	0.15106181800365448	0.18840809166431427	0.17114953696727753	0.14783243834972382	0.15917381644248962	0.17496924102306366	0.2166397124528885	0.1841295063495636	0.23019438982009888	0.12429901212453842	0.1137436032295227	0.1336883157491684	0.1695156991481781	0.286165714263916	0.10915546119213104	0.09457283467054367
