HIP-head-m-rh	HIP-head-l-rh	HIP-body-rh	HIP-tail-rh	THA-VPm-rh	THA-VPl-rh	THA-VAi-rh	THA-VAs-rh	THA-DAm-rh	THA-DAl-rh	PUT-VA-rh	PUT-DA-rh	PUT-VP-rh	PUT-DP-rh	CAU-VA-rh	CAU-DA-rh	CAU-body-rh	CAU-tail-rh	lAMY-rh	mAMY-rh	THA-DP-rh	NAc-shell-rh	NAc-core-rh	pGP-rh	aGP-rh	HIP-head-m-lh	HIP-head-l-l	HIP-body-l	HIP-tail-lh	THA-VPm-lh	THA-VPl-lh	THA-VAi-lh	THA-VAs-lh	THA-DAm-lh	THA-DAl-lh	PUT-VA-lh	PUT-DA-l	PUT-VP-lh	PUT-DP-lh	CAU-VA-lh	CAU-DA-lh	CAU-body-lh	CAU-tail-lh	lAMY-lh	mAMY-lh	THA-DP-lh	NAc-shell-lh	NAc-core-lh	pGP-lh	aGP-lh
0.1442703902721405	0.14243793487548828	0.19140413403511047	0.1722242385149002	0.1298302412033081	0.11182290315628052	0.14009036123752594	0.15730741620063782	0.1687690168619156	0.12984605133533478	0.17651940882205963	0.1848021000623703	0.14163966476917267	0.14627549052238464	0.20821057260036469	0.18904349207878113	0.2033516764640808	0.20137919485569	0.11503475904464722	0.16445578634738922	0.14578810334205627	0.1430106908082962	0.18646076321601868	0.12877804040908813	0.12016353011131287	0.12944018840789795	0.12818945944309235	0.18889737129211426	0.17667245864868164	0.1427219659090042	0.14805863797664642	0.13247692584991455	0.18874791264533997	0.15218983590602875	0.14082354307174683	0.22077687084674835	0.19304367899894714	0.13220469653606415	0.15725363790988922	0.17935608327388763	0.18818333745002747	0.18567270040512085	0.17034320533275604	0.14392465353012085	0.14335544407367706	0.13272805511951447	0.18063732981681824	0.2774572968482971	0.11483075469732285	0.1190551370382309
