DMN_LABEL_1	Vis_LABEL_2	FP_LABEL_3	Aud_LABEL_4	Tpole_LABEL_5	PMN_LABEL_6	PON_LABEL_7	MTL_LABEL_8	PON_LABEL_9	CO_LABEL_10	Sal_LABEL_11	CO_LABEL_12	SMd_LABEL_13	SMl_LABEL_14	DAN_LABEL_15	DMN_LABEL_16	CO_LABEL_17	DMN_LABEL_18	VAN_LABEL_19	CO_LABEL_20	CO_LABEL_21	Sal_LABEL_22	DAN_LABEL_23	PMN_LABEL_24	DAN_LABEL_25	DMN_LABEL_26	DMN_LABEL_27	DMN_LABEL_28	Vis_LABEL_29	FP_LABEL_30	Aud_LABEL_31	Tpole_LABEL_32	PMN_LABEL_33	PON_LABEL_34	MTL_LABEL_35	CO_LABEL_36	Sal_LABEL_37	CO_LABEL_38	SMd_LABEL_39	SMl_LABEL_40	DAN_LABEL_41	CO_LABEL_42	VAN_LABEL_43	CO_LABEL_44	CO_LABEL_45	Sal_LABEL_46	DAN_LABEL_47	PMN_LABEL_48	DAN_LABEL_49	DMN_LABEL_50	FP_LABEL_51	DMN_LABEL_52	DMN_LABEL_53	PON_LABEL_54	DMN_LABEL_55	Tpole_LABEL_56	Tpole_LABEL_57	Sal_LABEL_58	Sal_LABEL_59	SMd_LABEL_60	DAN_LABEL_61	FP_LABEL_62	DMN_LABEL_63	FP_LABEL_64	FP_LABEL_65	SMd_LABEL_66	SMl_LABEL_67	SMd_LABEL_68	DMN_LABEL_69	DAN_LABEL_70	DMN_LABEL_71	FP_LABEL_72	SMd_LABEL_73	SMl_LABEL_74	MTL_LABEL_75	MTL_LABEL_76	CO_LABEL_77	CO_LABEL_78	Vis_LABEL_79	Vis_LABEL_80
0.40499764680862427	0.435689777135849	n/a	0.2501177191734314	0.1823616474866867	0.8876595497131348	0.2909669578075409	n/a	0.2028174102306366	0.06937538832426071	0.22112199664115906	n/a	n/a	1.0428617000579834	n/a	0.535941481590271	1.1827592849731445	0.23972170054912567	0.25771406292915344	0.16208812594413757	0.20033760368824005	0.19386331737041473	n/a	0.3648512661457062	0.357502281665802	0.3266501724720001	n/a	n/a	0.4394148886203766	n/a	0.33802953362464905	0.22543452680110931	0.6930957436561584	0.26871755719184875	n/a	0.03401409089565277	0.17976601421833038	n/a	n/a	0.1135895624756813	n/a	1.3109391927719116	0.27516570687294006	0.2334003746509552	0.19972628355026245	0.1932487189769745	n/a	0.3826652765274048	0.4252995550632477	n/a	0.31612256169319153	0.3030479848384857	0.2237047702074051	0.22312334179878235	n/a	0.29318830370903015	0.2775883972644806	0.2542857527732849	0.24197235703468323	0.26520785689353943	0.3061054050922394	0.28463196754455566	0.380009263753891	0.26102933287620544	0.27724894881248474	0.23286369442939758	0.22685441374778748	0.28981322050094604	0.3323567807674408	0.2989483177661896	0.5118455290794373	0.28722554445266724	0.26873695850372314	0.24439245462417603	0.27471813559532166	0.2714111804962158	0.24010585248470306	0.21865183115005493	0.23419922590255737	0.24446120858192444
