HIP-head-m-rh	HIP-head-l-rh	HIP-body-rh	HIP-tail-rh	THA-VPm-rh	THA-VPl-rh	THA-VAi-rh	THA-VAs-rh	THA-DAm-rh	THA-DAl-rh	PUT-VA-rh	PUT-DA-rh	PUT-VP-rh	PUT-DP-rh	CAU-VA-rh	CAU-DA-rh	CAU-body-rh	CAU-tail-rh	lAMY-rh	mAMY-rh	THA-DP-rh	NAc-shell-rh	NAc-core-rh	pGP-rh	aGP-rh	HIP-head-m-lh	HIP-head-l-l	HIP-body-l	HIP-tail-lh	THA-VPm-lh	THA-VPl-lh	THA-VAi-lh	THA-VAs-lh	THA-DAm-lh	THA-DAl-lh	PUT-VA-lh	PUT-DA-l	PUT-VP-lh	PUT-DP-lh	CAU-VA-lh	CAU-DA-lh	CAU-body-lh	CAU-tail-lh	lAMY-lh	mAMY-lh	THA-DP-lh	NAc-shell-lh	NAc-core-lh	pGP-lh	aGP-lh
0.31877294182777405	0.29080361127853394	0.27692723274230957	0.2841426730155945	0.2584422826766968	0.28289783000946045	0.30278050899505615	0.2778778672218323	0.2614486813545227	0.2546062469482422	0.28775766491889954	0.26927003264427185	0.26463353633880615	0.26392245292663574	0.31590476632118225	0.26780587434768677	0.28772351145744324	0.28979718685150146	0.33839431405067444	0.32721245288848877	0.2738368809223175	0.30173584818840027	0.26535916328430176	0.2599625289440155	0.307425856590271	0.3448500633239746	0.2498866319656372	0.26543039083480835	0.2627190351486206	0.2704181373119354	0.26889219880104065	0.3405715525150299	0.2897133231163025	0.26947221159935	0.25596439838409424	0.30736011266708374	0.2864454984664917	0.2530050277709961	0.2578688859939575	0.32752203941345215	0.27654045820236206	0.2933841645717621	0.3006982207298279	0.37700361013412476	0.4485071301460266	0.25347256660461426	0.2852936387062073	0.2608620822429657	0.25176262855529785	0.2899254858493805
