HIP-head-m-rh	HIP-head-l-rh	HIP-body-rh	HIP-tail-rh	THA-VPm-rh	THA-VPl-rh	THA-VAi-rh	THA-VAs-rh	THA-DAm-rh	THA-DAl-rh	PUT-VA-rh	PUT-DA-rh	PUT-VP-rh	PUT-DP-rh	CAU-VA-rh	CAU-DA-rh	CAU-body-rh	CAU-tail-rh	lAMY-rh	mAMY-rh	THA-DP-rh	NAc-shell-rh	NAc-core-rh	pGP-rh	aGP-rh	HIP-head-m-lh	HIP-head-l-l	HIP-body-l	HIP-tail-lh	THA-VPm-lh	THA-VPl-lh	THA-VAi-lh	THA-VAs-lh	THA-DAm-lh	THA-DAl-lh	PUT-VA-lh	PUT-DA-l	PUT-VP-lh	PUT-DP-lh	CAU-VA-lh	CAU-DA-lh	CAU-body-lh	CAU-tail-lh	lAMY-lh	mAMY-lh	THA-DP-lh	NAc-shell-lh	NAc-core-lh	pGP-lh	aGP-lh
0.11850939691066742	0.14294692873954773	0.17699597775936127	0.19684723019599915	0.11637100577354431	0.16224543750286102	0.1309957206249237	0.1367291957139969	0.16135703027248383	0.16393719613552094	0.18413440883159637	0.1967245489358902	0.21278297901153564	0.18933527171611786	0.1759471595287323	0.18007975816726685	0.19630838930606842	0.23518644273281097	0.14776872098445892	0.15100309252738953	0.14268267154693604	0.14734824001789093	0.16883724927902222	0.15040604770183563	0.1463150829076767	0.12475533783435822	0.13826395571231842	0.14638106524944305	0.18133093416690826	0.1270129680633545	0.13143222033977509	0.1311025172472	0.14391222596168518	0.1742464303970337	0.16030487418174744	0.1862802356481552	0.18198688328266144	0.1783018559217453	0.20217113196849823	0.19419939815998077	0.1608535498380661	0.19586139917373657	0.1707511693239212	0.14320099353790283	0.12148970365524292	0.1317947506904602	0.14175309240818024	0.16161611676216125	0.14308270812034607	0.14020022749900818
