HIP-head-m-rh	HIP-head-l-rh	HIP-body-rh	HIP-tail-rh	THA-VPm-rh	THA-VPl-rh	THA-VAi-rh	THA-VAs-rh	THA-DAm-rh	THA-DAl-rh	PUT-VA-rh	PUT-DA-rh	PUT-VP-rh	PUT-DP-rh	CAU-VA-rh	CAU-DA-rh	CAU-body-rh	CAU-tail-rh	lAMY-rh	mAMY-rh	THA-DP-rh	NAc-shell-rh	NAc-core-rh	pGP-rh	aGP-rh	HIP-head-m-lh	HIP-head-l-l	HIP-body-l	HIP-tail-lh	THA-VPm-lh	THA-VPl-lh	THA-VAi-lh	THA-VAs-lh	THA-DAm-lh	THA-DAl-lh	PUT-VA-lh	PUT-DA-l	PUT-VP-lh	PUT-DP-lh	CAU-VA-lh	CAU-DA-lh	CAU-body-lh	CAU-tail-lh	lAMY-lh	mAMY-lh	THA-DP-lh	NAc-shell-lh	NAc-core-lh	pGP-lh	aGP-lh
0.317282110452652	0.28331974148750305	0.26597315073013306	0.23803792893886566	0.2964198589324951	0.301173597574234	0.2870789170265198	0.2658325135707855	0.2826469838619232	0.2642309367656708	0.3215925991535187	0.331076979637146	0.5081530213356018	0.319737046957016	0.32415011525154114	0.2708956003189087	0.2778443992137909	0.27651268243789673	0.30577918887138367	0.4106270372867584	0.2944886386394501	0.3190596103668213	0.27619338035583496	0.4917704164981842	0.29068756103515625	0.3391156792640686	0.2876799404621124	0.2726362943649292	0.25756174325942993	0.3056657016277313	0.2733488082885742	0.28013429045677185	0.2665453255176544	0.2991357743740082	0.27282240986824036	0.3163333535194397	0.3092879056930542	0.2835550606250763	0.2839237153530121	0.27535223960876465	0.25455573201179504	0.25990140438079834	0.26027828454971313	0.31905871629714966	0.39957574009895325	0.26579275727272034	0.3269648849964142	0.2673988342285156	0.28371140360832214	0.2853786051273346
