HIP-head-m-rh	HIP-head-l-rh	HIP-body-rh	HIP-tail-rh	THA-VPm-rh	THA-VPl-rh	THA-VAi-rh	THA-VAs-rh	THA-DAm-rh	THA-DAl-rh	PUT-VA-rh	PUT-DA-rh	PUT-VP-rh	PUT-DP-rh	CAU-VA-rh	CAU-DA-rh	CAU-body-rh	CAU-tail-rh	lAMY-rh	mAMY-rh	THA-DP-rh	NAc-shell-rh	NAc-core-rh	pGP-rh	aGP-rh	HIP-head-m-lh	HIP-head-l-l	HIP-body-l	HIP-tail-lh	THA-VPm-lh	THA-VPl-lh	THA-VAi-lh	THA-VAs-lh	THA-DAm-lh	THA-DAl-lh	PUT-VA-lh	PUT-DA-l	PUT-VP-lh	PUT-DP-lh	CAU-VA-lh	CAU-DA-lh	CAU-body-lh	CAU-tail-lh	lAMY-lh	mAMY-lh	THA-DP-lh	NAc-shell-lh	NAc-core-lh	pGP-lh	aGP-lh
0.5211207866668701	0.5294511914253235	0.45646336674690247	0.4080947935581207	0.38249561190605164	0.3302192986011505	0.3743647038936615	0.4005022943019867	0.3628831207752228	0.352370947599411	0.460952490568161	0.4070785939693451	0.3821742832660675	0.36898860335350037	0.4054339528083801	0.41315218806266785	0.42985856533050537	0.44628122448921204	0.5033798217773438	0.5272698998451233	0.34887951612472534	0.4408814609050751	0.4335266053676605	0.3676310181617737	0.37137988209724426	0.5210602283477783	0.4789769649505615	0.37775442004203796	0.40834182500839233	0.3491182327270508	0.34742024540901184	0.4132827818393707	0.43419161438941956	0.3576628565788269	0.33486825227737427	0.45512863993644714	0.4140063524246216	0.35504335165023804	0.3528222143650055	0.3873516619205475	0.4311099052429199	0.41880378127098083	0.52388596534729	0.580180823802948	0.5720030665397644	0.3357113003730774	0.5069872736930847	0.4365832507610321	0.3940056562423706	0.42590194940567017
