HIP-head-m-rh	HIP-head-l-rh	HIP-body-rh	HIP-tail-rh	THA-VPm-rh	THA-VPl-rh	THA-VAi-rh	THA-VAs-rh	THA-DAm-rh	THA-DAl-rh	PUT-VA-rh	PUT-DA-rh	PUT-VP-rh	PUT-DP-rh	CAU-VA-rh	CAU-DA-rh	CAU-body-rh	CAU-tail-rh	lAMY-rh	mAMY-rh	THA-DP-rh	NAc-shell-rh	NAc-core-rh	pGP-rh	aGP-rh	HIP-head-m-lh	HIP-head-l-l	HIP-body-l	HIP-tail-lh	THA-VPm-lh	THA-VPl-lh	THA-VAi-lh	THA-VAs-lh	THA-DAm-lh	THA-DAl-lh	PUT-VA-lh	PUT-DA-l	PUT-VP-lh	PUT-DP-lh	CAU-VA-lh	CAU-DA-lh	CAU-body-lh	CAU-tail-lh	lAMY-lh	mAMY-lh	THA-DP-lh	NAc-shell-lh	NAc-core-lh	pGP-lh	aGP-lh
0.10200173407793045	0.16625109314918518	0.14088115096092224	0.13346341252326965	0.10940897464752197	0.10314161330461502	0.086387999355793	0.08789326250553131	0.10368466377258301	0.0997835025191307	0.12020368874073029	0.1241033747792244	0.1288839876651764	0.12901999056339264	0.13243085145950317	0.14012467861175537	0.14962968230247498	0.13834978640079498	0.17252349853515625	0.11708610504865646	0.12345310300588608	0.08610017597675323	0.13484641909599304	0.09494925290346146	0.09620700776576996	0.12536393105983734	0.17264559864997864	0.13735167682170868	0.18489956855773926	0.11958000808954239	0.10940388590097427	0.09026838093996048	0.08748305588960648	0.12012924253940582	0.09462352842092514	0.10645996034145355	0.11968172341585159	0.13206884264945984	0.1099758967757225	0.14923018217086792	0.13960883021354675	0.15717057883739471	0.11438785493373871	0.1688210517168045	0.12347361445426941	0.11501774936914444	0.0866546630859375	0.10046282410621643	0.08935839682817459	0.08756134659051895
