HIP-head-m-rh	HIP-head-l-rh	HIP-body-rh	HIP-tail-rh	THA-VPm-rh	THA-VPl-rh	THA-VAi-rh	THA-VAs-rh	THA-DAm-rh	THA-DAl-rh	PUT-VA-rh	PUT-DA-rh	PUT-VP-rh	PUT-DP-rh	CAU-VA-rh	CAU-DA-rh	CAU-body-rh	CAU-tail-rh	lAMY-rh	mAMY-rh	THA-DP-rh	NAc-shell-rh	NAc-core-rh	pGP-rh	aGP-rh	HIP-head-m-lh	HIP-head-l-l	HIP-body-l	HIP-tail-lh	THA-VPm-lh	THA-VPl-lh	THA-VAi-lh	THA-VAs-lh	THA-DAm-lh	THA-DAl-lh	PUT-VA-lh	PUT-DA-l	PUT-VP-lh	PUT-DP-lh	CAU-VA-lh	CAU-DA-lh	CAU-body-lh	CAU-tail-lh	lAMY-lh	mAMY-lh	THA-DP-lh	NAc-shell-lh	NAc-core-lh	pGP-lh	aGP-lh
0.14204196631908417	0.19005005061626434	0.13753290474414825	0.17037315666675568	0.10514713078737259	0.12456899881362915	0.08746650815010071	0.10653883218765259	0.13348235189914703	0.11564140021800995	0.14367878437042236	0.1632920801639557	0.13841144740581512	0.1335924118757248	0.15788379311561584	0.1538582444190979	0.20330654084682465	0.16727876663208008	0.148466557264328	0.12354318052530289	0.12075977772474289	0.09849989414215088	0.14656919240951538	0.10891497135162354	0.10437267273664474	0.12830884754657745	0.18254883587360382	0.17788101732730865	0.14424628019332886	0.1012200117111206	0.10288394242525101	0.09179752320051193	0.1227760836482048	0.12044216692447662	0.11091946065425873	0.12169879674911499	0.14320921897888184	0.14149107038974762	0.14691652357578278	0.14102010428905487	0.1545279622077942	0.15928244590759277	0.14831815659999847	0.1501198261976242	0.11651501804590225	0.10559675097465515	0.10000192373991013	0.11431008577346802	0.08376286923885345	0.09779709577560425
