HIP-head-m-rh	HIP-head-l-rh	HIP-body-rh	HIP-tail-rh	THA-VPm-rh	THA-VPl-rh	THA-VAi-rh	THA-VAs-rh	THA-DAm-rh	THA-DAl-rh	PUT-VA-rh	PUT-DA-rh	PUT-VP-rh	PUT-DP-rh	CAU-VA-rh	CAU-DA-rh	CAU-body-rh	CAU-tail-rh	lAMY-rh	mAMY-rh	THA-DP-rh	NAc-shell-rh	NAc-core-rh	pGP-rh	aGP-rh	HIP-head-m-lh	HIP-head-l-l	HIP-body-l	HIP-tail-lh	THA-VPm-lh	THA-VPl-lh	THA-VAi-lh	THA-VAs-lh	THA-DAm-lh	THA-DAl-lh	PUT-VA-lh	PUT-DA-l	PUT-VP-lh	PUT-DP-lh	CAU-VA-lh	CAU-DA-lh	CAU-body-lh	CAU-tail-lh	lAMY-lh	mAMY-lh	THA-DP-lh	NAc-shell-lh	NAc-core-lh	pGP-lh	aGP-lh
0.3857074975967407	0.36011695861816406	0.3099071979522705	0.28199848532676697	0.30804547667503357	0.2951812446117401	0.35096561908721924	0.2958354353904724	0.30499979853630066	0.28000280261039734	0.32176628708839417	0.3134387731552124	0.3197721838951111	0.2970544397830963	0.34480705857276917	0.3009989261627197	0.3033759891986847	0.2812883257865906	0.5073845386505127	0.4838464856147766	0.2832914888858795	0.4333110451698303	0.30573204159736633	0.27757441997528076	0.35502535104751587	0.3519364595413208	0.4095323383808136	0.2980509400367737	0.3029438555240631	0.28166332840919495	0.3153590261936188	0.3456598222255707	0.2998853623867035	0.3331405520439148	0.2846149802207947	0.3014761805534363	0.3024426996707916	0.3127269148826599	0.3075621426105499	0.3722946345806122	0.30918803811073303	0.32177919149398804	0.27549365162849426	0.4700205624103546	0.480900377035141	0.28363174200057983	0.3781185746192932	0.3048742711544037	0.2697163224220276	0.3075723350048065
