HIP-head-m-rh	HIP-head-l-rh	HIP-body-rh	HIP-tail-rh	THA-VPm-rh	THA-VPl-rh	THA-VAi-rh	THA-VAs-rh	THA-DAm-rh	THA-DAl-rh	PUT-VA-rh	PUT-DA-rh	PUT-VP-rh	PUT-DP-rh	CAU-VA-rh	CAU-DA-rh	CAU-body-rh	CAU-tail-rh	lAMY-rh	mAMY-rh	THA-DP-rh	NAc-shell-rh	NAc-core-rh	pGP-rh	aGP-rh	HIP-head-m-lh	HIP-head-l-l	HIP-body-l	HIP-tail-lh	THA-VPm-lh	THA-VPl-lh	THA-VAi-lh	THA-VAs-lh	THA-DAm-lh	THA-DAl-lh	PUT-VA-lh	PUT-DA-l	PUT-VP-lh	PUT-DP-lh	CAU-VA-lh	CAU-DA-lh	CAU-body-lh	CAU-tail-lh	lAMY-lh	mAMY-lh	THA-DP-lh	NAc-shell-lh	NAc-core-lh	pGP-lh	aGP-lh
0.2659541964530945	0.23752151429653168	0.2239895761013031	0.218988835811615	0.23666922748088837	0.22471266984939575	0.25921347737312317	0.2400379776954651	0.23470385372638702	0.23599353432655334	0.2616654932498932	0.2460731714963913	0.25704699754714966	0.25452712178230286	0.25010836124420166	0.23967237770557404	0.24170029163360596	0.2578117549419403	0.35855633020401	0.3533531129360199	0.23331135511398315	0.2838582396507263	0.24801068007946014	0.2471475750207901	0.2584961950778961	0.30308711528778076	0.24599424004554749	0.22645245492458344	0.22536106407642365	0.2276645004749298	0.23715078830718994	0.27165138721466064	0.2503513991832733	0.24892455339431763	0.24587883055210114	0.27070286870002747	0.25914329290390015	0.2671589255332947	0.24899624288082123	0.27211350202560425	0.282564640045166	0.25956401228904724	0.2711418569087982	0.3415735363960266	0.3177092671394348	0.2289455235004425	0.272055983543396	0.26313516497612	0.26973527669906616	0.264341801404953
