HIP-head-m-rh	HIP-head-l-rh	HIP-body-rh	HIP-tail-rh	THA-VPm-rh	THA-VPl-rh	THA-VAi-rh	THA-VAs-rh	THA-DAm-rh	THA-DAl-rh	PUT-VA-rh	PUT-DA-rh	PUT-VP-rh	PUT-DP-rh	CAU-VA-rh	CAU-DA-rh	CAU-body-rh	CAU-tail-rh	lAMY-rh	mAMY-rh	THA-DP-rh	NAc-shell-rh	NAc-core-rh	pGP-rh	aGP-rh	HIP-head-m-lh	HIP-head-l-l	HIP-body-l	HIP-tail-lh	THA-VPm-lh	THA-VPl-lh	THA-VAi-lh	THA-VAs-lh	THA-DAm-lh	THA-DAl-lh	PUT-VA-lh	PUT-DA-l	PUT-VP-lh	PUT-DP-lh	CAU-VA-lh	CAU-DA-lh	CAU-body-lh	CAU-tail-lh	lAMY-lh	mAMY-lh	THA-DP-lh	NAc-shell-lh	NAc-core-lh	pGP-lh	aGP-lh
0.4014465808868408	0.2637138068675995	0.31877636909484863	0.36327844858169556	0.3430251181125641	0.28007256984710693	0.3502030670642853	0.3324752748012543	0.370104044675827	0.3192407488822937	0.37468189001083374	0.31905192136764526	0.31018051505088806	0.3013250529766083	0.30258849263191223	0.28606536984443665	0.29382652044296265	0.29947447776794434	0.38382869958877563	0.44862425327301025	0.3362852931022644	0.3707572817802429	0.29942312836647034	0.286336749792099	0.30680611729621887	0.389254629611969	0.2902703881263733	0.2922641336917877	0.31525272130966187	0.34955859184265137	0.309524267911911	0.3434925377368927	0.34553247690200806	0.3709467947483063	0.2975321412086487	0.35601136088371277	0.32606983184814453	0.32060617208480835	0.317737877368927	0.30740705132484436	0.2781844437122345	0.3173440098762512	0.2945822775363922	0.34801971912384033	0.46245962381362915	0.3470010459423065	0.38215693831443787	0.2959957420825958	0.3424126207828522	0.3383747935295105
