HIP-head-m-rh	HIP-head-l-rh	HIP-body-rh	HIP-tail-rh	THA-VPm-rh	THA-VPl-rh	THA-VAi-rh	THA-VAs-rh	THA-DAm-rh	THA-DAl-rh	PUT-VA-rh	PUT-DA-rh	PUT-VP-rh	PUT-DP-rh	CAU-VA-rh	CAU-DA-rh	CAU-body-rh	CAU-tail-rh	lAMY-rh	mAMY-rh	THA-DP-rh	NAc-shell-rh	NAc-core-rh	pGP-rh	aGP-rh	HIP-head-m-lh	HIP-head-l-l	HIP-body-l	HIP-tail-lh	THA-VPm-lh	THA-VPl-lh	THA-VAi-lh	THA-VAs-lh	THA-DAm-lh	THA-DAl-lh	PUT-VA-lh	PUT-DA-l	PUT-VP-lh	PUT-DP-lh	CAU-VA-lh	CAU-DA-lh	CAU-body-lh	CAU-tail-lh	lAMY-lh	mAMY-lh	THA-DP-lh	NAc-shell-lh	NAc-core-lh	pGP-lh	aGP-lh
0.41356539726257324	0.28514114022254944	0.3129141628742218	0.32311955094337463	0.3470136821269989	0.27203452587127686	0.3317182958126068	0.3070559799671173	0.3352462649345398	0.2785705626010895	0.34919190406799316	0.2970399260520935	0.30428966879844666	0.2999744415283203	0.3140240013599396	0.2937157452106476	0.2695004642009735	0.286897212266922	0.401472806930542	0.45185941457748413	0.31810715794563293	0.36685875058174133	0.2922831177711487	0.2604333162307739	0.3032388687133789	0.3824365437030792	0.3003794848918915	0.29010826349258423	0.28151804208755493	0.3380717933177948	0.302196741104126	0.33203384280204773	0.3085015118122101	0.3236978054046631	0.28193333745002747	0.34059083461761475	0.30574285984039307	0.31286996603012085	0.30065032839775085	0.2998836040496826	0.26847583055496216	0.3134225606918335	0.32181617617607117	0.3814639747142792	0.47489917278289795	0.31970420479774475	0.3902475833892822	0.2933967709541321	0.29952460527420044	0.3345262110233307
