HIP-head-m-rh	HIP-head-l-rh	HIP-body-rh	HIP-tail-rh	THA-VPm-rh	THA-VPl-rh	THA-VAi-rh	THA-VAs-rh	THA-DAm-rh	THA-DAl-rh	PUT-VA-rh	PUT-DA-rh	PUT-VP-rh	PUT-DP-rh	CAU-VA-rh	CAU-DA-rh	CAU-body-rh	CAU-tail-rh	lAMY-rh	mAMY-rh	THA-DP-rh	NAc-shell-rh	NAc-core-rh	pGP-rh	aGP-rh	HIP-head-m-lh	HIP-head-l-l	HIP-body-l	HIP-tail-lh	THA-VPm-lh	THA-VPl-lh	THA-VAi-lh	THA-VAs-lh	THA-DAm-lh	THA-DAl-lh	PUT-VA-lh	PUT-DA-l	PUT-VP-lh	PUT-DP-lh	CAU-VA-lh	CAU-DA-lh	CAU-body-lh	CAU-tail-lh	lAMY-lh	mAMY-lh	THA-DP-lh	NAc-shell-lh	NAc-core-lh	pGP-lh	aGP-lh
0.1112324520945549	0.11785353720188141	0.12106042355298996	0.1598138064146042	0.10836098343133926	0.1269093155860901	0.12135030329227448	0.12217598408460617	0.1209695041179657	0.12134978920221329	0.11113857477903366	0.12807324528694153	0.15401197969913483	0.14588390290737152	0.14886635541915894	0.12090513110160828	0.1270594745874405	0.13031692802906036	0.11916191875934601	0.1251058131456375	0.12412936240434647	0.11611371487379074	0.13192571699619293	0.12693361937999725	0.10798278450965881	0.12707476317882538	0.12943238019943237	0.12709848582744598	0.14216402173042297	0.11458643525838852	0.12231980264186859	0.11943431943655014	0.12350514531135559	0.13352273404598236	0.12121517956256866	0.11951430886983871	0.11925893276929855	0.13316577672958374	0.14104130864143372	0.149937704205513	0.12643934786319733	0.11753805726766586	0.14485345780849457	0.11266137659549713	0.10856926441192627	0.11367624253034592	0.12408265471458435	0.1342354565858841	0.11315293610095978	0.1120736226439476
