HIP-head-m-rh	HIP-head-l-rh	HIP-body-rh	HIP-tail-rh	THA-VPm-rh	THA-VPl-rh	THA-VAi-rh	THA-VAs-rh	THA-DAm-rh	THA-DAl-rh	PUT-VA-rh	PUT-DA-rh	PUT-VP-rh	PUT-DP-rh	CAU-VA-rh	CAU-DA-rh	CAU-body-rh	CAU-tail-rh	lAMY-rh	mAMY-rh	THA-DP-rh	NAc-shell-rh	NAc-core-rh	pGP-rh	aGP-rh	HIP-head-m-lh	HIP-head-l-l	HIP-body-l	HIP-tail-lh	THA-VPm-lh	THA-VPl-lh	THA-VAi-lh	THA-VAs-lh	THA-DAm-lh	THA-DAl-lh	PUT-VA-lh	PUT-DA-l	PUT-VP-lh	PUT-DP-lh	CAU-VA-lh	CAU-DA-lh	CAU-body-lh	CAU-tail-lh	lAMY-lh	mAMY-lh	THA-DP-lh	NAc-shell-lh	NAc-core-lh	pGP-lh	aGP-lh
0.5423555374145508	0.4869239032268524	0.3909454643726349	0.30065155029296875	0.33516809344291687	0.27967962622642517	0.4072999954223633	0.3274044394493103	0.3417102098464966	0.2930588126182556	0.3305886387825012	0.32151082158088684	0.3487085700035095	0.33789247274398804	0.3439004719257355	0.28716814517974854	0.31203821301460266	0.3098415732383728	0.5317245721817017	0.5058680176734924	0.33018144965171814	0.35859158635139465	0.31163060665130615	0.30450546741485596	0.30527445673942566	0.6683789491653442	0.325710654258728	0.37075307965278625	0.3470342457294464	0.34920617938041687	0.27252334356307983	0.44020071625709534	0.3594180941581726	0.3528793752193451	0.323760986328125	0.3166430592536926	0.34246641397476196	0.34965085983276367	0.28616365790367126	0.3591167628765106	0.28722018003463745	0.31543999910354614	0.30673959851264954	0.5478617548942566	0.5264411568641663	0.295830100774765	0.3531985282897949	0.3322792947292328	0.29249197244644165	0.3060374855995178
