HIP-head-m-rh	HIP-head-l-rh	HIP-body-rh	HIP-tail-rh	THA-VPm-rh	THA-VPl-rh	THA-VAi-rh	THA-VAs-rh	THA-DAm-rh	THA-DAl-rh	PUT-VA-rh	PUT-DA-rh	PUT-VP-rh	PUT-DP-rh	CAU-VA-rh	CAU-DA-rh	CAU-body-rh	CAU-tail-rh	lAMY-rh	mAMY-rh	THA-DP-rh	NAc-shell-rh	NAc-core-rh	pGP-rh	aGP-rh	HIP-head-m-lh	HIP-head-l-l	HIP-body-l	HIP-tail-lh	THA-VPm-lh	THA-VPl-lh	THA-VAi-lh	THA-VAs-lh	THA-DAm-lh	THA-DAl-lh	PUT-VA-lh	PUT-DA-l	PUT-VP-lh	PUT-DP-lh	CAU-VA-lh	CAU-DA-lh	CAU-body-lh	CAU-tail-lh	lAMY-lh	mAMY-lh	THA-DP-lh	NAc-shell-lh	NAc-core-lh	pGP-lh	aGP-lh
0.3423456847667694	0.3278224766254425	0.27271580696105957	0.26075688004493713	0.27016782760620117	0.25691813230514526	0.2759838402271271	0.257726788520813	0.2678484320640564	0.25460997223854065	0.2924848794937134	0.27642473578453064	0.29137957096099854	0.2629333734512329	0.2825961112976074	0.2590140998363495	0.26463189721107483	0.25138720870018005	0.3484674394130707	0.3608224391937256	0.2597672939300537	0.2996828854084015	0.254437118768692	0.2672044336795807	0.29198357462882996	0.35602685809135437	0.3260607123374939	0.26693645119667053	0.265572190284729	0.2692530155181885	0.25211602449417114	0.28166648745536804	0.2693483531475067	0.2670561969280243	0.24570590257644653	0.2825385630130768	0.27528393268585205	0.300778329372406	0.2684763967990875	0.26189738512039185	0.25910717248916626	0.2673290967941284	0.24227124452590942	0.35165536403656006	0.3445564806461334	0.25674206018447876	0.3069572448730469	0.2515401542186737	0.261393666267395	0.2704732120037079
