HIP-head-m-rh	HIP-head-l-rh	HIP-body-rh	HIP-tail-rh	THA-VPm-rh	THA-VPl-rh	THA-VAi-rh	THA-VAs-rh	THA-DAm-rh	THA-DAl-rh	PUT-VA-rh	PUT-DA-rh	PUT-VP-rh	PUT-DP-rh	CAU-VA-rh	CAU-DA-rh	CAU-body-rh	CAU-tail-rh	lAMY-rh	mAMY-rh	THA-DP-rh	NAc-shell-rh	NAc-core-rh	pGP-rh	aGP-rh	HIP-head-m-lh	HIP-head-l-l	HIP-body-l	HIP-tail-lh	THA-VPm-lh	THA-VPl-lh	THA-VAi-lh	THA-VAs-lh	THA-DAm-lh	THA-DAl-lh	PUT-VA-lh	PUT-DA-l	PUT-VP-lh	PUT-DP-lh	CAU-VA-lh	CAU-DA-lh	CAU-body-lh	CAU-tail-lh	lAMY-lh	mAMY-lh	THA-DP-lh	NAc-shell-lh	NAc-core-lh	pGP-lh	aGP-lh
0.1114770695567131	0.11420399695634842	0.11987840384244919	0.13349869847297668	0.10623805969953537	0.101050965487957	0.1119900494813919	0.13951747119426727	0.14504748582839966	0.136342391371727	0.13530148565769196	0.14511258900165558	0.10854314267635345	0.12208391726016998	0.18989457190036774	0.16211140155792236	0.15455730259418488	0.14068512618541718	0.1101473867893219	0.09907738119363785	0.10975977033376694	0.1248675286769867	0.16101552546024323	0.10051479935646057	0.09937110543251038	0.09877695143222809	0.10136205703020096	0.1265704184770584	0.1064654141664505	0.11036571860313416	0.1024712398648262	0.10480760782957077	0.1142251044511795	0.1453036218881607	0.10634123533964157	0.1419031322002411	0.13928711414337158	0.09659074246883392	0.10751956701278687	0.13237640261650085	0.13343019783496857	0.15348386764526367	0.12697835266590118	0.10162874311208725	0.12297245115041733	0.10544851422309875	0.13050450384616852	0.11704130470752716	0.09035734832286835	0.11753201484680176
