HIP-head-m-rh	HIP-head-l-rh	HIP-body-rh	HIP-tail-rh	THA-VPm-rh	THA-VPl-rh	THA-VAi-rh	THA-VAs-rh	THA-DAm-rh	THA-DAl-rh	PUT-VA-rh	PUT-DA-rh	PUT-VP-rh	PUT-DP-rh	CAU-VA-rh	CAU-DA-rh	CAU-body-rh	CAU-tail-rh	lAMY-rh	mAMY-rh	THA-DP-rh	NAc-shell-rh	NAc-core-rh	pGP-rh	aGP-rh	HIP-head-m-lh	HIP-head-l-l	HIP-body-l	HIP-tail-lh	THA-VPm-lh	THA-VPl-lh	THA-VAi-lh	THA-VAs-lh	THA-DAm-lh	THA-DAl-lh	PUT-VA-lh	PUT-DA-l	PUT-VP-lh	PUT-DP-lh	CAU-VA-lh	CAU-DA-lh	CAU-body-lh	CAU-tail-lh	lAMY-lh	mAMY-lh	THA-DP-lh	NAc-shell-lh	NAc-core-lh	pGP-lh	aGP-lh
0.11465135961771011	0.12907832860946655	0.16038469970226288	0.17626096308231354	0.12068504840135574	0.13288931548595428	0.10169851034879684	0.11548610776662827	0.14344456791877747	0.11369533091783524	0.15326209366321564	0.1641262173652649	0.13186483085155487	0.13754704594612122	0.14069832861423492	0.13423147797584534	0.14974677562713623	0.1496887058019638	0.11126760393381119	0.13969871401786804	0.14052902162075043	0.13199886679649353	0.11626912653446198	0.10990282148122787	0.11093837022781372	0.13907521963119507	0.13731178641319275	0.17765086889266968	0.20759442448616028	0.12743467092514038	0.14299777150154114	0.10612092167139053	0.1263788938522339	0.15112318098545074	0.12936602532863617	0.13089044392108917	0.15722543001174927	0.13052497804164886	0.1351587325334549	0.17503955960273743	0.15088628232479095	0.1398850530385971	0.16019214689731598	0.13816803693771362	0.14436188340187073	0.14808113873004913	0.12888279557228088	0.1316872090101242	0.10123171657323837	0.09839655458927155
