HIP-head-m-rh	HIP-head-l-rh	HIP-body-rh	HIP-tail-rh	THA-VPm-rh	THA-VPl-rh	THA-VAi-rh	THA-VAs-rh	THA-DAm-rh	THA-DAl-rh	PUT-VA-rh	PUT-DA-rh	PUT-VP-rh	PUT-DP-rh	CAU-VA-rh	CAU-DA-rh	CAU-body-rh	CAU-tail-rh	lAMY-rh	mAMY-rh	THA-DP-rh	NAc-shell-rh	NAc-core-rh	pGP-rh	aGP-rh	HIP-head-m-lh	HIP-head-l-l	HIP-body-l	HIP-tail-lh	THA-VPm-lh	THA-VPl-lh	THA-VAi-lh	THA-VAs-lh	THA-DAm-lh	THA-DAl-lh	PUT-VA-lh	PUT-DA-l	PUT-VP-lh	PUT-DP-lh	CAU-VA-lh	CAU-DA-lh	CAU-body-lh	CAU-tail-lh	lAMY-lh	mAMY-lh	THA-DP-lh	NAc-shell-lh	NAc-core-lh	pGP-lh	aGP-lh
0.12410368025302887	0.12067604064941406	0.12823526561260223	0.1576772928237915	0.10448499023914337	0.11151719838380814	0.1131795197725296	0.12180500477552414	0.13745619356632233	0.14510564506053925	0.13390767574310303	0.12272718548774719	0.1642455756664276	0.17567692697048187	0.11181700974702835	0.1152203232049942	0.13728494942188263	0.14205621182918549	0.1612044721841812	0.13034753501415253	0.10767590254545212	0.14908385276794434	0.1510584056377411	0.10025926679372787	0.085747130215168	0.12199927866458893	0.13548706471920013	0.16295981407165527	0.1391407698392868	0.10683801770210266	0.1365659385919571	0.1159968301653862	0.12827657163143158	0.14271363615989685	0.14654912054538727	0.12826035916805267	0.13824069499969482	0.1405598223209381	0.13748325407505035	0.14709724485874176	0.12956790626049042	0.12881727516651154	0.14588256180286407	0.13894423842430115	0.12448390573263168	0.10304898768663406	0.1449986696243286	0.1478700041770935	0.08542276918888092	0.11146692931652069
