HIP-head-m-rh	HIP-head-l-rh	HIP-body-rh	HIP-tail-rh	THA-VPm-rh	THA-VPl-rh	THA-VAi-rh	THA-VAs-rh	THA-DAm-rh	THA-DAl-rh	PUT-VA-rh	PUT-DA-rh	PUT-VP-rh	PUT-DP-rh	CAU-VA-rh	CAU-DA-rh	CAU-body-rh	CAU-tail-rh	lAMY-rh	mAMY-rh	THA-DP-rh	NAc-shell-rh	NAc-core-rh	pGP-rh	aGP-rh	HIP-head-m-lh	HIP-head-l-l	HIP-body-l	HIP-tail-lh	THA-VPm-lh	THA-VPl-lh	THA-VAi-lh	THA-VAs-lh	THA-DAm-lh	THA-DAl-lh	PUT-VA-lh	PUT-DA-l	PUT-VP-lh	PUT-DP-lh	CAU-VA-lh	CAU-DA-lh	CAU-body-lh	CAU-tail-lh	lAMY-lh	mAMY-lh	THA-DP-lh	NAc-shell-lh	NAc-core-lh	pGP-lh	aGP-lh
0.32334983348846436	0.33075544238090515	0.3215327560901642	0.2899828255176544	0.3295201063156128	0.2873772084712982	0.41818341612815857	0.32598820328712463	0.32505324482917786	0.27802151441574097	0.35265493392944336	0.3351343870162964	0.448671817779541	0.3248092234134674	0.33220434188842773	0.3059177100658417	0.30808883905410767	0.29778653383255005	0.34950321912765503	0.4386146664619446	0.31873875856399536	0.41505804657936096	0.3172542154788971	0.311301589012146	0.33745434880256653	0.37006571888923645	0.36496153473854065	0.29657718539237976	0.31852445006370544	0.32813382148742676	0.31421956419944763	0.47281670570373535	0.3636245131492615	0.399096816778183	0.2991523742675781	0.4386780261993408	0.3973725438117981	0.43454819917678833	0.3313343822956085	0.36616018414497375	0.31951430439949036	0.3227047324180603	0.3186843693256378	0.4686700701713562	0.48791977763175964	0.3213194012641907	0.3891577124595642	0.36567893624305725	0.31551608443260193	0.34602317214012146
