HIP-head-m-rh	HIP-head-l-rh	HIP-body-rh	HIP-tail-rh	THA-VPm-rh	THA-VPl-rh	THA-VAi-rh	THA-VAs-rh	THA-DAm-rh	THA-DAl-rh	PUT-VA-rh	PUT-DA-rh	PUT-VP-rh	PUT-DP-rh	CAU-VA-rh	CAU-DA-rh	CAU-body-rh	CAU-tail-rh	lAMY-rh	mAMY-rh	THA-DP-rh	NAc-shell-rh	NAc-core-rh	pGP-rh	aGP-rh	HIP-head-m-lh	HIP-head-l-l	HIP-body-l	HIP-tail-lh	THA-VPm-lh	THA-VPl-lh	THA-VAi-lh	THA-VAs-lh	THA-DAm-lh	THA-DAl-lh	PUT-VA-lh	PUT-DA-l	PUT-VP-lh	PUT-DP-lh	CAU-VA-lh	CAU-DA-lh	CAU-body-lh	CAU-tail-lh	lAMY-lh	mAMY-lh	THA-DP-lh	NAc-shell-lh	NAc-core-lh	pGP-lh	aGP-lh
0.10995395481586456	0.12385450303554535	0.14393070340156555	0.1577150672674179	0.10343603789806366	0.10204124450683594	0.09888597577810287	0.1091872975230217	0.12356541305780411	0.10462057590484619	0.1179705560207367	0.10799842327833176	0.12075971066951752	0.10605307668447495	0.11887895315885544	0.11759482324123383	0.13369476795196533	0.13884839415550232	0.11021114140748978	0.09007510542869568	0.11008476465940475	0.10921432822942734	0.11942865699529648	0.10085376352071762	0.1081976443529129	0.099050372838974	0.11282447725534439	0.11365003883838654	0.15566889941692352	0.1104346439242363	0.09914830327033997	0.10050041973590851	0.10706903785467148	0.1215709000825882	0.09924758970737457	0.12133540213108063	0.11948864907026291	0.11402373015880585	0.12025424838066101	0.1231202483177185	0.1143026053905487	0.13438664376735687	0.148396834731102	0.10771205276250839	0.10222287476062775	0.11311083287000656	0.10746139287948608	0.12337721139192581	0.09443183243274689	0.0908961370587349
