HIP-head-m-rh	HIP-head-l-rh	HIP-body-rh	HIP-tail-rh	THA-VPm-rh	THA-VPl-rh	THA-VAi-rh	THA-VAs-rh	THA-DAm-rh	THA-DAl-rh	PUT-VA-rh	PUT-DA-rh	PUT-VP-rh	PUT-DP-rh	CAU-VA-rh	CAU-DA-rh	CAU-body-rh	CAU-tail-rh	lAMY-rh	mAMY-rh	THA-DP-rh	NAc-shell-rh	NAc-core-rh	pGP-rh	aGP-rh	HIP-head-m-lh	HIP-head-l-l	HIP-body-l	HIP-tail-lh	THA-VPm-lh	THA-VPl-lh	THA-VAi-lh	THA-VAs-lh	THA-DAm-lh	THA-DAl-lh	PUT-VA-lh	PUT-DA-l	PUT-VP-lh	PUT-DP-lh	CAU-VA-lh	CAU-DA-lh	CAU-body-lh	CAU-tail-lh	lAMY-lh	mAMY-lh	THA-DP-lh	NAc-shell-lh	NAc-core-lh	pGP-lh	aGP-lh
0.3187379240989685	0.2644232213497162	0.2684875428676605	0.25539904832839966	0.305503785610199	0.28271836042404175	0.30964159965515137	0.28276994824409485	0.288107305765152	0.2745015323162079	0.2814466655254364	0.27972298860549927	0.2825917899608612	0.2790164053440094	0.27992862462997437	0.2738306522369385	0.28972333669662476	0.31924402713775635	0.2862424850463867	0.3516612648963928	0.28606411814689636	0.2974412739276886	0.2511727511882782	0.2740170657634735	0.29491421580314636	0.3296240568161011	0.26674172282218933	0.2630990445613861	0.25601160526275635	0.2901057302951813	0.2859809994697571	0.2994057238101959	0.2927124500274658	0.289721816778183	0.26666635274887085	0.2661267817020416	0.27731937170028687	0.2898503541946411	0.2821909487247467	0.2727225422859192	0.282490998506546	0.30213457345962524	0.2775929272174835	0.29944244027137756	0.3315061330795288	0.2822801172733307	0.26904696226119995	0.24598266184329987	0.30246174335479736	0.2852107882499695
