HIP-head-m-rh	HIP-head-l-rh	HIP-body-rh	HIP-tail-rh	THA-VPm-rh	THA-VPl-rh	THA-VAi-rh	THA-VAs-rh	THA-DAm-rh	THA-DAl-rh	PUT-VA-rh	PUT-DA-rh	PUT-VP-rh	PUT-DP-rh	CAU-VA-rh	CAU-DA-rh	CAU-body-rh	CAU-tail-rh	lAMY-rh	mAMY-rh	THA-DP-rh	NAc-shell-rh	NAc-core-rh	pGP-rh	aGP-rh	HIP-head-m-lh	HIP-head-l-l	HIP-body-l	HIP-tail-lh	THA-VPm-lh	THA-VPl-lh	THA-VAi-lh	THA-VAs-lh	THA-DAm-lh	THA-DAl-lh	PUT-VA-lh	PUT-DA-l	PUT-VP-lh	PUT-DP-lh	CAU-VA-lh	CAU-DA-lh	CAU-body-lh	CAU-tail-lh	lAMY-lh	mAMY-lh	THA-DP-lh	NAc-shell-lh	NAc-core-lh	pGP-lh	aGP-lh
0.3181772232055664	0.3294595777988434	0.3138444423675537	0.2946908175945282	0.3021940588951111	0.2647610604763031	0.3258933424949646	0.33439940214157104	0.28520700335502625	0.26627272367477417	0.32030779123306274	0.32447871565818787	0.28475117683410645	0.29764384031295776	0.29466935992240906	0.29652339220046997	0.3001338541507721	0.30232250690460205	0.40585702657699585	0.446826308965683	0.31326401233673096	0.3691573143005371	0.2933957576751709	0.28846442699432373	0.4081002175807953	0.34539005160331726	0.39249706268310547	0.36926746368408203	0.2798265814781189	0.2985900640487671	0.2701474726200104	0.2984592318534851	0.33792930841445923	0.27993151545524597	0.26564204692840576	0.34148314595222473	0.3209739625453949	0.28594112396240234	0.28880828619003296	0.27973049879074097	0.2743004858493805	0.31481659412384033	0.28368160128593445	0.36547911167144775	0.41882017254829407	0.310314416885376	0.3533417880535126	0.2706276774406433	0.2906307280063629	0.38064101338386536
