HIP-head-m-rh	HIP-head-l-rh	HIP-body-rh	HIP-tail-rh	THA-VPm-rh	THA-VPl-rh	THA-VAi-rh	THA-VAs-rh	THA-DAm-rh	THA-DAl-rh	PUT-VA-rh	PUT-DA-rh	PUT-VP-rh	PUT-DP-rh	CAU-VA-rh	CAU-DA-rh	CAU-body-rh	CAU-tail-rh	lAMY-rh	mAMY-rh	THA-DP-rh	NAc-shell-rh	NAc-core-rh	pGP-rh	aGP-rh	HIP-head-m-lh	HIP-head-l-l	HIP-body-l	HIP-tail-lh	THA-VPm-lh	THA-VPl-lh	THA-VAi-lh	THA-VAs-lh	THA-DAm-lh	THA-DAl-lh	PUT-VA-lh	PUT-DA-l	PUT-VP-lh	PUT-DP-lh	CAU-VA-lh	CAU-DA-lh	CAU-body-lh	CAU-tail-lh	lAMY-lh	mAMY-lh	THA-DP-lh	NAc-shell-lh	NAc-core-lh	pGP-lh	aGP-lh
0.1321551650762558	0.12038920819759369	0.13606326282024384	0.15261341631412506	0.16433462500572205	0.1619579792022705	0.1806500256061554	0.17341381311416626	0.2357838898897171	0.17581218481063843	0.25218403339385986	0.1561533659696579	0.18891513347625732	0.2000233232975006	0.17810988426208496	0.24541762471199036	0.17968830466270447	0.18038839101791382	0.11924325674772263	0.12569575011730194	0.1593009978532791	0.15438984334468842	0.23549287021160126	0.10687592625617981	0.10868822783231735	0.14336514472961426	0.1369963139295578	0.15942683815956116	0.1391594260931015	0.15762385725975037	0.1565147042274475	0.14746709167957306	0.18422409892082214	0.23124264180660248	0.2070595771074295	0.21687619388103485	0.16601884365081787	0.1504126787185669	0.1609039455652237	0.18346640467643738	0.21595969796180725	0.17923037707805634	0.1316058486700058	0.1240689754486084	0.148498997092247	0.16313068568706512	0.16377581655979156	0.20877692103385925	0.11978735029697418	0.12129851430654526
