HIP-head-m-rh	HIP-head-l-rh	HIP-body-rh	HIP-tail-rh	THA-VPm-rh	THA-VPl-rh	THA-VAi-rh	THA-VAs-rh	THA-DAm-rh	THA-DAl-rh	PUT-VA-rh	PUT-DA-rh	PUT-VP-rh	PUT-DP-rh	CAU-VA-rh	CAU-DA-rh	CAU-body-rh	CAU-tail-rh	lAMY-rh	mAMY-rh	THA-DP-rh	NAc-shell-rh	NAc-core-rh	pGP-rh	aGP-rh	HIP-head-m-lh	HIP-head-l-l	HIP-body-l	HIP-tail-lh	THA-VPm-lh	THA-VPl-lh	THA-VAi-lh	THA-VAs-lh	THA-DAm-lh	THA-DAl-lh	PUT-VA-lh	PUT-DA-l	PUT-VP-lh	PUT-DP-lh	CAU-VA-lh	CAU-DA-lh	CAU-body-lh	CAU-tail-lh	lAMY-lh	mAMY-lh	THA-DP-lh	NAc-shell-lh	NAc-core-lh	pGP-lh	aGP-lh
0.11773374676704407	0.12123551219701767	0.1334274709224701	0.14800845086574554	0.12673981487751007	0.1289459615945816	0.11912570148706436	0.15331844985485077	0.1602446436882019	0.16817575693130493	0.1202663853764534	0.12322013080120087	0.14482437074184418	0.12754175066947937	0.16321274638175964	0.13738872110843658	0.1367635875940323	0.15850023925304413	0.12162788957357407	0.11192704737186432	0.10619965195655823	0.1265694499015808	0.11073226481676102	0.10516737401485443	0.10355790704488754	0.10988462716341019	0.10897952318191528	0.1147662103176117	0.13106292486190796	0.1151065081357956	0.12053888291120529	0.12304955720901489	0.15630649030208588	0.1400369107723236	0.14606328308582306	0.12498887628316879	0.1319640576839447	0.11996672302484512	0.11893707513809204	0.15966813266277313	0.1585313379764557	0.15318991243839264	0.12767183780670166	0.11651857197284698	0.1283784955739975	0.10678146779537201	0.11648242920637131	0.11597801744937897	0.11441158503293991	0.11699258536100388
