HIP-head-m-rh	HIP-head-l-rh	HIP-body-rh	HIP-tail-rh	THA-VPm-rh	THA-VPl-rh	THA-VAi-rh	THA-VAs-rh	THA-DAm-rh	THA-DAl-rh	PUT-VA-rh	PUT-DA-rh	PUT-VP-rh	PUT-DP-rh	CAU-VA-rh	CAU-DA-rh	CAU-body-rh	CAU-tail-rh	lAMY-rh	mAMY-rh	THA-DP-rh	NAc-shell-rh	NAc-core-rh	pGP-rh	aGP-rh	HIP-head-m-lh	HIP-head-l-l	HIP-body-l	HIP-tail-lh	THA-VPm-lh	THA-VPl-lh	THA-VAi-lh	THA-VAs-lh	THA-DAm-lh	THA-DAl-lh	PUT-VA-lh	PUT-DA-l	PUT-VP-lh	PUT-DP-lh	CAU-VA-lh	CAU-DA-lh	CAU-body-lh	CAU-tail-lh	lAMY-lh	mAMY-lh	THA-DP-lh	NAc-shell-lh	NAc-core-lh	pGP-lh	aGP-lh
0.13080115616321564	0.12594805657863617	0.13538618385791779	0.14390568435192108	0.10301344841718674	0.11769671738147736	0.13410401344299316	0.1470339149236679	0.15825562179088593	0.13449546694755554	0.15522335469722748	0.13981115818023682	0.14253689348697662	0.14510765671730042	0.15962722897529602	0.14066870510578156	0.19491936266422272	0.1983424723148346	0.12879666686058044	0.11285841464996338	0.11434940993785858	0.11688703298568726	0.1484505981206894	0.10891935974359512	0.10509782284498215	0.14435601234436035	0.13891972601413727	0.1280393749475479	0.14321520924568176	0.11287398636341095	0.08763966709375381	0.1138087809085846	0.14733394980430603	0.19220209121704102	0.12779539823532104	0.1326472908258438	0.14791178703308105	0.13447217643260956	0.13219596445560455	0.15630587935447693	0.15267950296401978	0.17647606134414673	0.14947114884853363	0.13231629133224487	0.1633090227842331	0.11581084132194519	0.11771074682474136	0.15625257790088654	0.10498308390378952	0.11083339154720306
