HIP-head-m-rh	HIP-head-l-rh	HIP-body-rh	HIP-tail-rh	THA-VPm-rh	THA-VPl-rh	THA-VAi-rh	THA-VAs-rh	THA-DAm-rh	THA-DAl-rh	PUT-VA-rh	PUT-DA-rh	PUT-VP-rh	PUT-DP-rh	CAU-VA-rh	CAU-DA-rh	CAU-body-rh	CAU-tail-rh	lAMY-rh	mAMY-rh	THA-DP-rh	NAc-shell-rh	NAc-core-rh	pGP-rh	aGP-rh	HIP-head-m-lh	HIP-head-l-l	HIP-body-l	HIP-tail-lh	THA-VPm-lh	THA-VPl-lh	THA-VAi-lh	THA-VAs-lh	THA-DAm-lh	THA-DAl-lh	PUT-VA-lh	PUT-DA-l	PUT-VP-lh	PUT-DP-lh	CAU-VA-lh	CAU-DA-lh	CAU-body-lh	CAU-tail-lh	lAMY-lh	mAMY-lh	THA-DP-lh	NAc-shell-lh	NAc-core-lh	pGP-lh	aGP-lh
0.10970500856637955	0.1030130609869957	0.10953643172979355	0.1278337687253952	0.10061319172382355	0.091844342648983	0.1042611300945282	0.11523450911045074	0.11339247971773148	0.12845595180988312	0.12070602923631668	0.1077505424618721	0.10576792806386948	0.10405245423316956	0.12038002163171768	0.11766529083251953	0.1421477198600769	0.15426772832870483	0.10042362660169601	0.08894014358520508	0.08917384594678879	0.09984330832958221	0.13483783602714539	0.09185974299907684	0.10363760590553284	0.12280306220054626	0.12429426610469818	0.1249745786190033	0.11026028543710709	0.09914601594209671	0.07934929430484772	0.0970722883939743	0.11449071764945984	0.11375272274017334	0.10171256959438324	0.12205132842063904	0.14029143750667572	0.09962392598390579	0.1097063273191452	0.13565844297409058	0.12872225046157837	0.13942226767539978	0.13442672789096832	0.10449282824993134	0.09960964322090149	0.09703171998262405	0.08820396661758423	0.11161458492279053	0.09388413280248642	0.10895988345146179
