HIP-head-m-rh	HIP-head-l-rh	HIP-body-rh	HIP-tail-rh	THA-VPm-rh	THA-VPl-rh	THA-VAi-rh	THA-VAs-rh	THA-DAm-rh	THA-DAl-rh	PUT-VA-rh	PUT-DA-rh	PUT-VP-rh	PUT-DP-rh	CAU-VA-rh	CAU-DA-rh	CAU-body-rh	CAU-tail-rh	lAMY-rh	mAMY-rh	THA-DP-rh	NAc-shell-rh	NAc-core-rh	pGP-rh	aGP-rh	HIP-head-m-lh	HIP-head-l-l	HIP-body-l	HIP-tail-lh	THA-VPm-lh	THA-VPl-lh	THA-VAi-lh	THA-VAs-lh	THA-DAm-lh	THA-DAl-lh	PUT-VA-lh	PUT-DA-l	PUT-VP-lh	PUT-DP-lh	CAU-VA-lh	CAU-DA-lh	CAU-body-lh	CAU-tail-lh	lAMY-lh	mAMY-lh	THA-DP-lh	NAc-shell-lh	NAc-core-lh	pGP-lh	aGP-lh
0.33828186988830566	0.3023325204849243	0.31057804822921753	0.2864985167980194	0.30444765090942383	0.2825852930545807	0.39462682604789734	0.30396196246147156	0.2960626482963562	0.2750994563102722	0.3308425843715668	0.3198590874671936	0.343283087015152	0.28402194380760193	0.2963446378707886	0.30667999386787415	0.28574615716934204	0.29186201095581055	0.34509792923927307	0.4363861382007599	0.31228137016296387	0.3892662525177002	0.32047972083091736	0.30364736914634705	0.3187538981437683	0.3871954679489136	0.3541741669178009	0.29353851079940796	0.30512648820877075	0.3278599977493286	0.3174065947532654	0.4293420612812042	0.33570992946624756	0.3646214008331299	0.28435754776000977	0.42383214831352234	0.3620285093784332	0.3415331542491913	0.2963120639324188	0.32434818148612976	0.29825541377067566	0.3149704039096832	0.290653258562088	0.4392520487308502	0.45851802825927734	0.3179808557033539	0.34021174907684326	0.32642412185668945	0.27599036693573	0.327074259519577
