HIP-head-m-rh	HIP-head-l-rh	HIP-body-rh	HIP-tail-rh	THA-VPm-rh	THA-VPl-rh	THA-VAi-rh	THA-VAs-rh	THA-DAm-rh	THA-DAl-rh	PUT-VA-rh	PUT-DA-rh	PUT-VP-rh	PUT-DP-rh	CAU-VA-rh	CAU-DA-rh	CAU-body-rh	CAU-tail-rh	lAMY-rh	mAMY-rh	THA-DP-rh	NAc-shell-rh	NAc-core-rh	pGP-rh	aGP-rh	HIP-head-m-lh	HIP-head-l-l	HIP-body-l	HIP-tail-lh	THA-VPm-lh	THA-VPl-lh	THA-VAi-lh	THA-VAs-lh	THA-DAm-lh	THA-DAl-lh	PUT-VA-lh	PUT-DA-l	PUT-VP-lh	PUT-DP-lh	CAU-VA-lh	CAU-DA-lh	CAU-body-lh	CAU-tail-lh	lAMY-lh	mAMY-lh	THA-DP-lh	NAc-shell-lh	NAc-core-lh	pGP-lh	aGP-lh
0.27635544538497925	0.25638532638549805	0.22739547491073608	0.22542503476142883	0.22875124216079712	0.22405895590782166	0.24300937354564667	0.23961621522903442	0.24387867748737335	0.2316468060016632	0.2758485674858093	0.25179198384284973	0.25527891516685486	0.2446523755788803	0.28835776448249817	0.25001153349876404	0.24335281550884247	0.25973188877105713	0.3111600875854492	0.2868930399417877	0.23502177000045776	0.2925572693347931	0.27327486872673035	0.22654440999031067	0.25152304768562317	0.26780030131340027	0.25489342212677	0.22233903408050537	0.23181605339050293	0.2244640588760376	0.2171129733324051	0.24965159595012665	0.25406935811042786	0.24257336556911469	0.23530928790569305	0.26477065682411194	0.25331541895866394	0.24948212504386902	0.24032725393772125	0.27170610427856445	0.25737419724464417	0.27339643239974976	0.23998461663722992	0.29438668489456177	0.2801884710788727	0.23161092400550842	0.2973070740699768	0.2670626938343048	0.24405403435230255	0.2664262056350708
