HIP-head-m-rh	HIP-head-l-rh	HIP-body-rh	HIP-tail-rh	THA-VPm-rh	THA-VPl-rh	THA-VAi-rh	THA-VAs-rh	THA-DAm-rh	THA-DAl-rh	PUT-VA-rh	PUT-DA-rh	PUT-VP-rh	PUT-DP-rh	CAU-VA-rh	CAU-DA-rh	CAU-body-rh	CAU-tail-rh	lAMY-rh	mAMY-rh	THA-DP-rh	NAc-shell-rh	NAc-core-rh	pGP-rh	aGP-rh	HIP-head-m-lh	HIP-head-l-l	HIP-body-l	HIP-tail-lh	THA-VPm-lh	THA-VPl-lh	THA-VAi-lh	THA-VAs-lh	THA-DAm-lh	THA-DAl-lh	PUT-VA-lh	PUT-DA-l	PUT-VP-lh	PUT-DP-lh	CAU-VA-lh	CAU-DA-lh	CAU-body-lh	CAU-tail-lh	lAMY-lh	mAMY-lh	THA-DP-lh	NAc-shell-lh	NAc-core-lh	pGP-lh	aGP-lh
0.08590524643659592	0.10590054094791412	0.13568617403507233	0.16126789152622223	0.11213842034339905	0.13371992111206055	0.11121554672718048	0.13055358827114105	0.12686990201473236	0.13791853189468384	0.13705600798130035	0.11567624658346176	0.11621839553117752	0.11432922631502151	0.12495057284832001	0.1257113814353943	0.11366161704063416	0.17330269515514374	0.09512843936681747	0.09692040085792542	0.10689757764339447	0.12442287802696228	0.12706248462200165	0.1143246442079544	0.10310199856758118	0.09536877274513245	0.1217968687415123	0.1358317732810974	0.1316157877445221	0.10081181675195694	0.10167308151721954	0.10018480569124222	0.13846895098686218	0.14529617130756378	0.12445228546857834	0.16038523614406586	0.17819437384605408	0.10172910243272781	0.13294875621795654	0.1531255841255188	0.1503276824951172	0.14147847890853882	0.14755763113498688	0.09804343432188034	0.11016272008419037	0.10522692650556564	0.13328692317008972	0.14130337536334991	0.09945695847272873	0.09668659418821335
