HIP-head-m-rh	HIP-head-l-rh	HIP-body-rh	HIP-tail-rh	THA-VPm-rh	THA-VPl-rh	THA-VAi-rh	THA-VAs-rh	THA-DAm-rh	THA-DAl-rh	PUT-VA-rh	PUT-DA-rh	PUT-VP-rh	PUT-DP-rh	CAU-VA-rh	CAU-DA-rh	CAU-body-rh	CAU-tail-rh	lAMY-rh	mAMY-rh	THA-DP-rh	NAc-shell-rh	NAc-core-rh	pGP-rh	aGP-rh	HIP-head-m-lh	HIP-head-l-l	HIP-body-l	HIP-tail-lh	THA-VPm-lh	THA-VPl-lh	THA-VAi-lh	THA-VAs-lh	THA-DAm-lh	THA-DAl-lh	PUT-VA-lh	PUT-DA-l	PUT-VP-lh	PUT-DP-lh	CAU-VA-lh	CAU-DA-lh	CAU-body-lh	CAU-tail-lh	lAMY-lh	mAMY-lh	THA-DP-lh	NAc-shell-lh	NAc-core-lh	pGP-lh	aGP-lh
0.1429162323474884	0.13679571449756622	0.16341008245944977	0.1569691002368927	0.15932635962963104	0.14056891202926636	0.1225205659866333	0.12165027856826782	0.15003462135791779	0.1244824156165123	0.1262694001197815	0.15775950253009796	0.15833042562007904	0.15198753774166107	0.14295782148838043	0.13943998515605927	0.10864679515361786	0.1521560698747635	0.14631742238998413	0.12499166280031204	0.1310603767633438	0.0972885936498642	0.14519932866096497	0.13317488133907318	0.11707212775945663	0.12217376381158829	0.12779338657855988	0.14680302143096924	0.13277646899223328	0.1458117663860321	0.11524851620197296	0.11576423048973083	0.11980650573968887	0.15979121625423431	0.1272093951702118	0.11484520882368088	0.14379599690437317	0.14940619468688965	0.15335285663604736	0.13807980716228485	0.14086943864822388	0.1279916912317276	0.11821139603853226	0.1538984477519989	0.14773665368556976	0.1499055027961731	0.09512665867805481	0.09682827442884445	0.13623367249965668	0.12290704250335693
