HIP-head-m-rh	HIP-head-l-rh	HIP-body-rh	HIP-tail-rh	THA-VPm-rh	THA-VPl-rh	THA-VAi-rh	THA-VAs-rh	THA-DAm-rh	THA-DAl-rh	PUT-VA-rh	PUT-DA-rh	PUT-VP-rh	PUT-DP-rh	CAU-VA-rh	CAU-DA-rh	CAU-body-rh	CAU-tail-rh	lAMY-rh	mAMY-rh	THA-DP-rh	NAc-shell-rh	NAc-core-rh	pGP-rh	aGP-rh	HIP-head-m-lh	HIP-head-l-l	HIP-body-l	HIP-tail-lh	THA-VPm-lh	THA-VPl-lh	THA-VAi-lh	THA-VAs-lh	THA-DAm-lh	THA-DAl-lh	PUT-VA-lh	PUT-DA-l	PUT-VP-lh	PUT-DP-lh	CAU-VA-lh	CAU-DA-lh	CAU-body-lh	CAU-tail-lh	lAMY-lh	mAMY-lh	THA-DP-lh	NAc-shell-lh	NAc-core-lh	pGP-lh	aGP-lh
0.14244483411312103	0.14394961297512054	0.1462259292602539	0.16688551008701324	0.12424888461828232	0.1166994571685791	0.12114320695400238	0.13136520981788635	0.14723338186740875	0.12248097360134125	0.14067624509334564	0.1327364146709442	0.13561691343784332	0.15189658105373383	0.16089294850826263	0.15727390348911285	0.1949787437915802	0.2073172628879547	0.12043257802724838	0.1250862330198288	0.12936538457870483	0.12066371738910675	0.13325387239456177	0.12254104018211365	0.12881377339363098	0.13097435235977173	0.12022539228200912	0.12721742689609528	0.1285540908575058	0.11082059890031815	0.1129898950457573	0.11680260300636292	0.14357511699199677	0.13620132207870483	0.13299109041690826	0.12458303570747375	0.14008785784244537	0.13686242699623108	0.14725862443447113	0.17680929601192474	0.16388028860092163	0.16998983919620514	0.18604320287704468	0.12331614643335342	0.12504549324512482	0.11132051795721054	0.11644897609949112	0.1284262090921402	0.10604846477508545	0.1126251146197319
