HIP-head-m-rh	HIP-head-l-rh	HIP-body-rh	HIP-tail-rh	THA-VPm-rh	THA-VPl-rh	THA-VAi-rh	THA-VAs-rh	THA-DAm-rh	THA-DAl-rh	PUT-VA-rh	PUT-DA-rh	PUT-VP-rh	PUT-DP-rh	CAU-VA-rh	CAU-DA-rh	CAU-body-rh	CAU-tail-rh	lAMY-rh	mAMY-rh	THA-DP-rh	NAc-shell-rh	NAc-core-rh	pGP-rh	aGP-rh	HIP-head-m-lh	HIP-head-l-l	HIP-body-l	HIP-tail-lh	THA-VPm-lh	THA-VPl-lh	THA-VAi-lh	THA-VAs-lh	THA-DAm-lh	THA-DAl-lh	PUT-VA-lh	PUT-DA-l	PUT-VP-lh	PUT-DP-lh	CAU-VA-lh	CAU-DA-lh	CAU-body-lh	CAU-tail-lh	lAMY-lh	mAMY-lh	THA-DP-lh	NAc-shell-lh	NAc-core-lh	pGP-lh	aGP-lh
0.14094758033752441	0.13470155000686646	0.1821332573890686	0.15988273918628693	0.0929751843214035	0.09598619490861893	0.11191868036985397	0.13926023244857788	0.12158084660768509	0.10684329271316528	0.11427579820156097	0.15157784521579742	0.16022054851055145	0.13626790046691895	0.1684233844280243	0.16814689338207245	0.17183881998062134	0.16722221672534943	0.11513449251651764	0.13310475647449493	0.10751079022884369	0.12295074015855789	0.129689559340477	0.1060866042971611	0.12304846197366714	0.16863976418972015	0.14912079274654388	0.1625472754240036	0.16776521503925323	0.12400680780410767	0.11176350712776184	0.11766783893108368	0.1455407589673996	0.13741753995418549	0.11244627833366394	0.15126915276050568	0.15593132376670837	0.17596040666103363	0.13392437994480133	0.17449885606765747	0.18631933629512787	0.15538060665130615	0.16155150532722473	0.11934127658605576	0.1576545685529709	0.11855116486549377	0.15094396471977234	0.1711471527814865	0.1167655736207962	0.13099265098571777
