HIP-head-m-rh	HIP-head-l-rh	HIP-body-rh	HIP-tail-rh	THA-VPm-rh	THA-VPl-rh	THA-VAi-rh	THA-VAs-rh	THA-DAm-rh	THA-DAl-rh	PUT-VA-rh	PUT-DA-rh	PUT-VP-rh	PUT-DP-rh	CAU-VA-rh	CAU-DA-rh	CAU-body-rh	CAU-tail-rh	lAMY-rh	mAMY-rh	THA-DP-rh	NAc-shell-rh	NAc-core-rh	pGP-rh	aGP-rh	HIP-head-m-lh	HIP-head-l-l	HIP-body-l	HIP-tail-lh	THA-VPm-lh	THA-VPl-lh	THA-VAi-lh	THA-VAs-lh	THA-DAm-lh	THA-DAl-lh	PUT-VA-lh	PUT-DA-l	PUT-VP-lh	PUT-DP-lh	CAU-VA-lh	CAU-DA-lh	CAU-body-lh	CAU-tail-lh	lAMY-lh	mAMY-lh	THA-DP-lh	NAc-shell-lh	NAc-core-lh	pGP-lh	aGP-lh
0.33902186155319214	0.30148226022720337	0.2731289863586426	0.25065550208091736	0.24497154355049133	0.24740663170814514	0.2667468190193176	0.2641642391681671	0.2517261505126953	0.25796788930892944	0.26854759454727173	0.2676764726638794	0.27933841943740845	0.25336313247680664	0.28528404235839844	0.28525298833847046	0.25763460993766785	0.23955799639225006	0.3579006493091583	0.3669508695602417	0.253446102142334	0.3446897566318512	0.2626887559890747	0.2611120045185089	0.2726410925388336	0.3826742470264435	0.3109692931175232	0.271419495344162	0.25390562415122986	0.2663872241973877	0.24737794697284698	0.272161066532135	0.2723160982131958	0.26114901900291443	0.24932749569416046	0.28641843795776367	0.26438015699386597	0.2830204963684082	0.24979723989963531	0.2895244359970093	0.2681775987148285	0.26685604453086853	0.28490352630615234	0.41952410340309143	0.3628706932067871	0.26722827553749084	0.37953895330429077	0.26310986280441284	0.25946545600891113	0.28045791387557983
