HIP-head-m-rh	HIP-head-l-rh	HIP-body-rh	HIP-tail-rh	THA-VPm-rh	THA-VPl-rh	THA-VAi-rh	THA-VAs-rh	THA-DAm-rh	THA-DAl-rh	PUT-VA-rh	PUT-DA-rh	PUT-VP-rh	PUT-DP-rh	CAU-VA-rh	CAU-DA-rh	CAU-body-rh	CAU-tail-rh	lAMY-rh	mAMY-rh	THA-DP-rh	NAc-shell-rh	NAc-core-rh	pGP-rh	aGP-rh	HIP-head-m-lh	HIP-head-l-l	HIP-body-l	HIP-tail-lh	THA-VPm-lh	THA-VPl-lh	THA-VAi-lh	THA-VAs-lh	THA-DAm-lh	THA-DAl-lh	PUT-VA-lh	PUT-DA-l	PUT-VP-lh	PUT-DP-lh	CAU-VA-lh	CAU-DA-lh	CAU-body-lh	CAU-tail-lh	lAMY-lh	mAMY-lh	THA-DP-lh	NAc-shell-lh	NAc-core-lh	pGP-lh	aGP-lh
0.4189407229423523	0.40581125020980835	0.33703678846359253	0.30324023962020874	0.33914172649383545	0.3293917179107666	0.4114260971546173	0.36515265703201294	0.3852204978466034	0.3664742112159729	0.5317633152008057	0.40093281865119934	0.4243358075618744	0.344327837228775	0.3561865985393524	0.37054529786109924	0.3803618252277374	0.41684189438819885	0.39011362195014954	0.45356592535972595	0.3141370415687561	0.4252198338508606	0.43766161799430847	0.33809033036231995	0.3308914005756378	0.44428306818008423	0.4730944335460663	0.345809668302536	0.3136252760887146	0.3830679655075073	0.3242579400539398	0.4122496545314789	0.3801078796386719	0.3665464520454407	0.3095881938934326	0.4896034896373749	0.4283733665943146	0.4681796133518219	0.3362762928009033	0.38034695386886597	0.4335983097553253	0.46481889486312866	0.38160058856010437	0.41782063245773315	0.5132097005844116	0.3339479863643646	0.39469534158706665	0.43845584988594055	0.3787420690059662	0.3546622395515442
