HIP-head-m-rh	HIP-head-l-rh	HIP-body-rh	HIP-tail-rh	THA-VPm-rh	THA-VPl-rh	THA-VAi-rh	THA-VAs-rh	THA-DAm-rh	THA-DAl-rh	PUT-VA-rh	PUT-DA-rh	PUT-VP-rh	PUT-DP-rh	CAU-VA-rh	CAU-DA-rh	CAU-body-rh	CAU-tail-rh	lAMY-rh	mAMY-rh	THA-DP-rh	NAc-shell-rh	NAc-core-rh	pGP-rh	aGP-rh	HIP-head-m-lh	HIP-head-l-l	HIP-body-l	HIP-tail-lh	THA-VPm-lh	THA-VPl-lh	THA-VAi-lh	THA-VAs-lh	THA-DAm-lh	THA-DAl-lh	PUT-VA-lh	PUT-DA-l	PUT-VP-lh	PUT-DP-lh	CAU-VA-lh	CAU-DA-lh	CAU-body-lh	CAU-tail-lh	lAMY-lh	mAMY-lh	THA-DP-lh	NAc-shell-lh	NAc-core-lh	pGP-lh	aGP-lh
0.3029240071773529	0.285108745098114	0.27114084362983704	0.2532914876937866	0.28419768810272217	0.2642865478992462	0.30164673924446106	0.2762855589389801	0.2957708239555359	0.26519566774368286	0.408733606338501	0.3136924207210541	0.30249515175819397	0.26582881808280945	0.2904484272003174	0.27175843715667725	0.269147664308548	0.29273873567581177	0.2806996703147888	0.3423406183719635	0.27481743693351746	0.31633031368255615	0.2958892583847046	0.2751235067844391	0.2850415110588074	0.3400142788887024	0.33003219962120056	0.27051225304603577	0.27134501934051514	0.3061351180076599	0.290250688791275	0.3157835304737091	0.30352112650871277	0.3185935318470001	0.2619999647140503	0.37344974279403687	0.3617876470088959	0.4063616693019867	0.2780190706253052	0.2972506582736969	0.2896442115306854	0.2986651062965393	0.2548888325691223	0.34026026725769043	0.33740708231925964	0.27172601222991943	0.299508273601532	0.2849329710006714	0.3803236186504364	0.2950783669948578
