HIP-head-m-rh	HIP-head-l-rh	HIP-body-rh	HIP-tail-rh	THA-VPm-rh	THA-VPl-rh	THA-VAi-rh	THA-VAs-rh	THA-DAm-rh	THA-DAl-rh	PUT-VA-rh	PUT-DA-rh	PUT-VP-rh	PUT-DP-rh	CAU-VA-rh	CAU-DA-rh	CAU-body-rh	CAU-tail-rh	lAMY-rh	mAMY-rh	THA-DP-rh	NAc-shell-rh	NAc-core-rh	pGP-rh	aGP-rh	HIP-head-m-lh	HIP-head-l-l	HIP-body-l	HIP-tail-lh	THA-VPm-lh	THA-VPl-lh	THA-VAi-lh	THA-VAs-lh	THA-DAm-lh	THA-DAl-lh	PUT-VA-lh	PUT-DA-l	PUT-VP-lh	PUT-DP-lh	CAU-VA-lh	CAU-DA-lh	CAU-body-lh	CAU-tail-lh	lAMY-lh	mAMY-lh	THA-DP-lh	NAc-shell-lh	NAc-core-lh	pGP-lh	aGP-lh
0.5287913084030151	0.4681803584098816	0.5738499164581299	0.37356114387512207	0.37710028886795044	0.3507975935935974	0.408904492855072	0.45622631907463074	0.3655746281147003	0.38001587986946106	0.43063628673553467	0.458539754152298	0.35753610730171204	0.3812047243118286	0.41069692373275757	0.3641083836555481	0.3472934067249298	0.3447924256324768	0.6131347417831421	0.7972414493560791	0.3984168469905853	0.44069772958755493	0.4074177145957947	0.3590753376483917	0.43913114070892334	0.6493269801139832	0.526687741279602	0.532860279083252	0.38645604252815247	0.3838576376438141	0.3747257888317108	0.387983113527298	0.41538572311401367	0.35203731060028076	0.32592782378196716	0.37084195017814636	0.3868466019630432	0.3362447917461395	0.3700052797794342	0.4023732841014862	0.3895876705646515	0.42180711030960083	0.34877291321754456	0.5133479237556458	0.5596689581871033	0.3718542158603668	0.3820113241672516	0.4774444103240967	0.3515700697898865	0.3968309164047241
