HIP-head-m-rh	HIP-head-l-rh	HIP-body-rh	HIP-tail-rh	THA-VPm-rh	THA-VPl-rh	THA-VAi-rh	THA-VAs-rh	THA-DAm-rh	THA-DAl-rh	PUT-VA-rh	PUT-DA-rh	PUT-VP-rh	PUT-DP-rh	CAU-VA-rh	CAU-DA-rh	CAU-body-rh	CAU-tail-rh	lAMY-rh	mAMY-rh	THA-DP-rh	NAc-shell-rh	NAc-core-rh	pGP-rh	aGP-rh	HIP-head-m-lh	HIP-head-l-l	HIP-body-l	HIP-tail-lh	THA-VPm-lh	THA-VPl-lh	THA-VAi-lh	THA-VAs-lh	THA-DAm-lh	THA-DAl-lh	PUT-VA-lh	PUT-DA-l	PUT-VP-lh	PUT-DP-lh	CAU-VA-lh	CAU-DA-lh	CAU-body-lh	CAU-tail-lh	lAMY-lh	mAMY-lh	THA-DP-lh	NAc-shell-lh	NAc-core-lh	pGP-lh	aGP-lh
0.15355412662029266	0.1463046371936798	0.1415557712316513	0.1517195701599121	0.1181136891245842	0.1235736832022667	0.12210668623447418	0.12167949974536896	0.14934112131595612	0.1331673264503479	0.1287694275379181	0.15070447325706482	0.16026675701141357	0.1449895054101944	0.14536665380001068	0.1383667141199112	0.14571605622768402	0.15814533829689026	0.13339968025684357	0.13725833594799042	0.13024456799030304	0.11473364382982254	0.1144256740808487	0.13242822885513306	0.10671098530292511	0.1729346662759781	0.1475401669740677	0.1601569950580597	0.149499773979187	0.15087218582630157	0.10945715010166168	0.12741290032863617	0.10871195793151855	0.16928696632385254	0.12755021452903748	0.12850888073444366	0.12612207233905792	0.142035573720932	0.13556639850139618	0.1492290198802948	0.14126376807689667	0.14909479022026062	0.15555427968502045	0.1640530228614807	0.15408538281917572	0.1504654735326767	0.12272407114505768	0.13046017289161682	0.12411192804574966	0.1106543093919754
