HIP-head-m-rh	HIP-head-l-rh	HIP-body-rh	HIP-tail-rh	THA-VPm-rh	THA-VPl-rh	THA-VAi-rh	THA-VAs-rh	THA-DAm-rh	THA-DAl-rh	PUT-VA-rh	PUT-DA-rh	PUT-VP-rh	PUT-DP-rh	CAU-VA-rh	CAU-DA-rh	CAU-body-rh	CAU-tail-rh	lAMY-rh	mAMY-rh	THA-DP-rh	NAc-shell-rh	NAc-core-rh	pGP-rh	aGP-rh	HIP-head-m-lh	HIP-head-l-l	HIP-body-l	HIP-tail-lh	THA-VPm-lh	THA-VPl-lh	THA-VAi-lh	THA-VAs-lh	THA-DAm-lh	THA-DAl-lh	PUT-VA-lh	PUT-DA-l	PUT-VP-lh	PUT-DP-lh	CAU-VA-lh	CAU-DA-lh	CAU-body-lh	CAU-tail-lh	lAMY-lh	mAMY-lh	THA-DP-lh	NAc-shell-lh	NAc-core-lh	pGP-lh	aGP-lh
0.1977255493402481	0.23459091782569885	0.18945913016796112	0.19127202033996582	0.1247255727648735	0.16151510179042816	0.1866101771593094	0.2501008212566376	0.14521710574626923	0.15511363744735718	0.12130029499530792	0.15751223266124725	0.1716664582490921	0.17387595772743225	0.1876487284898758	0.15965275466442108	0.1726532131433487	0.28327855467796326	0.2206103801727295	0.1697990596294403	0.1304241567850113	0.14384321868419647	0.15864600241184235	0.2073279768228531	0.16657857596874237	0.17964708805084229	0.16390396654605865	0.20474611222743988	0.17360655963420868	0.10554322600364685	0.1389041393995285	0.17457422614097595	0.2793489992618561	0.1302299052476883	0.1715637743473053	0.11903249472379684	0.1367175281047821	0.1720973551273346	0.1447799950838089	0.17820581793785095	0.15791691839694977	0.1907157450914383	0.14763176441192627	0.15515662729740143	0.16948752105236053	0.11522738635540009	0.18284671008586884	0.16088439524173737	0.1404634565114975	0.16078777611255646
