HIP-head-m-rh	HIP-head-l-rh	HIP-body-rh	HIP-tail-rh	THA-VPm-rh	THA-VPl-rh	THA-VAi-rh	THA-VAs-rh	THA-DAm-rh	THA-DAl-rh	PUT-VA-rh	PUT-DA-rh	PUT-VP-rh	PUT-DP-rh	CAU-VA-rh	CAU-DA-rh	CAU-body-rh	CAU-tail-rh	lAMY-rh	mAMY-rh	THA-DP-rh	NAc-shell-rh	NAc-core-rh	pGP-rh	aGP-rh	HIP-head-m-lh	HIP-head-l-l	HIP-body-l	HIP-tail-lh	THA-VPm-lh	THA-VPl-lh	THA-VAi-lh	THA-VAs-lh	THA-DAm-lh	THA-DAl-lh	PUT-VA-lh	PUT-DA-l	PUT-VP-lh	PUT-DP-lh	CAU-VA-lh	CAU-DA-lh	CAU-body-lh	CAU-tail-lh	lAMY-lh	mAMY-lh	THA-DP-lh	NAc-shell-lh	NAc-core-lh	pGP-lh	aGP-lh
0.4432743191719055	0.3204249143600464	0.3246105909347534	0.29470276832580566	0.33188581466674805	0.31971466541290283	0.35263875126838684	0.3086426258087158	0.33941617608070374	0.29232946038246155	0.33255431056022644	0.35494157671928406	0.3697989583015442	0.32452720403671265	0.3177140951156616	0.3066955804824829	0.3131764531135559	0.31170016527175903	0.5271760821342468	0.49016037583351135	0.3147379755973816	0.35178956389427185	0.2906048893928528	0.3102961480617523	0.3264360725879669	0.4415316879749298	0.34598612785339355	0.29732391238212585	0.2853602468967438	0.34269773960113525	0.31250160932540894	0.3461163640022278	0.3006216287612915	0.3117629289627075	0.30575287342071533	0.3680177628993988	0.3488773703575134	0.40779468417167664	0.3645087778568268	0.32606375217437744	0.31812483072280884	0.3456698954105377	0.30294302105903625	0.6001145839691162	0.496745765209198	0.3054567575454712	0.3815014958381653	0.3044697642326355	0.36354583501815796	0.3231513202190399
