HIP-head-m-rh	HIP-head-l-rh	HIP-body-rh	HIP-tail-rh	THA-VPm-rh	THA-VPl-rh	THA-VAi-rh	THA-VAs-rh	THA-DAm-rh	THA-DAl-rh	PUT-VA-rh	PUT-DA-rh	PUT-VP-rh	PUT-DP-rh	CAU-VA-rh	CAU-DA-rh	CAU-body-rh	CAU-tail-rh	lAMY-rh	mAMY-rh	THA-DP-rh	NAc-shell-rh	NAc-core-rh	pGP-rh	aGP-rh	HIP-head-m-lh	HIP-head-l-l	HIP-body-l	HIP-tail-lh	THA-VPm-lh	THA-VPl-lh	THA-VAi-lh	THA-VAs-lh	THA-DAm-lh	THA-DAl-lh	PUT-VA-lh	PUT-DA-l	PUT-VP-lh	PUT-DP-lh	CAU-VA-lh	CAU-DA-lh	CAU-body-lh	CAU-tail-lh	lAMY-lh	mAMY-lh	THA-DP-lh	NAc-shell-lh	NAc-core-lh	pGP-lh	aGP-lh
0.3157042860984802	0.31123295426368713	0.27030572295188904	0.24143493175506592	0.2607083022594452	0.24901773035526276	0.26991909742355347	0.24955745041370392	0.25968047976493835	0.23411214351654053	0.264804869890213	0.25902873277664185	0.26150739192962646	0.24492999911308289	0.25997185707092285	0.24440647661685944	0.261216402053833	0.233871191740036	0.2927817702293396	0.32208743691444397	0.24851612746715546	0.28626886010169983	0.2632022202014923	0.2588987946510315	0.2649420201778412	0.3324943482875824	0.2892555594444275	0.2486274093389511	0.24005983769893646	0.26241007447242737	0.2558525800704956	0.2680397927761078	0.2638287842273712	0.26727360486984253	0.2468026578426361	0.2761853039264679	0.27621492743492126	0.26706987619400024	0.254775732755661	0.2566184401512146	0.24641412496566772	0.24724341928958893	0.23804670572280884	0.2876741290092468	0.3158954977989197	0.25182127952575684	0.2855764925479889	0.270417720079422	0.25308629870414734	0.27243572473526
