HIP-head-m-rh	HIP-head-l-rh	HIP-body-rh	HIP-tail-rh	THA-VPm-rh	THA-VPl-rh	THA-VAi-rh	THA-VAs-rh	THA-DAm-rh	THA-DAl-rh	PUT-VA-rh	PUT-DA-rh	PUT-VP-rh	PUT-DP-rh	CAU-VA-rh	CAU-DA-rh	CAU-body-rh	CAU-tail-rh	lAMY-rh	mAMY-rh	THA-DP-rh	NAc-shell-rh	NAc-core-rh	pGP-rh	aGP-rh	HIP-head-m-lh	HIP-head-l-l	HIP-body-l	HIP-tail-lh	THA-VPm-lh	THA-VPl-lh	THA-VAi-lh	THA-VAs-lh	THA-DAm-lh	THA-DAl-lh	PUT-VA-lh	PUT-DA-l	PUT-VP-lh	PUT-DP-lh	CAU-VA-lh	CAU-DA-lh	CAU-body-lh	CAU-tail-lh	lAMY-lh	mAMY-lh	THA-DP-lh	NAc-shell-lh	NAc-core-lh	pGP-lh	aGP-lh
0.5058894753456116	0.4055606722831726	0.30711841583251953	0.31057071685791016	0.3074754476547241	0.2848193943500519	0.3209013044834137	0.324129581451416	0.3314675986766815	0.30411091446876526	0.336459219455719	0.3171679377555847	0.3048856854438782	0.2916167378425598	0.3190252482891083	0.32526564598083496	0.3167569935321808	0.33115673065185547	0.33972352743148804	0.4549944996833801	0.3111932575702667	0.33146345615386963	0.31934604048728943	0.2715257406234741	0.3070088028907776	0.520072340965271	0.3856169283390045	0.32274287939071655	0.3606189489364624	0.3186330795288086	0.3036097586154938	0.37930363416671753	0.3538517355918884	0.3471801280975342	0.31837889552116394	0.33308088779449463	0.3410148024559021	0.3358238935470581	0.29698795080184937	0.33575910329818726	0.32302120327949524	0.33733266592025757	0.3636074662208557	0.3889043927192688	0.4713854193687439	0.32265427708625793	0.3434947431087494	0.32486775517463684	0.2996789216995239	0.29935744404792786
