HIP-head-m-rh	HIP-head-l-rh	HIP-body-rh	HIP-tail-rh	THA-VPm-rh	THA-VPl-rh	THA-VAi-rh	THA-VAs-rh	THA-DAm-rh	THA-DAl-rh	PUT-VA-rh	PUT-DA-rh	PUT-VP-rh	PUT-DP-rh	CAU-VA-rh	CAU-DA-rh	CAU-body-rh	CAU-tail-rh	lAMY-rh	mAMY-rh	THA-DP-rh	NAc-shell-rh	NAc-core-rh	pGP-rh	aGP-rh	HIP-head-m-lh	HIP-head-l-l	HIP-body-l	HIP-tail-lh	THA-VPm-lh	THA-VPl-lh	THA-VAi-lh	THA-VAs-lh	THA-DAm-lh	THA-DAl-lh	PUT-VA-lh	PUT-DA-l	PUT-VP-lh	PUT-DP-lh	CAU-VA-lh	CAU-DA-lh	CAU-body-lh	CAU-tail-lh	lAMY-lh	mAMY-lh	THA-DP-lh	NAc-shell-lh	NAc-core-lh	pGP-lh	aGP-lh
0.15511400997638702	0.15656709671020508	0.14447049796581268	0.1281316578388214	0.14433787763118744	0.16320720314979553	0.13099052011966705	0.1219199076294899	0.13962212204933167	0.1412440687417984	0.13423295319080353	0.1454157531261444	0.1630527377128601	0.13322605192661285	0.15241344273090363	0.14200371503829956	0.14355073869228363	0.1487189382314682	0.1783624291419983	0.14201046526432037	0.1500774472951889	0.13942065834999084	0.16939347982406616	0.1267791986465454	0.11399949342012405	0.1515602320432663	0.16709904372692108	0.1480223536491394	0.16193053126335144	0.14080607891082764	0.14894844591617584	0.1209564059972763	0.14540217816829681	0.13310472667217255	0.13229146599769592	0.15147154033184052	0.14105984568595886	0.1554049849510193	0.1433274745941162	0.14971481263637543	0.15067017078399658	0.14456777274608612	0.1374923586845398	0.17846611142158508	0.134837344288826	0.13972775638103485	0.12338129431009293	0.16738484799861908	0.12133406847715378	0.11275245994329453
