HIP-head-m-rh	HIP-head-l-rh	HIP-body-rh	HIP-tail-rh	THA-VPm-rh	THA-VPl-rh	THA-VAi-rh	THA-VAs-rh	THA-DAm-rh	THA-DAl-rh	PUT-VA-rh	PUT-DA-rh	PUT-VP-rh	PUT-DP-rh	CAU-VA-rh	CAU-DA-rh	CAU-body-rh	CAU-tail-rh	lAMY-rh	mAMY-rh	THA-DP-rh	NAc-shell-rh	NAc-core-rh	pGP-rh	aGP-rh	HIP-head-m-lh	HIP-head-l-l	HIP-body-l	HIP-tail-lh	THA-VPm-lh	THA-VPl-lh	THA-VAi-lh	THA-VAs-lh	THA-DAm-lh	THA-DAl-lh	PUT-VA-lh	PUT-DA-l	PUT-VP-lh	PUT-DP-lh	CAU-VA-lh	CAU-DA-lh	CAU-body-lh	CAU-tail-lh	lAMY-lh	mAMY-lh	THA-DP-lh	NAc-shell-lh	NAc-core-lh	pGP-lh	aGP-lh
0.38179877400398254	0.2907855212688446	0.30699342489242554	0.2910882532596588	0.30672547221183777	0.2978350818157196	0.38982895016670227	0.355812132358551	0.3238956928253174	0.31181302666664124	0.3557760715484619	0.31955426931381226	0.3184804916381836	0.3014388680458069	0.3412308692932129	0.3141842782497406	0.3060726225376129	0.3174201250076294	0.4191248416900635	0.39974769949913025	0.2926968038082123	0.4196569621562958	0.3075922131538391	0.2927706837654114	0.32787755131721497	0.3984913229942322	0.27548086643218994	0.3019614517688751	0.27987155318260193	0.3014974296092987	0.3093995153903961	0.3896864652633667	0.36133214831352234	0.3381008803844452	0.3305060565471649	0.34267088770866394	0.31100261211395264	0.30204325914382935	0.2950860559940338	0.33589625358581543	0.29473423957824707	0.36774304509162903	0.362949937582016	0.4807359278202057	0.4444245994091034	0.2951461672782898	0.3831847012042999	0.29919448494911194	0.2777174711227417	0.3352636694908142
