HIP-head-m-rh	HIP-head-l-rh	HIP-body-rh	HIP-tail-rh	THA-VPm-rh	THA-VPl-rh	THA-VAi-rh	THA-VAs-rh	THA-DAm-rh	THA-DAl-rh	PUT-VA-rh	PUT-DA-rh	PUT-VP-rh	PUT-DP-rh	CAU-VA-rh	CAU-DA-rh	CAU-body-rh	CAU-tail-rh	lAMY-rh	mAMY-rh	THA-DP-rh	NAc-shell-rh	NAc-core-rh	pGP-rh	aGP-rh	HIP-head-m-lh	HIP-head-l-l	HIP-body-l	HIP-tail-lh	THA-VPm-lh	THA-VPl-lh	THA-VAi-lh	THA-VAs-lh	THA-DAm-lh	THA-DAl-lh	PUT-VA-lh	PUT-DA-l	PUT-VP-lh	PUT-DP-lh	CAU-VA-lh	CAU-DA-lh	CAU-body-lh	CAU-tail-lh	lAMY-lh	mAMY-lh	THA-DP-lh	NAc-shell-lh	NAc-core-lh	pGP-lh	aGP-lh
0.3164175748825073	0.22436107695102692	0.24146224558353424	0.24800634384155273	0.25202980637550354	0.2371152639389038	0.28363096714019775	0.28168347477912903	0.2560879588127136	0.2603461742401123	0.28663742542266846	0.252747118473053	0.26102954149246216	0.2545822560787201	0.2522221803665161	0.246119886636734	0.24464835226535797	0.24668432772159576	0.29991480708122253	0.32055631279945374	0.2308942675590515	0.3167744278907776	0.2415626049041748	0.23851466178894043	0.2401653677225113	0.30976182222366333	0.21774739027023315	0.24930568039417267	0.21801555156707764	0.23703575134277344	0.2567517161369324	0.29333704710006714	0.29341408610343933	0.26005852222442627	0.2552473545074463	0.2672833800315857	0.2574703097343445	0.25065603852272034	0.23346826434135437	0.2619938850402832	0.24271388351917267	0.29486072063446045	0.26436442136764526	0.35322850942611694	0.3206002116203308	0.2436380684375763	0.31425896286964417	0.247641921043396	0.22458608448505402	0.2553606629371643
