HIP-head-m-rh	HIP-head-l-rh	HIP-body-rh	HIP-tail-rh	THA-VPm-rh	THA-VPl-rh	THA-VAi-rh	THA-VAs-rh	THA-DAm-rh	THA-DAl-rh	PUT-VA-rh	PUT-DA-rh	PUT-VP-rh	PUT-DP-rh	CAU-VA-rh	CAU-DA-rh	CAU-body-rh	CAU-tail-rh	lAMY-rh	mAMY-rh	THA-DP-rh	NAc-shell-rh	NAc-core-rh	pGP-rh	aGP-rh	HIP-head-m-lh	HIP-head-l-l	HIP-body-l	HIP-tail-lh	THA-VPm-lh	THA-VPl-lh	THA-VAi-lh	THA-VAs-lh	THA-DAm-lh	THA-DAl-lh	PUT-VA-lh	PUT-DA-l	PUT-VP-lh	PUT-DP-lh	CAU-VA-lh	CAU-DA-lh	CAU-body-lh	CAU-tail-lh	lAMY-lh	mAMY-lh	THA-DP-lh	NAc-shell-lh	NAc-core-lh	pGP-lh	aGP-lh
0.3265587389469147	0.3664917051792145	0.2824929654598236	0.2796402871608734	0.28126057982444763	0.2815449833869934	0.31041574478149414	0.3238166868686676	0.30813664197921753	0.2773560881614685	0.31751829385757446	0.33442923426628113	0.3128149211406708	0.37967875599861145	0.3258797526359558	0.2952896058559418	0.3411288559436798	0.34137478470802307	0.4213983416557312	0.4380784034729004	0.27236348390579224	0.35880380868911743	0.28904807567596436	0.2801417410373688	0.31630682945251465	0.32877814769744873	0.3161868453025818	0.2597212791442871	0.2601747512817383	0.27533042430877686	0.2888323962688446	0.3228297829627991	0.3244321942329407	0.30613619089126587	0.2987719476222992	0.31050437688827515	0.3302384912967682	0.28288987278938293	0.30966392159461975	0.31301578879356384	0.28638580441474915	0.3279334306716919	0.31383323669433594	0.45090967416763306	0.38699036836624146	0.27817532420158386	0.3706151247024536	0.2870483100414276	0.26862633228302	0.302135705947876
