HIP-head-m-rh	HIP-head-l-rh	HIP-body-rh	HIP-tail-rh	THA-VPm-rh	THA-VPl-rh	THA-VAi-rh	THA-VAs-rh	THA-DAm-rh	THA-DAl-rh	PUT-VA-rh	PUT-DA-rh	PUT-VP-rh	PUT-DP-rh	CAU-VA-rh	CAU-DA-rh	CAU-body-rh	CAU-tail-rh	lAMY-rh	mAMY-rh	THA-DP-rh	NAc-shell-rh	NAc-core-rh	pGP-rh	aGP-rh	HIP-head-m-lh	HIP-head-l-l	HIP-body-l	HIP-tail-lh	THA-VPm-lh	THA-VPl-lh	THA-VAi-lh	THA-VAs-lh	THA-DAm-lh	THA-DAl-lh	PUT-VA-lh	PUT-DA-l	PUT-VP-lh	PUT-DP-lh	CAU-VA-lh	CAU-DA-lh	CAU-body-lh	CAU-tail-lh	lAMY-lh	mAMY-lh	THA-DP-lh	NAc-shell-lh	NAc-core-lh	pGP-lh	aGP-lh
0.38231831789016724	0.4754143953323364	0.2759453058242798	0.26004189252853394	0.28293609619140625	0.27644777297973633	0.3108810782432556	0.28201884031295776	0.28835785388946533	0.27507224678993225	0.3110443651676178	0.2901553809642792	0.3292187452316284	0.3199925422668457	0.3291151821613312	0.26852425932884216	0.3003081679344177	0.2928575575351715	0.5218693614006042	0.6228945851325989	0.27184411883354187	0.3514116704463959	0.3092794120311737	0.30434659123420715	0.2980228662490845	0.4226909875869751	0.36895397305488586	0.28671884536743164	0.2864164113998413	0.2727201282978058	0.2732817530632019	0.3651808798313141	0.32267627120018005	0.29543161392211914	0.25972411036491394	0.3395845293998718	0.31842029094696045	0.2976890504360199	0.2817111313343048	0.34614771604537964	0.29854848980903625	0.3106805086135864	0.2863955795764923	0.4895501136779785	0.532378613948822	0.2800791561603546	0.4051622748374939	0.30720335245132446	0.2715836763381958	0.28730079531669617
