HIP-head-m-rh	HIP-head-l-rh	HIP-body-rh	HIP-tail-rh	THA-VPm-rh	THA-VPl-rh	THA-VAi-rh	THA-VAs-rh	THA-DAm-rh	THA-DAl-rh	PUT-VA-rh	PUT-DA-rh	PUT-VP-rh	PUT-DP-rh	CAU-VA-rh	CAU-DA-rh	CAU-body-rh	CAU-tail-rh	lAMY-rh	mAMY-rh	THA-DP-rh	NAc-shell-rh	NAc-core-rh	pGP-rh	aGP-rh	HIP-head-m-lh	HIP-head-l-l	HIP-body-l	HIP-tail-lh	THA-VPm-lh	THA-VPl-lh	THA-VAi-lh	THA-VAs-lh	THA-DAm-lh	THA-DAl-lh	PUT-VA-lh	PUT-DA-l	PUT-VP-lh	PUT-DP-lh	CAU-VA-lh	CAU-DA-lh	CAU-body-lh	CAU-tail-lh	lAMY-lh	mAMY-lh	THA-DP-lh	NAc-shell-lh	NAc-core-lh	pGP-lh	aGP-lh
0.13811980187892914	0.14952044188976288	0.1327085793018341	0.2101300209760666	0.1385147124528885	0.1536072939634323	0.14101161062717438	0.13555333018302917	0.1650017350912094	0.14687514305114746	0.151258185505867	0.158929705619812	0.2178923785686493	0.16560395061969757	0.2311674952507019	0.20556214451789856	0.19636431336402893	0.21160557866096497	0.14044633507728577	0.14963681995868683	0.1467500627040863	0.13982070982456207	0.17359906435012817	0.17945758998394012	0.16029390692710876	0.13746362924575806	0.14543670415878296	0.15284176170825958	0.13210877776145935	0.12202002853155136	0.15484027564525604	0.12913350760936737	0.1523711085319519	0.15964330732822418	0.15076635777950287	0.16773878037929535	0.16731560230255127	0.15659821033477783	0.1679689735174179	0.2488071620464325	0.20851288735866547	0.23693382740020752	0.22596211731433868	0.14216220378875732	0.14126160740852356	0.11343138664960861	0.1372593194246292	0.16431069374084473	0.1101732924580574	0.11513907462358475
