HIP-head-m-rh	HIP-head-l-rh	HIP-body-rh	HIP-tail-rh	THA-VPm-rh	THA-VPl-rh	THA-VAi-rh	THA-VAs-rh	THA-DAm-rh	THA-DAl-rh	PUT-VA-rh	PUT-DA-rh	PUT-VP-rh	PUT-DP-rh	CAU-VA-rh	CAU-DA-rh	CAU-body-rh	CAU-tail-rh	lAMY-rh	mAMY-rh	THA-DP-rh	NAc-shell-rh	NAc-core-rh	pGP-rh	aGP-rh	HIP-head-m-lh	HIP-head-l-l	HIP-body-l	HIP-tail-lh	THA-VPm-lh	THA-VPl-lh	THA-VAi-lh	THA-VAs-lh	THA-DAm-lh	THA-DAl-lh	PUT-VA-lh	PUT-DA-l	PUT-VP-lh	PUT-DP-lh	CAU-VA-lh	CAU-DA-lh	CAU-body-lh	CAU-tail-lh	lAMY-lh	mAMY-lh	THA-DP-lh	NAc-shell-lh	NAc-core-lh	pGP-lh	aGP-lh
0.6450698971748352	0.33758631348609924	0.3772799074649811	0.3572785258293152	0.3341372609138489	0.3195936679840088	0.3414473533630371	0.3100624680519104	0.32990822196006775	0.2684580981731415	0.3531951606273651	0.344195693731308	0.31143826246261597	0.3012990951538086	0.3165651261806488	0.28647303581237793	0.2917332351207733	0.3119426965713501	0.3689752221107483	0.4764397144317627	0.3469010889530182	0.3494128882884979	0.30402010679244995	0.289980411529541	0.3024425506591797	0.5182463526725769	0.32285457849502563	0.3396081328392029	0.3290725350379944	0.3197253942489624	0.3194464445114136	0.3301320970058441	0.3048911392688751	0.3139819800853729	0.27652302384376526	0.34004154801368713	0.33102428913116455	0.29062867164611816	0.2768672704696655	0.3083527684211731	0.294432669878006	0.29406359791755676	0.32144007086753845	0.3117104172706604	0.4317165017127991	0.35425204038619995	0.36513593792915344	0.3319298028945923	0.28153496980667114	0.29376599192619324
