HIP-head-m-rh	HIP-head-l-rh	HIP-body-rh	HIP-tail-rh	THA-VPm-rh	THA-VPl-rh	THA-VAi-rh	THA-VAs-rh	THA-DAm-rh	THA-DAl-rh	PUT-VA-rh	PUT-DA-rh	PUT-VP-rh	PUT-DP-rh	CAU-VA-rh	CAU-DA-rh	CAU-body-rh	CAU-tail-rh	lAMY-rh	mAMY-rh	THA-DP-rh	NAc-shell-rh	NAc-core-rh	pGP-rh	aGP-rh	HIP-head-m-lh	HIP-head-l-l	HIP-body-l	HIP-tail-lh	THA-VPm-lh	THA-VPl-lh	THA-VAi-lh	THA-VAs-lh	THA-DAm-lh	THA-DAl-lh	PUT-VA-lh	PUT-DA-l	PUT-VP-lh	PUT-DP-lh	CAU-VA-lh	CAU-DA-lh	CAU-body-lh	CAU-tail-lh	lAMY-lh	mAMY-lh	THA-DP-lh	NAc-shell-lh	NAc-core-lh	pGP-lh	aGP-lh
0.1264086365699768	0.11311714351177216	0.132271409034729	0.14619114995002747	0.12326285988092422	0.09832935780286789	0.10630689561367035	0.11588060110807419	0.12406172603368759	0.10802488029003143	0.13218213617801666	0.11981503665447235	0.13834215700626373	0.159929096698761	0.13284823298454285	0.13883893191814423	0.1809150129556656	0.18860313296318054	0.09385418146848679	0.10669337213039398	0.11385440081357956	0.09114471077919006	0.1277199685573578	0.08490824699401855	0.07776151597499847	0.10365105420351028	0.11056079715490341	0.11228479444980621	0.11723984777927399	0.15707452595233917	0.09687969088554382	0.09740462154150009	0.11991061270236969	0.14393645524978638	0.11100191622972488	0.1061277985572815	0.11115290224552155	0.12154954671859741	0.12817834317684174	0.14433284103870392	0.14022032916545868	0.16617661714553833	0.11635294556617737	0.08971672505140305	0.10350073128938675	0.10783302038908005	0.11574560403823853	0.13520196080207825	0.09291090071201324	0.09392417222261429
