HIP-head-m-rh	HIP-head-l-rh	HIP-body-rh	HIP-tail-rh	THA-VPm-rh	THA-VPl-rh	THA-VAi-rh	THA-VAs-rh	THA-DAm-rh	THA-DAl-rh	PUT-VA-rh	PUT-DA-rh	PUT-VP-rh	PUT-DP-rh	CAU-VA-rh	CAU-DA-rh	CAU-body-rh	CAU-tail-rh	lAMY-rh	mAMY-rh	THA-DP-rh	NAc-shell-rh	NAc-core-rh	pGP-rh	aGP-rh	HIP-head-m-lh	HIP-head-l-l	HIP-body-l	HIP-tail-lh	THA-VPm-lh	THA-VPl-lh	THA-VAi-lh	THA-VAs-lh	THA-DAm-lh	THA-DAl-lh	PUT-VA-lh	PUT-DA-l	PUT-VP-lh	PUT-DP-lh	CAU-VA-lh	CAU-DA-lh	CAU-body-lh	CAU-tail-lh	lAMY-lh	mAMY-lh	THA-DP-lh	NAc-shell-lh	NAc-core-lh	pGP-lh	aGP-lh
0.33358997106552124	0.25030073523521423	0.24563369154930115	0.2424008697271347	0.26784247159957886	0.2501036524772644	0.27530109882354736	0.2617896497249603	0.25754740834236145	0.24695372581481934	0.29163554310798645	0.2698441743850708	0.2679174840450287	0.26704680919647217	0.295665442943573	0.2666008472442627	0.27413636445999146	0.2760353684425354	0.32016196846961975	0.29730066657066345	0.2598573565483093	0.3437952697277069	0.29904648661613464	0.25177669525146484	0.2960677742958069	0.3381366431713104	0.27062636613845825	0.24125510454177856	0.23836906254291534	0.2636200487613678	0.2495485097169876	0.2741966247558594	0.27630379796028137	0.2561849355697632	0.2677431106567383	0.3164137005805969	0.28761032223701477	0.25808411836624146	0.2695997655391693	0.3203962445259094	0.29825112223625183	0.28554874658584595	0.30607283115386963	0.2975894808769226	0.30381491780281067	0.2545756697654724	0.32179850339889526	0.29759252071380615	0.26781192421913147	0.28728023171424866
