HIP-head-m-rh	HIP-head-l-rh	HIP-body-rh	HIP-tail-rh	THA-VPm-rh	THA-VPl-rh	THA-VAi-rh	THA-VAs-rh	THA-DAm-rh	THA-DAl-rh	PUT-VA-rh	PUT-DA-rh	PUT-VP-rh	PUT-DP-rh	CAU-VA-rh	CAU-DA-rh	CAU-body-rh	CAU-tail-rh	lAMY-rh	mAMY-rh	THA-DP-rh	NAc-shell-rh	NAc-core-rh	pGP-rh	aGP-rh	HIP-head-m-lh	HIP-head-l-l	HIP-body-l	HIP-tail-lh	THA-VPm-lh	THA-VPl-lh	THA-VAi-lh	THA-VAs-lh	THA-DAm-lh	THA-DAl-lh	PUT-VA-lh	PUT-DA-l	PUT-VP-lh	PUT-DP-lh	CAU-VA-lh	CAU-DA-lh	CAU-body-lh	CAU-tail-lh	lAMY-lh	mAMY-lh	THA-DP-lh	NAc-shell-lh	NAc-core-lh	pGP-lh	aGP-lh
0.1125645563006401	0.13346803188323975	0.12880516052246094	0.15511664748191833	0.12852317094802856	0.15474268794059753	0.13203878700733185	0.13521625101566315	0.16119177639484406	0.14464449882507324	0.13281752169132233	0.14548590779304504	0.12430046498775482	0.1653783619403839	0.12889327108860016	0.1478586494922638	0.18314336240291595	0.18427716195583344	0.11393087357282639	0.12256637215614319	0.12903374433517456	0.10955002903938293	0.14458414912223816	0.10486898571252823	0.10050215572118759	0.13516095280647278	0.11940576136112213	0.13337276875972748	0.16830290853977203	0.12753945589065552	0.12378774583339691	0.11504657566547394	0.13853861391544342	0.15472008287906647	0.12546421587467194	0.13074252009391785	0.14433377981185913	0.1340186595916748	0.14485347270965576	0.16024798154830933	0.1508885622024536	0.16063351929187775	0.20166239142417908	0.12709228694438934	0.14491383731365204	0.10875578224658966	0.11345838755369186	0.13967658579349518	0.10653919726610184	0.10210119932889938
