HIP-head-m-rh	HIP-head-l-rh	HIP-body-rh	HIP-tail-rh	THA-VPm-rh	THA-VPl-rh	THA-VAi-rh	THA-VAs-rh	THA-DAm-rh	THA-DAl-rh	PUT-VA-rh	PUT-DA-rh	PUT-VP-rh	PUT-DP-rh	CAU-VA-rh	CAU-DA-rh	CAU-body-rh	CAU-tail-rh	lAMY-rh	mAMY-rh	THA-DP-rh	NAc-shell-rh	NAc-core-rh	pGP-rh	aGP-rh	HIP-head-m-lh	HIP-head-l-l	HIP-body-l	HIP-tail-lh	THA-VPm-lh	THA-VPl-lh	THA-VAi-lh	THA-VAs-lh	THA-DAm-lh	THA-DAl-lh	PUT-VA-lh	PUT-DA-l	PUT-VP-lh	PUT-DP-lh	CAU-VA-lh	CAU-DA-lh	CAU-body-lh	CAU-tail-lh	lAMY-lh	mAMY-lh	THA-DP-lh	NAc-shell-lh	NAc-core-lh	pGP-lh	aGP-lh
0.18965159356594086	0.1841573268175125	0.1886942833662033	0.16502989828586578	0.16185176372528076	0.12934525310993195	0.1612509787082672	0.1531885862350464	0.1540079563856125	0.1321091502904892	0.24047182500362396	0.27317318320274353	0.2566979229450226	0.2546777129173279	0.2293812483549118	0.2701578438282013	0.2383524477481842	0.21563252806663513	0.21091970801353455	0.18974308669567108	0.15056239068508148	0.1711321771144867	0.3148745000362396	0.1888628453016281	0.16864396631717682	0.15892918407917023	0.13756035268306732	0.19549256563186646	0.2758704721927643	0.1838931441307068	0.1678919643163681	0.16222034394741058	0.14456616342067719	0.1784909963607788	0.16251905262470245	0.17562276124954224	0.17381250858306885	0.22500650584697723	0.18672502040863037	0.20889948308467865	0.2618417739868164	0.24553504586219788	0.19359029829502106	0.16365167498588562	0.17493095993995667	0.2313392609357834	0.23626646399497986	0.1921447217464447	0.14794306457042694	0.1648625284433365
