DMN_LABEL_1	Vis_LABEL_2	FP_LABEL_3	Aud_LABEL_4	Tpole_LABEL_5	PMN_LABEL_6	PON_LABEL_7	MTL_LABEL_8	PON_LABEL_9	CO_LABEL_10	Sal_LABEL_11	CO_LABEL_12	SMd_LABEL_13	SMl_LABEL_14	DAN_LABEL_15	DMN_LABEL_16	CO_LABEL_17	DMN_LABEL_18	VAN_LABEL_19	CO_LABEL_20	CO_LABEL_21	Sal_LABEL_22	DAN_LABEL_23	PMN_LABEL_24	DAN_LABEL_25	DMN_LABEL_26	DMN_LABEL_27	DMN_LABEL_28	Vis_LABEL_29	FP_LABEL_30	Aud_LABEL_31	Tpole_LABEL_32	PMN_LABEL_33	PON_LABEL_34	MTL_LABEL_35	CO_LABEL_36	Sal_LABEL_37	CO_LABEL_38	SMd_LABEL_39	SMl_LABEL_40	DAN_LABEL_41	CO_LABEL_42	VAN_LABEL_43	CO_LABEL_44	CO_LABEL_45	Sal_LABEL_46	DAN_LABEL_47	PMN_LABEL_48	DAN_LABEL_49	DMN_LABEL_50	FP_LABEL_51	DMN_LABEL_52	DMN_LABEL_53	PON_LABEL_54	DMN_LABEL_55	Tpole_LABEL_56	Tpole_LABEL_57	Sal_LABEL_58	Sal_LABEL_59	SMd_LABEL_60	DAN_LABEL_61	FP_LABEL_62	DMN_LABEL_63	FP_LABEL_64	FP_LABEL_65	SMd_LABEL_66	SMl_LABEL_67	SMd_LABEL_68	DMN_LABEL_69	DAN_LABEL_70	DMN_LABEL_71	FP_LABEL_72	SMd_LABEL_73	SMl_LABEL_74	MTL_LABEL_75	MTL_LABEL_76	CO_LABEL_77	CO_LABEL_78	Vis_LABEL_79	Vis_LABEL_80
0.30234846472740173	0.48304298520088196	0.526759684085846	0.2745734453201294	0.19446930289268494	0.2118867188692093	0.2952905595302582	n/a	0.21321380138397217	0.2138374149799347	0.2182920277118683	0.2937508821487427	0.3163244426250458	0.32097798585891724	0.4686517119407654	0.36579084396362305	0.3450978696346283	0.31328994035720825	0.2741740942001343	0.17516307532787323	0.21254494786262512	0.16100531816482544	0.41812169551849365	0.4935247302055359	0.28137239813804626	0.1966513991355896	0.20612722635269165	0.3444213569164276	0.39181843400001526	0.41807401180267334	0.23390841484069824	0.2629912495613098	0.19707386195659637	0.2509510815143585	n/a	0.17050769925117493	0.20460735261440277	0.27574241161346436	0.30615779757499695	0.29282262921333313	0.4476640522480011	0.37250247597694397	0.21609821915626526	0.22159229218959808	0.21221497654914856	0.18823102116584778	0.4623276889324188	0.3371262550354004	0.3160398006439209	0.3447491228580475	0.3119857609272003	0.2632923424243927	0.1662723273038864	0.2244974821805954	0.2112295776605606	0.3832342326641083	0.334344744682312	0.346057265996933	0.33293214440345764	n/a	n/a	n/a	0.9720333814620972	0.6843590140342712	0.8887930512428284	0.36148601770401	0.4061133861541748	1.2247483730316162	1.0304062366485596	0.4263172745704651	0.6752926111221313	0.41611602902412415	0.3391687572002411	0.4371621012687683	0.31952160596847534	0.30826783180236816	0.2988381087779999	0.29730862379074097	0.3210342824459076	0.29223302006721497
