HIP-head-m-rh	HIP-head-l-rh	HIP-body-rh	HIP-tail-rh	THA-VPm-rh	THA-VPl-rh	THA-VAi-rh	THA-VAs-rh	THA-DAm-rh	THA-DAl-rh	PUT-VA-rh	PUT-DA-rh	PUT-VP-rh	PUT-DP-rh	CAU-VA-rh	CAU-DA-rh	CAU-body-rh	CAU-tail-rh	lAMY-rh	mAMY-rh	THA-DP-rh	NAc-shell-rh	NAc-core-rh	pGP-rh	aGP-rh	HIP-head-m-lh	HIP-head-l-l	HIP-body-l	HIP-tail-lh	THA-VPm-lh	THA-VPl-lh	THA-VAi-lh	THA-VAs-lh	THA-DAm-lh	THA-DAl-lh	PUT-VA-lh	PUT-DA-l	PUT-VP-lh	PUT-DP-lh	CAU-VA-lh	CAU-DA-lh	CAU-body-lh	CAU-tail-lh	lAMY-lh	mAMY-lh	THA-DP-lh	NAc-shell-lh	NAc-core-lh	pGP-lh	aGP-lh
0.3495442867279053	0.278070867061615	0.2744484543800354	0.265942245721817	0.2864532768726349	0.27205801010131836	0.30102238059043884	0.2733680009841919	0.29744818806648254	0.2574043273925781	0.3058004379272461	0.3042011559009552	0.3313271403312683	0.3090907335281372	0.33028537034988403	0.298012912273407	0.3063371181488037	0.27889880537986755	0.4249785244464874	0.4407816529273987	0.2814936935901642	0.31535303592681885	0.280884712934494	0.2905821204185486	0.29484373331069946	0.36769160628318787	0.3170703947544098	0.28749996423721313	0.2694997489452362	0.28758689761161804	0.27748170495033264	0.3359393775463104	0.3129861652851105	0.28771406412124634	0.2826661467552185	0.33734238147735596	0.31958329677581787	0.3922560513019562	0.3239150941371918	0.3234133720397949	0.297152578830719	0.3015686571598053	0.287361741065979	0.41542595624923706	0.42577436566352844	0.2703460156917572	0.31515756249427795	0.2840625047683716	0.2951459586620331	0.30595147609710693
