HIP-head-m-rh	HIP-head-l-rh	HIP-body-rh	HIP-tail-rh	THA-VPm-rh	THA-VPl-rh	THA-VAi-rh	THA-VAs-rh	THA-DAm-rh	THA-DAl-rh	PUT-VA-rh	PUT-DA-rh	PUT-VP-rh	PUT-DP-rh	CAU-VA-rh	CAU-DA-rh	CAU-body-rh	CAU-tail-rh	lAMY-rh	mAMY-rh	THA-DP-rh	NAc-shell-rh	NAc-core-rh	pGP-rh	aGP-rh	HIP-head-m-lh	HIP-head-l-l	HIP-body-l	HIP-tail-lh	THA-VPm-lh	THA-VPl-lh	THA-VAi-lh	THA-VAs-lh	THA-DAm-lh	THA-DAl-lh	PUT-VA-lh	PUT-DA-l	PUT-VP-lh	PUT-DP-lh	CAU-VA-lh	CAU-DA-lh	CAU-body-lh	CAU-tail-lh	lAMY-lh	mAMY-lh	THA-DP-lh	NAc-shell-lh	NAc-core-lh	pGP-lh	aGP-lh
0.14653006196022034	0.14518265426158905	0.14601770043373108	0.15127497911453247	0.09168870002031326	0.11147590726613998	0.11604950577020645	0.1505448818206787	0.12409055978059769	0.15081658959388733	0.13674992322921753	0.14602865278720856	0.11089262366294861	0.13154418766498566	0.1416199803352356	0.13865403831005096	0.1855219304561615	0.1921522170305252	0.11535681039094925	0.11697137355804443	0.10041681677103043	0.11947645992040634	0.12725481390953064	0.09735892713069916	0.11545220762491226	0.12475737184286118	0.13577701151371002	0.15098659694194794	0.14417380094528198	0.09208057075738907	0.11383143067359924	0.12020605057477951	0.1574455052614212	0.12728838622570038	0.14160101115703583	0.13982070982456207	0.1294531673192978	0.10104364901781082	0.12159575521945953	0.1396784633398056	0.1390281766653061	0.1695205420255661	0.15252076089382172	0.12253227084875107	0.11374857276678085	0.10307089239358902	0.11502903699874878	0.15479835867881775	0.09076473861932755	0.10220615565776825
