HIP-head-m-rh	HIP-head-l-rh	HIP-body-rh	HIP-tail-rh	THA-VPm-rh	THA-VPl-rh	THA-VAi-rh	THA-VAs-rh	THA-DAm-rh	THA-DAl-rh	PUT-VA-rh	PUT-DA-rh	PUT-VP-rh	PUT-DP-rh	CAU-VA-rh	CAU-DA-rh	CAU-body-rh	CAU-tail-rh	lAMY-rh	mAMY-rh	THA-DP-rh	NAc-shell-rh	NAc-core-rh	pGP-rh	aGP-rh	HIP-head-m-lh	HIP-head-l-l	HIP-body-l	HIP-tail-lh	THA-VPm-lh	THA-VPl-lh	THA-VAi-lh	THA-VAs-lh	THA-DAm-lh	THA-DAl-lh	PUT-VA-lh	PUT-DA-l	PUT-VP-lh	PUT-DP-lh	CAU-VA-lh	CAU-DA-lh	CAU-body-lh	CAU-tail-lh	lAMY-lh	mAMY-lh	THA-DP-lh	NAc-shell-lh	NAc-core-lh	pGP-lh	aGP-lh
0.2999592423439026	0.27790820598602295	0.21801109611988068	0.20081891119480133	0.23548077046871185	0.20835931599140167	0.26126930117607117	0.22949449717998505	0.2637418210506439	0.251441091299057	0.24604853987693787	0.2246980369091034	0.23550580441951752	0.2491896003484726	0.22134466469287872	0.22580164670944214	0.2289152294397354	0.20813792943954468	0.26684460043907166	0.3059421181678772	0.23693229258060455	0.26158180832862854	0.24249166250228882	0.2320404052734375	0.23320749402046204	0.28783687949180603	0.32330065965652466	0.23380982875823975	0.2406005710363388	0.23516708612442017	0.23363171517848969	0.25521695613861084	0.24819569289684296	0.2813526391983032	0.23998931050300598	0.24258361756801605	0.24220268428325653	0.2576095461845398	0.24427834153175354	0.24240098893642426	0.24290241301059723	0.24204382300376892	0.24028658866882324	0.3161866366863251	0.31717732548713684	0.2454604059457779	0.2718721032142639	0.2379000037908554	0.22733156383037567	0.23002232611179352
