HIP-head-m-rh	HIP-head-l-rh	HIP-body-rh	HIP-tail-rh	THA-VPm-rh	THA-VPl-rh	THA-VAi-rh	THA-VAs-rh	THA-DAm-rh	THA-DAl-rh	PUT-VA-rh	PUT-DA-rh	PUT-VP-rh	PUT-DP-rh	CAU-VA-rh	CAU-DA-rh	CAU-body-rh	CAU-tail-rh	lAMY-rh	mAMY-rh	THA-DP-rh	NAc-shell-rh	NAc-core-rh	pGP-rh	aGP-rh	HIP-head-m-lh	HIP-head-l-l	HIP-body-l	HIP-tail-lh	THA-VPm-lh	THA-VPl-lh	THA-VAi-lh	THA-VAs-lh	THA-DAm-lh	THA-DAl-lh	PUT-VA-lh	PUT-DA-l	PUT-VP-lh	PUT-DP-lh	CAU-VA-lh	CAU-DA-lh	CAU-body-lh	CAU-tail-lh	lAMY-lh	mAMY-lh	THA-DP-lh	NAc-shell-lh	NAc-core-lh	pGP-lh	aGP-lh
0.31608548760414124	0.29863759875297546	0.2430228888988495	0.22539056837558746	0.25587210059165955	0.23020753264427185	0.2793876528739929	0.25605279207229614	0.2624257206916809	0.24818633496761322	0.2744230031967163	0.2513093948364258	0.25533759593963623	0.2598273456096649	0.25086650252342224	0.23551473021507263	0.24483565986156464	0.246036559343338	0.30288606882095337	0.31528058648109436	0.24239736795425415	0.2830701768398285	0.2514258921146393	0.24184280633926392	0.24816738069057465	0.3062700033187866	0.34140464663505554	0.24869132041931152	0.24145978689193726	0.24132440984249115	0.2513462007045746	0.26086699962615967	0.26438984274864197	0.27887001633644104	0.2645259499549866	0.26525717973709106	0.27086275815963745	0.25830021500587463	0.256099134683609	0.26338842511177063	0.24226795136928558	0.2516777217388153	0.25455132126808167	0.3196469247341156	0.3407401144504547	0.24615444242954254	0.3012903034687042	0.2612762153148651	0.24155209958553314	0.25805824995040894
