HIP-head-m-rh	HIP-head-l-rh	HIP-body-rh	HIP-tail-rh	THA-VPm-rh	THA-VPl-rh	THA-VAi-rh	THA-VAs-rh	THA-DAm-rh	THA-DAl-rh	PUT-VA-rh	PUT-DA-rh	PUT-VP-rh	PUT-DP-rh	CAU-VA-rh	CAU-DA-rh	CAU-body-rh	CAU-tail-rh	lAMY-rh	mAMY-rh	THA-DP-rh	NAc-shell-rh	NAc-core-rh	pGP-rh	aGP-rh	HIP-head-m-lh	HIP-head-l-l	HIP-body-l	HIP-tail-lh	THA-VPm-lh	THA-VPl-lh	THA-VAi-lh	THA-VAs-lh	THA-DAm-lh	THA-DAl-lh	PUT-VA-lh	PUT-DA-l	PUT-VP-lh	PUT-DP-lh	CAU-VA-lh	CAU-DA-lh	CAU-body-lh	CAU-tail-lh	lAMY-lh	mAMY-lh	THA-DP-lh	NAc-shell-lh	NAc-core-lh	pGP-lh	aGP-lh
0.1207311749458313	0.14517638087272644	0.1344054639339447	0.1512071043252945	0.13543695211410522	0.13905635476112366	0.14597666263580322	0.1778501272201538	0.15253308415412903	0.16218256950378418	0.14883512258529663	0.15449371933937073	0.1491217166185379	0.1614914983510971	0.1499040275812149	0.16555766761302948	0.19411075115203857	0.16798335313796997	0.146107017993927	0.1253112405538559	0.15667197108268738	0.13494166731834412	0.1387341320514679	0.12245377153158188	0.10185298323631287	0.14980792999267578	0.15773707628250122	0.15099850296974182	0.17079409956932068	0.14666856825351715	0.1313769817352295	0.12474717944860458	0.15384714305400848	0.1652359962463379	0.1661187708377838	0.12940503656864166	0.14227983355522156	0.1536327749490738	0.13576334714889526	0.152359738945961	0.1512024849653244	0.1552739441394806	0.1746557056903839	0.13509508967399597	0.1424725204706192	0.16136674582958221	0.1336616575717926	0.15255004167556763	0.11392639577388763	0.10482507199048996
