HIP-head-m-rh	HIP-head-l-rh	HIP-body-rh	HIP-tail-rh	THA-VPm-rh	THA-VPl-rh	THA-VAi-rh	THA-VAs-rh	THA-DAm-rh	THA-DAl-rh	PUT-VA-rh	PUT-DA-rh	PUT-VP-rh	PUT-DP-rh	CAU-VA-rh	CAU-DA-rh	CAU-body-rh	CAU-tail-rh	lAMY-rh	mAMY-rh	THA-DP-rh	NAc-shell-rh	NAc-core-rh	pGP-rh	aGP-rh	HIP-head-m-lh	HIP-head-l-l	HIP-body-l	HIP-tail-lh	THA-VPm-lh	THA-VPl-lh	THA-VAi-lh	THA-VAs-lh	THA-DAm-lh	THA-DAl-lh	PUT-VA-lh	PUT-DA-l	PUT-VP-lh	PUT-DP-lh	CAU-VA-lh	CAU-DA-lh	CAU-body-lh	CAU-tail-lh	lAMY-lh	mAMY-lh	THA-DP-lh	NAc-shell-lh	NAc-core-lh	pGP-lh	aGP-lh
0.30866628885269165	0.3155224621295929	0.2561764419078827	0.23654313385486603	0.2591407895088196	0.22549107670783997	0.2586479187011719	0.22715437412261963	0.2474464476108551	0.2327309548854828	0.2568333148956299	0.25647854804992676	0.2586289048194885	0.2501753866672516	0.23822292685508728	0.23374952375888824	0.23904269933700562	0.23177006840705872	0.3053283393383026	0.33126530051231384	0.23384195566177368	0.2573201060295105	0.26281240582466125	0.22959376871585846	0.2508327066898346	0.3146444857120514	0.2895415723323822	0.2552357017993927	0.23751568794250488	0.245799720287323	0.2366284877061844	0.2724766135215759	0.23872199654579163	0.26749369502067566	0.22871309518814087	0.265419602394104	0.24244166910648346	0.2573590576648712	0.2355121523141861	0.2376386821269989	0.23108918964862823	0.24204885959625244	0.21337294578552246	0.30043482780456543	0.33575761318206787	0.2299177348613739	0.27158302068710327	0.24498452246189117	0.24707075953483582	0.2433561235666275
