HIP-head-m-rh	HIP-head-l-rh	HIP-body-rh	HIP-tail-rh	THA-VPm-rh	THA-VPl-rh	THA-VAi-rh	THA-VAs-rh	THA-DAm-rh	THA-DAl-rh	PUT-VA-rh	PUT-DA-rh	PUT-VP-rh	PUT-DP-rh	CAU-VA-rh	CAU-DA-rh	CAU-body-rh	CAU-tail-rh	lAMY-rh	mAMY-rh	THA-DP-rh	NAc-shell-rh	NAc-core-rh	pGP-rh	aGP-rh	HIP-head-m-lh	HIP-head-l-l	HIP-body-l	HIP-tail-lh	THA-VPm-lh	THA-VPl-lh	THA-VAi-lh	THA-VAs-lh	THA-DAm-lh	THA-DAl-lh	PUT-VA-lh	PUT-DA-l	PUT-VP-lh	PUT-DP-lh	CAU-VA-lh	CAU-DA-lh	CAU-body-lh	CAU-tail-lh	lAMY-lh	mAMY-lh	THA-DP-lh	NAc-shell-lh	NAc-core-lh	pGP-lh	aGP-lh
0.11029330641031265	0.1562870591878891	0.12648101150989532	0.1494361013174057	0.13127458095550537	0.1262890100479126	0.12930627167224884	0.1458940953016281	0.14592133462429047	0.13125547766685486	0.13524992763996124	0.13601292669773102	0.11562036722898483	0.13716070353984833	0.14229105412960052	0.14494848251342773	0.1512918472290039	0.16447646915912628	0.14388760924339294	0.13754574954509735	0.1511908918619156	0.11810947954654694	0.13149118423461914	0.12434248626232147	0.10662934929132462	0.12033317238092422	0.14413982629776	0.13160985708236694	0.14617374539375305	0.11380039155483246	0.12223502993583679	0.12024903297424316	0.13390178978443146	0.15221448242664337	0.1331368237733841	0.13545465469360352	0.13453571498394012	0.130438894033432	0.1336357593536377	0.15614183247089386	0.16253387928009033	0.17474067211151123	0.14954303205013275	0.12890054285526276	0.14847268164157867	0.13032256066799164	0.1266978532075882	0.14211755990982056	0.11092688143253326	0.11274156719446182
