HIP-head-m-rh	HIP-head-l-rh	HIP-body-rh	HIP-tail-rh	THA-VPm-rh	THA-VPl-rh	THA-VAi-rh	THA-VAs-rh	THA-DAm-rh	THA-DAl-rh	PUT-VA-rh	PUT-DA-rh	PUT-VP-rh	PUT-DP-rh	CAU-VA-rh	CAU-DA-rh	CAU-body-rh	CAU-tail-rh	lAMY-rh	mAMY-rh	THA-DP-rh	NAc-shell-rh	NAc-core-rh	pGP-rh	aGP-rh	HIP-head-m-lh	HIP-head-l-l	HIP-body-l	HIP-tail-lh	THA-VPm-lh	THA-VPl-lh	THA-VAi-lh	THA-VAs-lh	THA-DAm-lh	THA-DAl-lh	PUT-VA-lh	PUT-DA-l	PUT-VP-lh	PUT-DP-lh	CAU-VA-lh	CAU-DA-lh	CAU-body-lh	CAU-tail-lh	lAMY-lh	mAMY-lh	THA-DP-lh	NAc-shell-lh	NAc-core-lh	pGP-lh	aGP-lh
0.14595653116703033	0.13276121020317078	0.13420099020004272	0.18172450363636017	0.11010920256376266	0.11344146728515625	0.10497308522462845	0.132775217294693	0.133883535861969	0.12715964019298553	0.16896817088127136	0.15974606573581696	0.18809591233730316	0.19130589067935944	0.1388833224773407	0.13917133212089539	0.1679614931344986	0.1409303992986679	0.10318271815776825	0.10122055560350418	0.12554195523262024	0.12731993198394775	0.13009412586688995	0.13258449733257294	0.09239675104618073	0.12384428083896637	0.12913955748081207	0.1286323070526123	0.13779926300048828	0.10409709811210632	0.1362304836511612	0.10592363029718399	0.12346871197223663	0.12946976721286774	0.1269446462392807	0.1335790604352951	0.1734582632780075	0.16237546503543854	0.1437678039073944	0.20426899194717407	0.154628187417984	0.16786541044712067	0.18120120465755463	0.11671465635299683	0.11021648347377777	0.11300681531429291	0.11488375067710876	0.1272004246711731	0.11400586366653442	0.11758272349834442
