HIP-head-m-rh	HIP-head-l-rh	HIP-body-rh	HIP-tail-rh	THA-VPm-rh	THA-VPl-rh	THA-VAi-rh	THA-VAs-rh	THA-DAm-rh	THA-DAl-rh	PUT-VA-rh	PUT-DA-rh	PUT-VP-rh	PUT-DP-rh	CAU-VA-rh	CAU-DA-rh	CAU-body-rh	CAU-tail-rh	lAMY-rh	mAMY-rh	THA-DP-rh	NAc-shell-rh	NAc-core-rh	pGP-rh	aGP-rh	HIP-head-m-lh	HIP-head-l-l	HIP-body-l	HIP-tail-lh	THA-VPm-lh	THA-VPl-lh	THA-VAi-lh	THA-VAs-lh	THA-DAm-lh	THA-DAl-lh	PUT-VA-lh	PUT-DA-l	PUT-VP-lh	PUT-DP-lh	CAU-VA-lh	CAU-DA-lh	CAU-body-lh	CAU-tail-lh	lAMY-lh	mAMY-lh	THA-DP-lh	NAc-shell-lh	NAc-core-lh	pGP-lh	aGP-lh
0.15778689086437225	0.16829003393650055	0.18991687893867493	0.1957550346851349	0.1822005808353424	0.20143792033195496	0.1438973844051361	0.18165571987628937	0.21708311140537262	0.19789664447307587	0.1607999950647354	0.1954827904701233	0.1915265917778015	0.2205459624528885	0.1918494552373886	0.17980407178401947	0.2507491409778595	0.2759060561656952	0.1667778640985489	0.15405672788619995	0.14363865554332733	0.12735724449157715	0.13295362889766693	0.10643969476222992	0.12731130421161652	0.15226852893829346	0.17381252348423004	0.1862257421016693	0.21742530167102814	0.1841355562210083	0.18919241428375244	0.14507916569709778	0.17390064895153046	0.21781523525714874	0.19502325356006622	0.12185921519994736	0.20943905413150787	0.18261341750621796	0.21478332579135895	0.1915757656097412	0.21436600387096405	0.2573113441467285	0.3439458906650543	0.16980384290218353	0.1475256085395813	0.16430453956127167	0.12144786864519119	0.1757841557264328	0.14011651277542114	0.13671144843101501
