HIP-head-m-rh	HIP-head-l-rh	HIP-body-rh	HIP-tail-rh	THA-VPm-rh	THA-VPl-rh	THA-VAi-rh	THA-VAs-rh	THA-DAm-rh	THA-DAl-rh	PUT-VA-rh	PUT-DA-rh	PUT-VP-rh	PUT-DP-rh	CAU-VA-rh	CAU-DA-rh	CAU-body-rh	CAU-tail-rh	lAMY-rh	mAMY-rh	THA-DP-rh	NAc-shell-rh	NAc-core-rh	pGP-rh	aGP-rh	HIP-head-m-lh	HIP-head-l-l	HIP-body-l	HIP-tail-lh	THA-VPm-lh	THA-VPl-lh	THA-VAi-lh	THA-VAs-lh	THA-DAm-lh	THA-DAl-lh	PUT-VA-lh	PUT-DA-l	PUT-VP-lh	PUT-DP-lh	CAU-VA-lh	CAU-DA-lh	CAU-body-lh	CAU-tail-lh	lAMY-lh	mAMY-lh	THA-DP-lh	NAc-shell-lh	NAc-core-lh	pGP-lh	aGP-lh
0.44179895520210266	0.4476422965526581	0.4047103524208069	0.34495288133621216	0.3851063847541809	0.3513720631599426	0.42150670289993286	0.38814547657966614	0.3894781172275543	0.3454033434391022	0.4363442361354828	0.3983880877494812	0.37671607732772827	0.3600170910358429	0.48380959033966064	0.39034050703048706	0.38534027338027954	0.3971409201622009	0.5403032898902893	0.6009293794631958	0.3543334901332855	0.47639620304107666	0.4914764165878296	0.349481999874115	0.3978251516819	0.480112224817276	0.4500771164894104	0.3621191680431366	0.3884514570236206	0.36955374479293823	0.36885085701942444	0.41595259308815	0.36329251527786255	0.42887580394744873	0.3326483964920044	0.5045778155326843	0.4100189805030823	0.3499091863632202	0.31494301557540894	0.43035539984703064	0.4296584725379944	0.3923552632331848	0.39963167905807495	0.6068957448005676	0.6675541400909424	0.3641069829463959	0.46799594163894653	0.42617830634117126	0.35304754972457886	0.435958594083786
