HIP-head-m-rh	HIP-head-l-rh	HIP-body-rh	HIP-tail-rh	THA-VPm-rh	THA-VPl-rh	THA-VAi-rh	THA-VAs-rh	THA-DAm-rh	THA-DAl-rh	PUT-VA-rh	PUT-DA-rh	PUT-VP-rh	PUT-DP-rh	CAU-VA-rh	CAU-DA-rh	CAU-body-rh	CAU-tail-rh	lAMY-rh	mAMY-rh	THA-DP-rh	NAc-shell-rh	NAc-core-rh	pGP-rh	aGP-rh	HIP-head-m-lh	HIP-head-l-l	HIP-body-l	HIP-tail-lh	THA-VPm-lh	THA-VPl-lh	THA-VAi-lh	THA-VAs-lh	THA-DAm-lh	THA-DAl-lh	PUT-VA-lh	PUT-DA-l	PUT-VP-lh	PUT-DP-lh	CAU-VA-lh	CAU-DA-lh	CAU-body-lh	CAU-tail-lh	lAMY-lh	mAMY-lh	THA-DP-lh	NAc-shell-lh	NAc-core-lh	pGP-lh	aGP-lh
0.15049231052398682	0.110438272356987	0.13635008037090302	0.14305497705936432	0.10994992405176163	0.10765551030635834	0.11255247890949249	0.13116355240345	0.16326630115509033	0.1343715637922287	0.12999458611011505	0.12774237990379333	0.12336751818656921	0.15186141431331635	0.12207337468862534	0.1418367177248001	0.14901557564735413	0.13820050656795502	0.13226847350597382	0.1481296271085739	0.11835313588380814	0.11498532444238663	0.14060862362384796	0.11564341932535172	0.10520309954881668	0.105728879570961	0.10873669385910034	0.1209445372223854	0.15652407705783844	0.12722550332546234	0.10330325365066528	0.10276834666728973	0.1188923791050911	0.1387113779783249	0.13244622945785522	0.14649994671344757	0.14842401444911957	0.1261572539806366	0.12193946540355682	0.13706757128238678	0.13489031791687012	0.15751498937606812	0.1206786260008812	0.11736578494310379	0.15454620122909546	0.11145105212926865	0.11584209650754929	0.16132965683937073	0.094242163002491	0.11366178095340729
