HIP-head-m-rh	HIP-head-l-rh	HIP-body-rh	HIP-tail-rh	THA-VPm-rh	THA-VPl-rh	THA-VAi-rh	THA-VAs-rh	THA-DAm-rh	THA-DAl-rh	PUT-VA-rh	PUT-DA-rh	PUT-VP-rh	PUT-DP-rh	CAU-VA-rh	CAU-DA-rh	CAU-body-rh	CAU-tail-rh	lAMY-rh	mAMY-rh	THA-DP-rh	NAc-shell-rh	NAc-core-rh	pGP-rh	aGP-rh	HIP-head-m-lh	HIP-head-l-l	HIP-body-l	HIP-tail-lh	THA-VPm-lh	THA-VPl-lh	THA-VAi-lh	THA-VAs-lh	THA-DAm-lh	THA-DAl-lh	PUT-VA-lh	PUT-DA-l	PUT-VP-lh	PUT-DP-lh	CAU-VA-lh	CAU-DA-lh	CAU-body-lh	CAU-tail-lh	lAMY-lh	mAMY-lh	THA-DP-lh	NAc-shell-lh	NAc-core-lh	pGP-lh	aGP-lh
0.106865294277668	0.09210928529500961	0.1189209371805191	0.1424059420824051	0.10117500275373459	0.10484572499990463	0.09114035218954086	0.11800894886255264	0.11651429533958435	0.10461442917585373	0.1121114194393158	0.11933743953704834	0.11714165657758713	0.11367565393447876	0.10728710144758224	0.11896096915006638	0.13528059422969818	0.19270431995391846	0.1122063547372818	0.12160421907901764	0.12167511880397797	0.08082712441682816	0.09120859205722809	0.100153349339962	0.10193796455860138	0.1026809886097908	0.10826150327920914	0.11788008362054825	0.13085150718688965	0.09255991876125336	0.11082454770803452	0.09475399553775787	0.1309058964252472	0.12421486526727676	0.11579971015453339	0.11607291549444199	0.13372613489627838	0.12544240057468414	0.11850731819868088	0.11727682501077652	0.1201658695936203	0.11020208150148392	0.13688763976097107	0.12097213417291641	0.11381421983242035	0.11243391782045364	0.09729114919900894	0.10702265799045563	0.09489445388317108	0.09166113287210464
