HIP-head-m-rh	HIP-head-l-rh	HIP-body-rh	HIP-tail-rh	THA-VPm-rh	THA-VPl-rh	THA-VAi-rh	THA-VAs-rh	THA-DAm-rh	THA-DAl-rh	PUT-VA-rh	PUT-DA-rh	PUT-VP-rh	PUT-DP-rh	CAU-VA-rh	CAU-DA-rh	CAU-body-rh	CAU-tail-rh	lAMY-rh	mAMY-rh	THA-DP-rh	NAc-shell-rh	NAc-core-rh	pGP-rh	aGP-rh	HIP-head-m-lh	HIP-head-l-l	HIP-body-l	HIP-tail-lh	THA-VPm-lh	THA-VPl-lh	THA-VAi-lh	THA-VAs-lh	THA-DAm-lh	THA-DAl-lh	PUT-VA-lh	PUT-DA-l	PUT-VP-lh	PUT-DP-lh	CAU-VA-lh	CAU-DA-lh	CAU-body-lh	CAU-tail-lh	lAMY-lh	mAMY-lh	THA-DP-lh	NAc-shell-lh	NAc-core-lh	pGP-lh	aGP-lh
0.34102994203567505	0.32709506154060364	0.30519238114356995	0.267621785402298	0.3061496913433075	0.27822166681289673	0.2881118059158325	0.2623160481452942	0.27135521173477173	0.25158220529556274	0.29459401965141296	0.26513007283210754	0.28578388690948486	0.2546871602535248	0.2514413297176361	0.23023119568824768	0.24593986570835114	0.27876758575439453	0.3367280662059784	0.3842942714691162	0.27506023645401	0.29099711775779724	0.23034532368183136	0.2763967216014862	0.2920723557472229	0.3155383765697479	0.2831014394760132	0.2696535289287567	0.24575527012348175	0.3059144616127014	0.25364500284194946	0.2984619438648224	0.2704048454761505	0.2629458010196686	0.2463720738887787	0.28723105788230896	0.27662256360054016	0.2630104422569275	0.2433759570121765	0.2887054681777954	0.2550945580005646	0.2826763987541199	0.2537446916103363	0.31259405612945557	0.3804047703742981	0.27201902866363525	0.2956370413303375	0.27006053924560547	0.2667575776576996	0.2704586982727051
