HIP-head-m-rh	HIP-head-l-rh	HIP-body-rh	HIP-tail-rh	THA-VPm-rh	THA-VPl-rh	THA-VAi-rh	THA-VAs-rh	THA-DAm-rh	THA-DAl-rh	PUT-VA-rh	PUT-DA-rh	PUT-VP-rh	PUT-DP-rh	CAU-VA-rh	CAU-DA-rh	CAU-body-rh	CAU-tail-rh	lAMY-rh	mAMY-rh	THA-DP-rh	NAc-shell-rh	NAc-core-rh	pGP-rh	aGP-rh	HIP-head-m-lh	HIP-head-l-l	HIP-body-l	HIP-tail-lh	THA-VPm-lh	THA-VPl-lh	THA-VAi-lh	THA-VAs-lh	THA-DAm-lh	THA-DAl-lh	PUT-VA-lh	PUT-DA-l	PUT-VP-lh	PUT-DP-lh	CAU-VA-lh	CAU-DA-lh	CAU-body-lh	CAU-tail-lh	lAMY-lh	mAMY-lh	THA-DP-lh	NAc-shell-lh	NAc-core-lh	pGP-lh	aGP-lh
0.32730063796043396	0.29399216175079346	0.28290775418281555	0.27407097816467285	0.3174437880516052	0.3374636173248291	0.35337701439857483	0.30972418189048767	0.307130366563797	0.3077372610569	0.36137405037879944	0.32188811898231506	0.35115137696266174	0.2911035418510437	0.34824979305267334	0.2896176278591156	0.28782954812049866	0.3132466673851013	0.37387552857398987	0.44092631340026855	0.32684871554374695	0.4023780822753906	0.32086825370788574	0.25881797075271606	0.31724345684051514	0.31158003211021423	0.305271178483963	0.3396422863006592	0.3076944351196289	0.33931764960289	0.2829035520553589	0.3548307716846466	0.31332293152809143	0.3081531524658203	0.3025645911693573	0.27988243103027344	0.33856314420700073	0.4795319736003876	0.3848764896392822	0.36948806047439575	0.2799350619316101	0.2948499619960785	0.30406665802001953	0.3686646819114685	0.3979812562465668	0.3121015429496765	0.28765058517456055	0.2668280601501465	0.30825909972190857	0.2546952962875366
