HIP-head-m-rh	HIP-head-l-rh	HIP-body-rh	HIP-tail-rh	THA-VPm-rh	THA-VPl-rh	THA-VAi-rh	THA-VAs-rh	THA-DAm-rh	THA-DAl-rh	PUT-VA-rh	PUT-DA-rh	PUT-VP-rh	PUT-DP-rh	CAU-VA-rh	CAU-DA-rh	CAU-body-rh	CAU-tail-rh	lAMY-rh	mAMY-rh	THA-DP-rh	NAc-shell-rh	NAc-core-rh	pGP-rh	aGP-rh	HIP-head-m-lh	HIP-head-l-l	HIP-body-l	HIP-tail-lh	THA-VPm-lh	THA-VPl-lh	THA-VAi-lh	THA-VAs-lh	THA-DAm-lh	THA-DAl-lh	PUT-VA-lh	PUT-DA-l	PUT-VP-lh	PUT-DP-lh	CAU-VA-lh	CAU-DA-lh	CAU-body-lh	CAU-tail-lh	lAMY-lh	mAMY-lh	THA-DP-lh	NAc-shell-lh	NAc-core-lh	pGP-lh	aGP-lh
0.12200146913528442	0.15126967430114746	0.1675736904144287	0.15342779457569122	0.13501016795635223	0.12008553743362427	0.15834689140319824	0.170094832777977	0.15512485802173615	0.15047402679920197	0.15742699801921844	0.15763525664806366	0.13344527781009674	0.16157010197639465	0.1934402585029602	0.1602063924074173	0.17284291982650757	0.17741656303405762	0.10437490046024323	0.11390089243650436	0.15696388483047485	0.14352522790431976	0.17064951360225677	0.12348447740077972	0.1459817886352539	0.12805449962615967	0.15045884251594543	0.20315170288085938	0.1666477620601654	0.11870158463716507	0.15286868810653687	0.14502672851085663	0.14993654191493988	0.16862788796424866	0.1671801209449768	0.14581362903118134	0.14100341498851776	0.12754875421524048	0.11015545576810837	0.14395172894001007	0.17082172632217407	0.13524682819843292	0.12702302634716034	0.11552835255861282	0.15165068209171295	0.14659367501735687	0.1493508368730545	0.18276852369308472	0.09851033240556717	0.12436328828334808
