HIP-head-m-rh	HIP-head-l-rh	HIP-body-rh	HIP-tail-rh	THA-VPm-rh	THA-VPl-rh	THA-VAi-rh	THA-VAs-rh	THA-DAm-rh	THA-DAl-rh	PUT-VA-rh	PUT-DA-rh	PUT-VP-rh	PUT-DP-rh	CAU-VA-rh	CAU-DA-rh	CAU-body-rh	CAU-tail-rh	lAMY-rh	mAMY-rh	THA-DP-rh	NAc-shell-rh	NAc-core-rh	pGP-rh	aGP-rh	HIP-head-m-lh	HIP-head-l-l	HIP-body-l	HIP-tail-lh	THA-VPm-lh	THA-VPl-lh	THA-VAi-lh	THA-VAs-lh	THA-DAm-lh	THA-DAl-lh	PUT-VA-lh	PUT-DA-l	PUT-VP-lh	PUT-DP-lh	CAU-VA-lh	CAU-DA-lh	CAU-body-lh	CAU-tail-lh	lAMY-lh	mAMY-lh	THA-DP-lh	NAc-shell-lh	NAc-core-lh	pGP-lh	aGP-lh
0.09355339407920837	0.09960481524467468	0.11371825635433197	0.11982124298810959	0.08189788460731506	0.09892046451568604	0.1051047071814537	0.11042529344558716	0.13250017166137695	0.12633958458900452	0.1188427209854126	0.14043565094470978	0.12214105576276779	0.12619273364543915	0.1258598417043686	0.12494856119155884	0.14650684595108032	0.14413054287433624	0.10161677747964859	0.0958033874630928	0.0925876721739769	0.10008329898118973	0.1177043616771698	0.09087910503149033	0.08914142102003098	0.09070540219545364	0.09461691230535507	0.11473143845796585	0.13014353811740875	0.11633181571960449	0.09455832093954086	0.09924500435590744	0.10255005210638046	0.13592956960201263	0.09828603267669678	0.12025763839483261	0.15365543961524963	0.10221074521541595	0.12307735532522202	0.10991440713405609	0.14755623042583466	0.12306252121925354	0.12275628745555878	0.13813526928424835	0.0984768271446228	0.10562536120414734	0.1119040846824646	0.12316714972257614	0.103176549077034	0.11007937043905258
