HIP-head-m-rh	HIP-head-l-rh	HIP-body-rh	HIP-tail-rh	THA-VPm-rh	THA-VPl-rh	THA-VAi-rh	THA-VAs-rh	THA-DAm-rh	THA-DAl-rh	PUT-VA-rh	PUT-DA-rh	PUT-VP-rh	PUT-DP-rh	CAU-VA-rh	CAU-DA-rh	CAU-body-rh	CAU-tail-rh	lAMY-rh	mAMY-rh	THA-DP-rh	NAc-shell-rh	NAc-core-rh	pGP-rh	aGP-rh	HIP-head-m-lh	HIP-head-l-l	HIP-body-l	HIP-tail-lh	THA-VPm-lh	THA-VPl-lh	THA-VAi-lh	THA-VAs-lh	THA-DAm-lh	THA-DAl-lh	PUT-VA-lh	PUT-DA-l	PUT-VP-lh	PUT-DP-lh	CAU-VA-lh	CAU-DA-lh	CAU-body-lh	CAU-tail-lh	lAMY-lh	mAMY-lh	THA-DP-lh	NAc-shell-lh	NAc-core-lh	pGP-lh	aGP-lh
0.33354637026786804	0.24562665820121765	0.2839583158493042	0.2648525834083557	0.27363431453704834	0.2823250889778137	0.2947063446044922	0.29347118735313416	0.2741444408893585	0.2631354331970215	0.30807605385780334	0.28107723593711853	0.2925417721271515	0.2656688690185547	0.323519766330719	0.30389031767845154	0.2971873879432678	0.29686790704727173	0.28138020634651184	0.3456968367099762	0.2750648260116577	0.4077813923358917	0.3123015761375427	0.2713300883769989	0.286892294883728	0.3581600785255432	0.23142467439174652	0.2526579201221466	0.27293992042541504	0.29971784353256226	0.26655319333076477	0.3004131317138672	0.3004024624824524	0.2829560935497284	0.25975847244262695	0.2874943017959595	0.2649625837802887	0.2806985378265381	0.2557339668273926	0.34747806191444397	0.3010936677455902	0.34287014603614807	0.3294968605041504	0.3004564642906189	0.3356173634529114	0.26200902462005615	0.3980886936187744	0.31955787539482117	0.29023438692092896	0.3279624879360199
