DMN_LABEL_1	Vis_LABEL_2	FP_LABEL_3	Aud_LABEL_4	Tpole_LABEL_5	PMN_LABEL_6	PON_LABEL_7	MTL_LABEL_8	PON_LABEL_9	CO_LABEL_10	Sal_LABEL_11	CO_LABEL_12	SMd_LABEL_13	SMl_LABEL_14	DAN_LABEL_15	DMN_LABEL_16	CO_LABEL_17	DMN_LABEL_18	VAN_LABEL_19	CO_LABEL_20	CO_LABEL_21	Sal_LABEL_22	DAN_LABEL_23	PMN_LABEL_24	DAN_LABEL_25	DMN_LABEL_26	DMN_LABEL_27	DMN_LABEL_28	Vis_LABEL_29	FP_LABEL_30	Aud_LABEL_31	Tpole_LABEL_32	PMN_LABEL_33	PON_LABEL_34	MTL_LABEL_35	CO_LABEL_36	Sal_LABEL_37	CO_LABEL_38	SMd_LABEL_39	SMl_LABEL_40	DAN_LABEL_41	CO_LABEL_42	VAN_LABEL_43	CO_LABEL_44	CO_LABEL_45	Sal_LABEL_46	DAN_LABEL_47	PMN_LABEL_48	DAN_LABEL_49	DMN_LABEL_50	FP_LABEL_51	DMN_LABEL_52	DMN_LABEL_53	PON_LABEL_54	DMN_LABEL_55	Tpole_LABEL_56	Tpole_LABEL_57	Sal_LABEL_58	Sal_LABEL_59	SMd_LABEL_60	DAN_LABEL_61	FP_LABEL_62	DMN_LABEL_63	FP_LABEL_64	FP_LABEL_65	SMd_LABEL_66	SMl_LABEL_67	SMd_LABEL_68	DMN_LABEL_69	DAN_LABEL_70	DMN_LABEL_71	FP_LABEL_72	SMd_LABEL_73	SMl_LABEL_74	MTL_LABEL_75	MTL_LABEL_76	CO_LABEL_77	CO_LABEL_78	Vis_LABEL_79	Vis_LABEL_80
0.2495969831943512	0.6312015652656555	0.2859381437301636	0.24539431929588318	0.2536068856716156	0.23648452758789062	0.25380194187164307	n/a	0.22335538268089294	0.17041391134262085	0.18092992901802063	0.19820833206176758	0.2528531551361084	0.3388504087924957	0.2848460078239441	0.47432029247283936	0.3442820608615875	0.2957840859889984	0.30131980776786804	0.16988985240459442	0.2182607501745224	0.19107481837272644	0.33909380435943604	0.42186710238456726	0.4014461636543274	0.5242863297462463	0.24878090620040894	0.23895017802715302	0.531514048576355	0.33521419763565063	0.2567232847213745	0.2276785522699356	0.2270401567220688	0.24747683107852936	n/a	0.18138433992862701	0.18040993809700012	0.19698244333267212	0.2349396049976349	0.3122885525226593	0.31782951951026917	0.3489394187927246	0.2345132678747177	0.18468156456947327	0.20486576855182648	0.18517498672008514	0.4283997118473053	0.39047926664352417	0.37962204217910767	0.3607393205165863	0.22045007348060608	0.599910318851471	0.1968974769115448	0.22282513976097107	0.25999701023101807	0.42321646213531494	0.3567461669445038	0.32114890217781067	0.2723822295665741	n/a	n/a	n/a	n/a	1.0279603004455566	3.2085134983062744	0.2443869560956955	0.28373801708221436	n/a	n/a	n/a	3.7762563228607178	0.34551963210105896	0.2585311830043793	0.3023802638053894	0.27747783064842224	0.2929954528808594	0.27713021636009216	0.2676750421524048	0.27094942331314087	0.28364482522010803
