HIP-head-m-rh	HIP-head-l-rh	HIP-body-rh	HIP-tail-rh	THA-VPm-rh	THA-VPl-rh	THA-VAi-rh	THA-VAs-rh	THA-DAm-rh	THA-DAl-rh	PUT-VA-rh	PUT-DA-rh	PUT-VP-rh	PUT-DP-rh	CAU-VA-rh	CAU-DA-rh	CAU-body-rh	CAU-tail-rh	lAMY-rh	mAMY-rh	THA-DP-rh	NAc-shell-rh	NAc-core-rh	pGP-rh	aGP-rh	HIP-head-m-lh	HIP-head-l-l	HIP-body-l	HIP-tail-lh	THA-VPm-lh	THA-VPl-lh	THA-VAi-lh	THA-VAs-lh	THA-DAm-lh	THA-DAl-lh	PUT-VA-lh	PUT-DA-l	PUT-VP-lh	PUT-DP-lh	CAU-VA-lh	CAU-DA-lh	CAU-body-lh	CAU-tail-lh	lAMY-lh	mAMY-lh	THA-DP-lh	NAc-shell-lh	NAc-core-lh	pGP-lh	aGP-lh
0.14811639487743378	0.15294376015663147	0.1546468734741211	0.17596736550331116	0.09733470529317856	0.1019388809800148	0.09857945889234543	0.11691603064537048	0.12314353883266449	0.11364644765853882	0.17706815898418427	0.12740184366703033	0.12044787406921387	0.12053722143173218	0.12581968307495117	0.12468007206916809	0.1319710910320282	0.15805666148662567	0.11225049197673798	0.10768821835517883	0.11547823250293732	0.11808892339468002	0.18085043132305145	0.11004847288131714	0.11089274287223816	0.1313868910074234	0.15864454209804535	0.1321088820695877	0.16752848029136658	0.10756160318851471	0.1006019115447998	0.10557909309864044	0.12512844800949097	0.12974593043327332	0.10936301201581955	0.16374224424362183	0.17645150423049927	0.10359910130500793	0.12974222004413605	0.14749115705490112	0.17128226161003113	0.15096665918827057	0.1245754137635231	0.12618471682071686	0.10679081082344055	0.10967913269996643	0.1106194481253624	0.12567050755023956	0.1082669347524643	0.12307708710432053
