DMN_LABEL_1	Vis_LABEL_2	FP_LABEL_3	Aud_LABEL_4	Tpole_LABEL_5	PMN_LABEL_6	PON_LABEL_7	MTL_LABEL_8	PON_LABEL_9	CO_LABEL_10	Sal_LABEL_11	CO_LABEL_12	SMd_LABEL_13	SMl_LABEL_14	DAN_LABEL_15	DMN_LABEL_16	CO_LABEL_17	DMN_LABEL_18	VAN_LABEL_19	CO_LABEL_20	CO_LABEL_21	Sal_LABEL_22	DAN_LABEL_23	PMN_LABEL_24	DAN_LABEL_25	DMN_LABEL_26	DMN_LABEL_27	DMN_LABEL_28	Vis_LABEL_29	FP_LABEL_30	Aud_LABEL_31	Tpole_LABEL_32	PMN_LABEL_33	PON_LABEL_34	MTL_LABEL_35	CO_LABEL_36	Sal_LABEL_37	CO_LABEL_38	SMd_LABEL_39	SMl_LABEL_40	DAN_LABEL_41	CO_LABEL_42	VAN_LABEL_43	CO_LABEL_44	CO_LABEL_45	Sal_LABEL_46	DAN_LABEL_47	PMN_LABEL_48	DAN_LABEL_49	DMN_LABEL_50	FP_LABEL_51	DMN_LABEL_52	DMN_LABEL_53	PON_LABEL_54	DMN_LABEL_55	Tpole_LABEL_56	Tpole_LABEL_57	Sal_LABEL_58	Sal_LABEL_59	SMd_LABEL_60	DAN_LABEL_61	FP_LABEL_62	DMN_LABEL_63	FP_LABEL_64	FP_LABEL_65	SMd_LABEL_66	SMl_LABEL_67	SMd_LABEL_68	DMN_LABEL_69	DAN_LABEL_70	DMN_LABEL_71	FP_LABEL_72	SMd_LABEL_73	SMl_LABEL_74	MTL_LABEL_75	MTL_LABEL_76	CO_LABEL_77	CO_LABEL_78	Vis_LABEL_79	Vis_LABEL_80
0.6083719730377197	0.8480323553085327	n/a	0.6391854882240295	0.49033045768737793	0.5721896290779114	0.8253446221351624	n/a	0.7032687664031982	0.7300966382026672	0.676460862159729	n/a	n/a	0.6896046996116638	n/a	0.7379025220870972	0.6438982486724854	0.70747971534729	0.7361806631088257	0.6429272890090942	0.6364081501960754	0.6688457131385803	n/a	0.6887899041175842	0.8169457912445068	0.6046722531318665	n/a	n/a	0.8109848499298096	n/a	0.6235440373420715	0.47919219732284546	0.5664151906967163	0.8013303875923157	n/a	0.7320728302001953	0.6938037276268005	n/a	n/a	0.7410935759544373	n/a	0.5640619397163391	0.7775371074676514	0.6438135504722595	0.6257674098014832	0.7108373641967773	n/a	0.6869081258773804	0.83034348487854	n/a	0.7898951172828674	0.6622108221054077	0.6791753768920898	0.6976718306541443	n/a	0.1145516112446785	0.1330614686012268	0.23274950683116913	0.21075023710727692	0.18758368492126465	0.19508500397205353	0.2754925787448883	0.3573213517665863	0.21856378018856049	0.25204312801361084	0.12868525087833405	0.1708497852087021	0.15010008215904236	0.23847056925296783	0.21909202635288239	0.3655535876750946	0.2866067886352539	0.1923224925994873	0.15600773692131042	0.17950665950775146	0.19133323431015015	0.19215507805347443	0.1654464155435562	0.14175990223884583	0.13752490282058716
