DMN_LABEL_1	Vis_LABEL_2	FP_LABEL_3	Aud_LABEL_4	Tpole_LABEL_5	PMN_LABEL_6	PON_LABEL_7	MTL_LABEL_8	PON_LABEL_9	CO_LABEL_10	Sal_LABEL_11	CO_LABEL_12	SMd_LABEL_13	SMl_LABEL_14	DAN_LABEL_15	DMN_LABEL_16	CO_LABEL_17	DMN_LABEL_18	VAN_LABEL_19	CO_LABEL_20	CO_LABEL_21	Sal_LABEL_22	DAN_LABEL_23	PMN_LABEL_24	DAN_LABEL_25	DMN_LABEL_26	DMN_LABEL_27	DMN_LABEL_28	Vis_LABEL_29	FP_LABEL_30	Aud_LABEL_31	Tpole_LABEL_32	PMN_LABEL_33	PON_LABEL_34	MTL_LABEL_35	CO_LABEL_36	Sal_LABEL_37	CO_LABEL_38	SMd_LABEL_39	SMl_LABEL_40	DAN_LABEL_41	CO_LABEL_42	VAN_LABEL_43	CO_LABEL_44	CO_LABEL_45	Sal_LABEL_46	DAN_LABEL_47	PMN_LABEL_48	DAN_LABEL_49	DMN_LABEL_50	FP_LABEL_51	DMN_LABEL_52	DMN_LABEL_53	PON_LABEL_54	DMN_LABEL_55	Tpole_LABEL_56	Tpole_LABEL_57	Sal_LABEL_58	Sal_LABEL_59	SMd_LABEL_60	DAN_LABEL_61	FP_LABEL_62	DMN_LABEL_63	FP_LABEL_64	FP_LABEL_65	SMd_LABEL_66	SMl_LABEL_67	SMd_LABEL_68	DMN_LABEL_69	DAN_LABEL_70	DMN_LABEL_71	FP_LABEL_72	SMd_LABEL_73	SMl_LABEL_74	MTL_LABEL_75	MTL_LABEL_76	CO_LABEL_77	CO_LABEL_78	Vis_LABEL_79	Vis_LABEL_80
0.44289305806159973	0.4568611681461334	n/a	0.28364497423171997	0.20804238319396973	0.2110523134469986	0.24671486020088196	n/a	0.18373049795627594	0.12315773218870163	0.29300016164779663	n/a	n/a	0.2945592403411865	1.420656681060791	0.3546471893787384	1.025915503501892	0.2766339182853699	0.2974996566772461	0.1691896915435791	0.2582552433013916	0.22004814445972443	n/a	0.21985383331775665	0.3506197929382324	0.3380623161792755	0.5028068423271179	n/a	0.4044044613838196	n/a	0.2572609484195709	0.24646009504795074	0.2305077463388443	0.21314623951911926	n/a	0.138411745429039	0.2884233891963959	n/a	n/a	0.24575574696063995	n/a	0.07922621071338654	0.3436562418937683	0.21240068972110748	0.25755301117897034	0.24382364749908447	n/a	0.2087307870388031	0.4278259575366974	0.642619788646698	0.43068504333496094	0.29383397102355957	0.22784757614135742	0.20759455859661102	0.43699145317077637	0.3317079544067383	0.32239004969596863	0.26814356446266174	0.2646072208881378	0.3014890253543854	0.30952075123786926	0.298250675201416	0.3479594588279724	0.2676418423652649	0.3149162530899048	0.25736650824546814	0.2559254467487335	0.3056054413318634	0.35838472843170166	0.3009073734283447	0.41630542278289795	0.27526602149009705	0.2982628643512726	0.2559744715690613	0.2984962463378906	0.3161454200744629	0.27007734775543213	0.26038065552711487	0.24478940665721893	0.27380141615867615
