HIP-head-m-rh	HIP-head-l-rh	HIP-body-rh	HIP-tail-rh	THA-VPm-rh	THA-VPl-rh	THA-VAi-rh	THA-VAs-rh	THA-DAm-rh	THA-DAl-rh	PUT-VA-rh	PUT-DA-rh	PUT-VP-rh	PUT-DP-rh	CAU-VA-rh	CAU-DA-rh	CAU-body-rh	CAU-tail-rh	lAMY-rh	mAMY-rh	THA-DP-rh	NAc-shell-rh	NAc-core-rh	pGP-rh	aGP-rh	HIP-head-m-lh	HIP-head-l-l	HIP-body-l	HIP-tail-lh	THA-VPm-lh	THA-VPl-lh	THA-VAi-lh	THA-VAs-lh	THA-DAm-lh	THA-DAl-lh	PUT-VA-lh	PUT-DA-l	PUT-VP-lh	PUT-DP-lh	CAU-VA-lh	CAU-DA-lh	CAU-body-lh	CAU-tail-lh	lAMY-lh	mAMY-lh	THA-DP-lh	NAc-shell-lh	NAc-core-lh	pGP-lh	aGP-lh
0.3691759407520294	0.34786900877952576	0.2679066061973572	0.2504105567932129	0.295893132686615	0.2793339192867279	0.32600507140159607	0.28040820360183716	0.298366904258728	0.27043816447257996	0.3067557215690613	0.30633121728897095	0.3526446521282196	0.2843391001224518	0.3347030282020569	0.2828606069087982	0.299784779548645	0.27695873379707336	0.408780038356781	0.46743300557136536	0.2830130159854889	0.3697483539581299	0.2758893072605133	0.2813003957271576	0.30318430066108704	0.3857412338256836	0.32118281722068787	0.2852312922477722	0.26187026500701904	0.3125150501728058	0.31120359897613525	0.3234661817550659	0.2921193540096283	0.31753164529800415	0.27369463443756104	0.31241339445114136	0.3262731432914734	0.4330393671989441	0.3467901945114136	0.3318493664264679	0.3005998730659485	0.29817765951156616	0.26423805952072144	0.4016958177089691	0.4216085970401764	0.2865334451198578	0.39613911509513855	0.28259727358818054	0.29043036699295044	0.3008122146129608
