HIP-head-m-rh	HIP-head-l-rh	HIP-body-rh	HIP-tail-rh	THA-VPm-rh	THA-VPl-rh	THA-VAi-rh	THA-VAs-rh	THA-DAm-rh	THA-DAl-rh	PUT-VA-rh	PUT-DA-rh	PUT-VP-rh	PUT-DP-rh	CAU-VA-rh	CAU-DA-rh	CAU-body-rh	CAU-tail-rh	lAMY-rh	mAMY-rh	THA-DP-rh	NAc-shell-rh	NAc-core-rh	pGP-rh	aGP-rh	HIP-head-m-lh	HIP-head-l-l	HIP-body-l	HIP-tail-lh	THA-VPm-lh	THA-VPl-lh	THA-VAi-lh	THA-VAs-lh	THA-DAm-lh	THA-DAl-lh	PUT-VA-lh	PUT-DA-l	PUT-VP-lh	PUT-DP-lh	CAU-VA-lh	CAU-DA-lh	CAU-body-lh	CAU-tail-lh	lAMY-lh	mAMY-lh	THA-DP-lh	NAc-shell-lh	NAc-core-lh	pGP-lh	aGP-lh
0.32000696659088135	0.2720301151275635	0.2502749562263489	0.2781647741794586	0.28117167949676514	0.22568851709365845	0.30002447962760925	0.29848742485046387	0.2685830295085907	0.2483653575181961	0.27167633175849915	0.24892489612102509	0.25931426882743835	0.251266211271286	0.29020872712135315	0.2356075644493103	0.26321426033973694	0.24593955278396606	0.3360542953014374	0.440353661775589	0.2716362476348877	0.2908173203468323	0.25887128710746765	0.2494783252477646	0.24851062893867493	0.31010881066322327	0.2422603815793991	0.26198551058769226	0.29571616649627686	0.29571256041526794	0.24692875146865845	0.3530166745185852	0.2848626375198364	0.2735503017902374	0.23893176019191742	0.2691110074520111	0.2534356713294983	0.2431807518005371	0.23892907798290253	0.26652854681015015	0.23000583052635193	0.2714442014694214	0.24724385142326355	0.3424690365791321	0.4358670711517334	0.2519140839576721	0.28940504789352417	0.25526437163352966	0.2390413135290146	0.24924948811531067
