HIP-head-m-rh	HIP-head-l-rh	HIP-body-rh	HIP-tail-rh	THA-VPm-rh	THA-VPl-rh	THA-VAi-rh	THA-VAs-rh	THA-DAm-rh	THA-DAl-rh	PUT-VA-rh	PUT-DA-rh	PUT-VP-rh	PUT-DP-rh	CAU-VA-rh	CAU-DA-rh	CAU-body-rh	CAU-tail-rh	lAMY-rh	mAMY-rh	THA-DP-rh	NAc-shell-rh	NAc-core-rh	pGP-rh	aGP-rh	HIP-head-m-lh	HIP-head-l-l	HIP-body-l	HIP-tail-lh	THA-VPm-lh	THA-VPl-lh	THA-VAi-lh	THA-VAs-lh	THA-DAm-lh	THA-DAl-lh	PUT-VA-lh	PUT-DA-l	PUT-VP-lh	PUT-DP-lh	CAU-VA-lh	CAU-DA-lh	CAU-body-lh	CAU-tail-lh	lAMY-lh	mAMY-lh	THA-DP-lh	NAc-shell-lh	NAc-core-lh	pGP-lh	aGP-lh
0.1329563856124878	0.14178405702114105	0.14431215822696686	0.1551278531551361	0.11426782608032227	0.14146557450294495	0.12664924561977386	0.14463208615779877	0.15452095866203308	0.15477459132671356	0.11986206471920013	0.16885395348072052	0.1431514322757721	0.13313473761081696	0.1702083796262741	0.17813646793365479	0.19452638924121857	0.17551866173744202	0.12496406584978104	0.11022967845201492	0.11900374293327332	0.11415564268827438	0.13287577033042908	0.12735934555530548	0.1110040694475174	0.11642695963382721	0.12807464599609375	0.1679816097021103	0.14066706597805023	0.11241590231657028	0.12720760703086853	0.12519241869449615	0.13945791125297546	0.14298658072948456	0.1331535279750824	0.12498299777507782	0.13628144562244415	0.14067082107067108	0.13628530502319336	0.1408836990594864	0.16644002497196198	0.20703886449337006	0.1488216370344162	0.09630639106035233	0.11323285847902298	0.11025481671094894	0.11779755353927612	0.1439787894487381	0.11219251900911331	0.11273682117462158
