HIP-head-m-rh	HIP-head-l-rh	HIP-body-rh	HIP-tail-rh	THA-VPm-rh	THA-VPl-rh	THA-VAi-rh	THA-VAs-rh	THA-DAm-rh	THA-DAl-rh	PUT-VA-rh	PUT-DA-rh	PUT-VP-rh	PUT-DP-rh	CAU-VA-rh	CAU-DA-rh	CAU-body-rh	CAU-tail-rh	lAMY-rh	mAMY-rh	THA-DP-rh	NAc-shell-rh	NAc-core-rh	pGP-rh	aGP-rh	HIP-head-m-lh	HIP-head-l-l	HIP-body-l	HIP-tail-lh	THA-VPm-lh	THA-VPl-lh	THA-VAi-lh	THA-VAs-lh	THA-DAm-lh	THA-DAl-lh	PUT-VA-lh	PUT-DA-l	PUT-VP-lh	PUT-DP-lh	CAU-VA-lh	CAU-DA-lh	CAU-body-lh	CAU-tail-lh	lAMY-lh	mAMY-lh	THA-DP-lh	NAc-shell-lh	NAc-core-lh	pGP-lh	aGP-lh
0.35884374380111694	0.31167325377464294	0.31325674057006836	0.2862623631954193	0.28693681955337524	0.2797940969467163	0.3038925528526306	0.297223836183548	0.3151860535144806	0.2756958603858948	0.3033725321292877	0.29700687527656555	0.30875644087791443	0.28973546624183655	0.2954905331134796	0.2793762981891632	0.28885674476623535	0.30258339643478394	0.36618369817733765	0.44651684165000916	0.27722617983818054	0.3299061059951782	0.27600258588790894	0.2727501690387726	0.29907071590423584	0.41187381744384766	0.32720568776130676	0.31786394119262695	0.2982976734638214	0.27818864583969116	0.27550774812698364	0.31985923647880554	0.3049636483192444	0.3179996609687805	0.2928653657436371	0.31893080472946167	0.3054041862487793	0.30070292949676514	0.3066506087779999	0.3110331594944	0.31294843554496765	0.308164119720459	0.28174588084220886	0.4446583688259125	0.48490819334983826	0.2922362685203552	0.33173123002052307	0.27283579111099243	0.2901338040828705	0.2839636504650116
