HIP-head-m-rh	HIP-head-l-rh	HIP-body-rh	HIP-tail-rh	THA-VPm-rh	THA-VPl-rh	THA-VAi-rh	THA-VAs-rh	THA-DAm-rh	THA-DAl-rh	PUT-VA-rh	PUT-DA-rh	PUT-VP-rh	PUT-DP-rh	CAU-VA-rh	CAU-DA-rh	CAU-body-rh	CAU-tail-rh	lAMY-rh	mAMY-rh	THA-DP-rh	NAc-shell-rh	NAc-core-rh	pGP-rh	aGP-rh	HIP-head-m-lh	HIP-head-l-l	HIP-body-l	HIP-tail-lh	THA-VPm-lh	THA-VPl-lh	THA-VAi-lh	THA-VAs-lh	THA-DAm-lh	THA-DAl-lh	PUT-VA-lh	PUT-DA-l	PUT-VP-lh	PUT-DP-lh	CAU-VA-lh	CAU-DA-lh	CAU-body-lh	CAU-tail-lh	lAMY-lh	mAMY-lh	THA-DP-lh	NAc-shell-lh	NAc-core-lh	pGP-lh	aGP-lh
0.12714281678199768	0.12281513959169388	0.1308896392583847	0.14917820692062378	0.11360518634319305	0.12562260031700134	0.13988815248012543	0.15699364244937897	0.1514432728290558	0.17263540625572205	0.11331961303949356	0.1450975090265274	0.12842179834842682	0.13250979781150818	0.17179642617702484	0.13818785548210144	0.17060813307762146	0.15295767784118652	0.12749294936656952	0.10941112041473389	0.11829577386379242	0.1123635470867157	0.11749392747879028	0.1156093031167984	0.10035411268472672	0.10896575450897217	0.13030818104743958	0.13814668357372284	0.15508687496185303	0.12101477384567261	0.12867014110088348	0.12857162952423096	0.15193378925323486	0.14263319969177246	0.1477598249912262	0.12159369140863419	0.12916870415210724	0.11720771342515945	0.14148297905921936	0.1655091792345047	0.1456504464149475	0.16824211180210114	0.15455026924610138	0.1049860417842865	0.1196465790271759	0.11461547762155533	0.11385433375835419	0.11454694718122482	0.11455295979976654	0.11583955585956573
