HIP-head-m-rh	HIP-head-l-rh	HIP-body-rh	HIP-tail-rh	THA-VPm-rh	THA-VPl-rh	THA-VAi-rh	THA-VAs-rh	THA-DAm-rh	THA-DAl-rh	PUT-VA-rh	PUT-DA-rh	PUT-VP-rh	PUT-DP-rh	CAU-VA-rh	CAU-DA-rh	CAU-body-rh	CAU-tail-rh	lAMY-rh	mAMY-rh	THA-DP-rh	NAc-shell-rh	NAc-core-rh	pGP-rh	aGP-rh	HIP-head-m-lh	HIP-head-l-l	HIP-body-l	HIP-tail-lh	THA-VPm-lh	THA-VPl-lh	THA-VAi-lh	THA-VAs-lh	THA-DAm-lh	THA-DAl-lh	PUT-VA-lh	PUT-DA-l	PUT-VP-lh	PUT-DP-lh	CAU-VA-lh	CAU-DA-lh	CAU-body-lh	CAU-tail-lh	lAMY-lh	mAMY-lh	THA-DP-lh	NAc-shell-lh	NAc-core-lh	pGP-lh	aGP-lh
0.11799171566963196	0.13651534914970398	0.16938155889511108	0.15140175819396973	0.13373269140720367	0.1203078180551529	0.1067580133676529	0.1083855926990509	0.12782971560955048	0.1180204376578331	0.1127312183380127	0.1364688277244568	0.12989512085914612	0.1272372454404831	0.16538967192173004	0.14472553133964539	0.15146520733833313	0.11607478559017181	0.09374040365219116	0.11061588674783707	0.12320512533187866	0.11442398279905319	0.14834485948085785	0.1083969846367836	0.12440041452646255	0.13922525942325592	0.13378922641277313	0.14489400386810303	0.12737390398979187	0.10295569896697998	0.12879282236099243	0.1094045415520668	0.12761437892913818	0.11821335554122925	0.11312662065029144	0.11388436704874039	0.13075199723243713	0.11917373538017273	0.128193661570549	0.12706561386585236	0.1414392590522766	0.12019801139831543	0.11955717206001282	0.1360093057155609	0.16697044670581818	0.0984550267457962	0.13551636040210724	0.17840765416622162	0.08272479474544525	0.10755450278520584
