HIP-head-m-rh	HIP-head-l-rh	HIP-body-rh	HIP-tail-rh	THA-VPm-rh	THA-VPl-rh	THA-VAi-rh	THA-VAs-rh	THA-DAm-rh	THA-DAl-rh	PUT-VA-rh	PUT-DA-rh	PUT-VP-rh	PUT-DP-rh	CAU-VA-rh	CAU-DA-rh	CAU-body-rh	CAU-tail-rh	lAMY-rh	mAMY-rh	THA-DP-rh	NAc-shell-rh	NAc-core-rh	pGP-rh	aGP-rh	HIP-head-m-lh	HIP-head-l-l	HIP-body-l	HIP-tail-lh	THA-VPm-lh	THA-VPl-lh	THA-VAi-lh	THA-VAs-lh	THA-DAm-lh	THA-DAl-lh	PUT-VA-lh	PUT-DA-l	PUT-VP-lh	PUT-DP-lh	CAU-VA-lh	CAU-DA-lh	CAU-body-lh	CAU-tail-lh	lAMY-lh	mAMY-lh	THA-DP-lh	NAc-shell-lh	NAc-core-lh	pGP-lh	aGP-lh
0.42588311433792114	0.38968563079833984	0.3729139566421509	0.2714099586009979	0.37909141182899475	0.29912471771240234	0.3280312120914459	0.30406999588012695	0.3016558587551117	0.26405322551727295	0.2790505886077881	0.28834590315818787	0.286410927772522	0.2780415415763855	0.30572691559791565	0.29225820302963257	0.30527427792549133	0.30053165555000305	0.5615315437316895	0.5807462334632874	0.2888202965259552	0.35423335433006287	0.3067779242992401	0.288510799407959	0.3147870898246765	0.4146672785282135	0.30968600511550903	0.3393714129924774	0.2894606292247772	0.3004521429538727	0.2783704698085785	0.3403667211532593	0.32797378301620483	0.2932462692260742	0.26553308963775635	0.2732957899570465	0.29473328590393066	0.3152424991130829	0.29303088784217834	0.3026735186576843	0.2816633880138397	0.30418017506599426	0.2903299629688263	0.4335165023803711	0.46604207158088684	0.273994505405426	0.30735236406326294	0.31809237599372864	0.3260972201824188	0.3048076033592224
