HIP-head-m-rh	HIP-head-l-rh	HIP-body-rh	HIP-tail-rh	THA-VPm-rh	THA-VPl-rh	THA-VAi-rh	THA-VAs-rh	THA-DAm-rh	THA-DAl-rh	PUT-VA-rh	PUT-DA-rh	PUT-VP-rh	PUT-DP-rh	CAU-VA-rh	CAU-DA-rh	CAU-body-rh	CAU-tail-rh	lAMY-rh	mAMY-rh	THA-DP-rh	NAc-shell-rh	NAc-core-rh	pGP-rh	aGP-rh	HIP-head-m-lh	HIP-head-l-l	HIP-body-l	HIP-tail-lh	THA-VPm-lh	THA-VPl-lh	THA-VAi-lh	THA-VAs-lh	THA-DAm-lh	THA-DAl-lh	PUT-VA-lh	PUT-DA-l	PUT-VP-lh	PUT-DP-lh	CAU-VA-lh	CAU-DA-lh	CAU-body-lh	CAU-tail-lh	lAMY-lh	mAMY-lh	THA-DP-lh	NAc-shell-lh	NAc-core-lh	pGP-lh	aGP-lh
0.11100665479898453	0.12562714517116547	0.1329345852136612	0.1418093889951706	0.11270534992218018	0.10875628143548965	0.11462807655334473	0.14512144029140472	0.13467936217784882	0.12909893691539764	0.1437351405620575	0.14805163443088531	0.1645916998386383	0.168806791305542	0.18774789571762085	0.18066620826721191	0.23618149757385254	0.19082024693489075	0.11266002804040909	0.10976851731538773	0.12002331018447876	0.11704891175031662	0.16820098459720612	0.11775214970111847	0.12169241905212402	0.11423211544752121	0.11144043505191803	0.12571321427822113	0.12131179124116898	0.10902173072099686	0.11056267470121384	0.10542840510606766	0.14846301078796387	0.1338152438402176	0.11519475281238556	0.1345100849866867	0.1393364518880844	0.1303199678659439	0.1758604198694229	0.1864023655653	0.17487546801567078	0.19629494845867157	0.227035790681839	0.11840855330228806	0.12387609481811523	0.10794280469417572	0.120048388838768	0.1464032232761383	0.10880710929632187	0.12385194003582001
