HIP-head-m-rh	HIP-head-l-rh	HIP-body-rh	HIP-tail-rh	THA-VPm-rh	THA-VPl-rh	THA-VAi-rh	THA-VAs-rh	THA-DAm-rh	THA-DAl-rh	PUT-VA-rh	PUT-DA-rh	PUT-VP-rh	PUT-DP-rh	CAU-VA-rh	CAU-DA-rh	CAU-body-rh	CAU-tail-rh	lAMY-rh	mAMY-rh	THA-DP-rh	NAc-shell-rh	NAc-core-rh	pGP-rh	aGP-rh	HIP-head-m-lh	HIP-head-l-l	HIP-body-l	HIP-tail-lh	THA-VPm-lh	THA-VPl-lh	THA-VAi-lh	THA-VAs-lh	THA-DAm-lh	THA-DAl-lh	PUT-VA-lh	PUT-DA-l	PUT-VP-lh	PUT-DP-lh	CAU-VA-lh	CAU-DA-lh	CAU-body-lh	CAU-tail-lh	lAMY-lh	mAMY-lh	THA-DP-lh	NAc-shell-lh	NAc-core-lh	pGP-lh	aGP-lh
0.10926475375890732	0.11941071599721909	0.144109308719635	0.15449461340904236	0.14512863755226135	0.1254442036151886	0.13317081332206726	0.18245358765125275	0.16631752252578735	0.15345659852027893	0.16317614912986755	0.16365946829319	0.19906829297542572	0.15732018649578094	0.1228427067399025	0.11898746341466904	0.15818940103054047	0.2066127508878708	0.12055772542953491	0.11817663908004761	0.1301574856042862	0.12466917932033539	0.15310853719711304	0.10313650220632553	0.12111269682645798	0.12955904006958008	0.13092000782489777	0.15221866965293884	0.1511988341808319	0.16946148872375488	0.10941347479820251	0.1306883841753006	0.14393991231918335	0.1917111575603485	0.13505227863788605	0.18968743085861206	0.16249553859233856	0.1598808467388153	0.15142123401165009	0.14534904062747955	0.1292605698108673	0.13603487610816956	0.13869428634643555	0.12680456042289734	0.14808565378189087	0.13323697447776794	0.12140344083309174	0.12688520550727844	0.09372035413980484	0.10783734172582626
