HIP-head-m-rh	HIP-head-l-rh	HIP-body-rh	HIP-tail-rh	THA-VPm-rh	THA-VPl-rh	THA-VAi-rh	THA-VAs-rh	THA-DAm-rh	THA-DAl-rh	PUT-VA-rh	PUT-DA-rh	PUT-VP-rh	PUT-DP-rh	CAU-VA-rh	CAU-DA-rh	CAU-body-rh	CAU-tail-rh	lAMY-rh	mAMY-rh	THA-DP-rh	NAc-shell-rh	NAc-core-rh	pGP-rh	aGP-rh	HIP-head-m-lh	HIP-head-l-l	HIP-body-l	HIP-tail-lh	THA-VPm-lh	THA-VPl-lh	THA-VAi-lh	THA-VAs-lh	THA-DAm-lh	THA-DAl-lh	PUT-VA-lh	PUT-DA-l	PUT-VP-lh	PUT-DP-lh	CAU-VA-lh	CAU-DA-lh	CAU-body-lh	CAU-tail-lh	lAMY-lh	mAMY-lh	THA-DP-lh	NAc-shell-lh	NAc-core-lh	pGP-lh	aGP-lh
0.11748350411653519	0.14628350734710693	0.21477669477462769	0.15694847702980042	0.12564873695373535	0.12082628905773163	0.1324022114276886	0.11487887799739838	0.17019228637218475	0.1401425153017044	0.16007179021835327	0.1467425525188446	0.12961499392986298	0.1366034597158432	0.17550866305828094	0.15369302034378052	0.17726270854473114	0.1501082330942154	0.11080659925937653	0.08843091875314713	0.12385720759630203	0.1296444833278656	0.13212192058563232	0.10638828575611115	0.12381390482187271	0.15587033331394196	0.17289187014102936	0.2045847326517105	0.18150117993354797	0.1409488320350647	0.14034779369831085	0.14009276032447815	0.14796899259090424	0.1880427747964859	0.13962161540985107	0.17953185737133026	0.16350583732128143	0.1629166603088379	0.15855883061885834	0.2022298276424408	0.1630551666021347	0.18467062711715698	0.19085778295993805	0.09240010380744934	0.1161719337105751	0.15747611224651337	0.12394232302904129	0.151573047041893	0.11212210357189178	0.12082721292972565
