HIP-head-m-rh	HIP-head-l-rh	HIP-body-rh	HIP-tail-rh	THA-VPm-rh	THA-VPl-rh	THA-VAi-rh	THA-VAs-rh	THA-DAm-rh	THA-DAl-rh	PUT-VA-rh	PUT-DA-rh	PUT-VP-rh	PUT-DP-rh	CAU-VA-rh	CAU-DA-rh	CAU-body-rh	CAU-tail-rh	lAMY-rh	mAMY-rh	THA-DP-rh	NAc-shell-rh	NAc-core-rh	pGP-rh	aGP-rh	HIP-head-m-lh	HIP-head-l-l	HIP-body-l	HIP-tail-lh	THA-VPm-lh	THA-VPl-lh	THA-VAi-lh	THA-VAs-lh	THA-DAm-lh	THA-DAl-lh	PUT-VA-lh	PUT-DA-l	PUT-VP-lh	PUT-DP-lh	CAU-VA-lh	CAU-DA-lh	CAU-body-lh	CAU-tail-lh	lAMY-lh	mAMY-lh	THA-DP-lh	NAc-shell-lh	NAc-core-lh	pGP-lh	aGP-lh
0.6311180591583252	0.5314115285873413	0.6232932806015015	0.43443331122398376	0.33372148871421814	0.3092074692249298	0.41060423851013184	0.420367032289505	0.39047521352767944	0.33960604667663574	0.42518293857574463	0.3990561068058014	0.3830888569355011	0.3997471332550049	0.37254729866981506	0.3930920362472534	0.39971038699150085	0.3995828628540039	0.4344214200973511	0.49768564105033875	0.3438768684864044	0.4166988432407379	0.39794138073921204	0.3834042251110077	0.3662051558494568	0.581145167350769	0.44051074981689453	0.5956906676292419	0.4425835907459259	0.3283514678478241	0.343202143907547	0.3891744017601013	0.40722784399986267	0.37820157408714294	0.3235971927642822	0.39608854055404663	0.39124178886413574	0.3505591154098511	0.3765213191509247	0.37640634179115295	0.3751513361930847	0.41009750962257385	0.3405633270740509	0.39059019088745117	0.40304410457611084	0.32713738083839417	0.3977663815021515	0.34667903184890747	0.38711073994636536	0.4771903157234192
