HIP-head-m-rh	HIP-head-l-rh	HIP-body-rh	HIP-tail-rh	THA-VPm-rh	THA-VPl-rh	THA-VAi-rh	THA-VAs-rh	THA-DAm-rh	THA-DAl-rh	PUT-VA-rh	PUT-DA-rh	PUT-VP-rh	PUT-DP-rh	CAU-VA-rh	CAU-DA-rh	CAU-body-rh	CAU-tail-rh	lAMY-rh	mAMY-rh	THA-DP-rh	NAc-shell-rh	NAc-core-rh	pGP-rh	aGP-rh	HIP-head-m-lh	HIP-head-l-l	HIP-body-l	HIP-tail-lh	THA-VPm-lh	THA-VPl-lh	THA-VAi-lh	THA-VAs-lh	THA-DAm-lh	THA-DAl-lh	PUT-VA-lh	PUT-DA-l	PUT-VP-lh	PUT-DP-lh	CAU-VA-lh	CAU-DA-lh	CAU-body-lh	CAU-tail-lh	lAMY-lh	mAMY-lh	THA-DP-lh	NAc-shell-lh	NAc-core-lh	pGP-lh	aGP-lh
0.12114212661981583	0.129522442817688	0.12107362598180771	0.1483243703842163	0.12051526457071304	0.1215786561369896	0.10238424688577652	0.1255369484424591	0.15986895561218262	0.10900859534740448	0.1234346553683281	0.11937369406223297	0.12949109077453613	0.1393200159072876	0.17905928194522858	0.14558199048042297	0.168206587433815	0.1270197480916977	0.10387621819972992	0.1069648489356041	0.12133777886629105	0.12505075335502625	0.13711251318454742	0.10407495498657227	0.0797794908285141	0.1141994372010231	0.1290755569934845	0.12237884104251862	0.1262052208185196	0.10921504348516464	0.09988421201705933	0.09533588588237762	0.14162877202033997	0.1469540297985077	0.14279572665691376	0.13714087009429932	0.14341126382350922	0.13190540671348572	0.14580599963665009	0.14084972441196442	0.157584086060524	0.15282194316387177	0.14066925644874573	0.10531537979841232	0.10797806084156036	0.12160894274711609	0.11263012886047363	0.14168988168239594	0.07765553146600723	0.0870928093791008
