HIP-head-m-rh	HIP-head-l-rh	HIP-body-rh	HIP-tail-rh	THA-VPm-rh	THA-VPl-rh	THA-VAi-rh	THA-VAs-rh	THA-DAm-rh	THA-DAl-rh	PUT-VA-rh	PUT-DA-rh	PUT-VP-rh	PUT-DP-rh	CAU-VA-rh	CAU-DA-rh	CAU-body-rh	CAU-tail-rh	lAMY-rh	mAMY-rh	THA-DP-rh	NAc-shell-rh	NAc-core-rh	pGP-rh	aGP-rh	HIP-head-m-lh	HIP-head-l-l	HIP-body-l	HIP-tail-lh	THA-VPm-lh	THA-VPl-lh	THA-VAi-lh	THA-VAs-lh	THA-DAm-lh	THA-DAl-lh	PUT-VA-lh	PUT-DA-l	PUT-VP-lh	PUT-DP-lh	CAU-VA-lh	CAU-DA-lh	CAU-body-lh	CAU-tail-lh	lAMY-lh	mAMY-lh	THA-DP-lh	NAc-shell-lh	NAc-core-lh	pGP-lh	aGP-lh
0.12413656711578369	0.13558076322078705	0.14538860321044922	0.18545880913734436	0.15075664222240448	0.12137090414762497	0.12328577786684036	0.13049499690532684	0.15267661213874817	0.12913331389427185	0.19305001199245453	0.15351557731628418	0.13717365264892578	0.14407239854335785	0.153277188539505	0.13271157443523407	0.16827715933322906	0.14286349713802338	0.10772266238927841	0.11891457438468933	0.1320296823978424	0.1272069215774536	0.15859168767929077	0.10511329770088196	0.10681923478841782	0.11167829483747482	0.12494201958179474	0.128667950630188	0.14486107230186462	0.11716150492429733	0.10097432881593704	0.1057044044137001	0.12722373008728027	0.1388361155986786	0.12203571945428848	0.14186717569828033	0.14397327601909637	0.13515029847621918	0.14849427342414856	0.1572188287973404	0.14190110564231873	0.15731604397296906	0.1801372766494751	0.10598408430814743	0.1138312891125679	0.12063276022672653	0.1186409667134285	0.13868632912635803	0.12399996817111969	0.09770537912845612
