HIP-head-m-rh	HIP-head-l-rh	HIP-body-rh	HIP-tail-rh	THA-VPm-rh	THA-VPl-rh	THA-VAi-rh	THA-VAs-rh	THA-DAm-rh	THA-DAl-rh	PUT-VA-rh	PUT-DA-rh	PUT-VP-rh	PUT-DP-rh	CAU-VA-rh	CAU-DA-rh	CAU-body-rh	CAU-tail-rh	lAMY-rh	mAMY-rh	THA-DP-rh	NAc-shell-rh	NAc-core-rh	pGP-rh	aGP-rh	HIP-head-m-lh	HIP-head-l-l	HIP-body-l	HIP-tail-lh	THA-VPm-lh	THA-VPl-lh	THA-VAi-lh	THA-VAs-lh	THA-DAm-lh	THA-DAl-lh	PUT-VA-lh	PUT-DA-l	PUT-VP-lh	PUT-DP-lh	CAU-VA-lh	CAU-DA-lh	CAU-body-lh	CAU-tail-lh	lAMY-lh	mAMY-lh	THA-DP-lh	NAc-shell-lh	NAc-core-lh	pGP-lh	aGP-lh
0.11306698620319366	0.1215784102678299	0.1183655709028244	0.15536902844905853	0.14573492109775543	0.12661246955394745	0.129049614071846	0.14661875367164612	0.16899187862873077	0.1587425023317337	0.17203697562217712	0.1559845209121704	0.1467333287000656	0.13936758041381836	0.16938616335391998	0.1747075468301773	0.2015456259250641	0.17268024384975433	0.1101052537560463	0.14030040800571442	0.1377386748790741	0.13053148984909058	0.1580834686756134	0.10839129239320755	0.10756469517946243	0.10432775318622589	0.14139047265052795	0.12791098654270172	0.14964920282363892	0.10997697710990906	0.11864364892244339	0.10231152921915054	0.12645792961120605	0.15528208017349243	0.13356024026870728	0.17516480386257172	0.15153802931308746	0.1504683941602707	0.14116860926151276	0.1403440237045288	0.15798011422157288	0.18402577936649323	0.18969237804412842	0.11831491440534592	0.1460006833076477	0.12810276448726654	0.14763951301574707	0.1555853933095932	0.11897402256727219	0.10712677985429764
