HIP-head-m-rh	HIP-head-l-rh	HIP-body-rh	HIP-tail-rh	THA-VPm-rh	THA-VPl-rh	THA-VAi-rh	THA-VAs-rh	THA-DAm-rh	THA-DAl-rh	PUT-VA-rh	PUT-DA-rh	PUT-VP-rh	PUT-DP-rh	CAU-VA-rh	CAU-DA-rh	CAU-body-rh	CAU-tail-rh	lAMY-rh	mAMY-rh	THA-DP-rh	NAc-shell-rh	NAc-core-rh	pGP-rh	aGP-rh	HIP-head-m-lh	HIP-head-l-l	HIP-body-l	HIP-tail-lh	THA-VPm-lh	THA-VPl-lh	THA-VAi-lh	THA-VAs-lh	THA-DAm-lh	THA-DAl-lh	PUT-VA-lh	PUT-DA-l	PUT-VP-lh	PUT-DP-lh	CAU-VA-lh	CAU-DA-lh	CAU-body-lh	CAU-tail-lh	lAMY-lh	mAMY-lh	THA-DP-lh	NAc-shell-lh	NAc-core-lh	pGP-lh	aGP-lh
0.3853980600833893	0.35046979784965515	0.28825485706329346	0.27592265605926514	0.28603512048721313	0.3035132884979248	0.3028174638748169	0.2886880934238434	0.2966502010822296	0.2810317575931549	0.3304101228713989	0.3157215118408203	0.3318328857421875	0.31360793113708496	0.3450840711593628	0.34740230441093445	0.306791216135025	0.27566689252853394	0.432664155960083	0.41313934326171875	0.31653037667274475	0.3382016122341156	0.2852911949157715	0.2945660650730133	0.2932354807853699	0.3857872784137726	0.3475959897041321	0.30556178092956543	0.26370397210121155	0.2825963497161865	0.28241556882858276	0.3005759119987488	0.299846351146698	0.2951663136482239	0.28102317452430725	0.3078283965587616	0.2829025089740753	0.2933339774608612	0.3012891411781311	0.32996097207069397	0.34308773279190063	0.3024260997772217	0.270908921957016	0.4382779002189636	0.4382915198802948	0.2888593375682831	0.3573766052722931	0.2949140667915344	0.2615453004837036	0.29025718569755554
