HIP-head-m-rh	HIP-head-l-rh	HIP-body-rh	HIP-tail-rh	THA-VPm-rh	THA-VPl-rh	THA-VAi-rh	THA-VAs-rh	THA-DAm-rh	THA-DAl-rh	PUT-VA-rh	PUT-DA-rh	PUT-VP-rh	PUT-DP-rh	CAU-VA-rh	CAU-DA-rh	CAU-body-rh	CAU-tail-rh	lAMY-rh	mAMY-rh	THA-DP-rh	NAc-shell-rh	NAc-core-rh	pGP-rh	aGP-rh	HIP-head-m-lh	HIP-head-l-l	HIP-body-l	HIP-tail-lh	THA-VPm-lh	THA-VPl-lh	THA-VAi-lh	THA-VAs-lh	THA-DAm-lh	THA-DAl-lh	PUT-VA-lh	PUT-DA-l	PUT-VP-lh	PUT-DP-lh	CAU-VA-lh	CAU-DA-lh	CAU-body-lh	CAU-tail-lh	lAMY-lh	mAMY-lh	THA-DP-lh	NAc-shell-lh	NAc-core-lh	pGP-lh	aGP-lh
0.10947485268115997	0.12897531688213348	0.14927168190479279	0.15362077951431274	0.12042059749364853	0.11712180078029633	0.11140478402376175	0.11985373497009277	0.12592872977256775	0.13306544721126556	0.11289636790752411	0.122245192527771	0.14611811935901642	0.1183214858174324	0.12456386536359787	0.1469220668077469	0.14428046345710754	0.18520790338516235	0.1161683052778244	0.1171136423945427	0.11747997999191284	0.10854239761829376	0.1176103875041008	0.1043914332985878	0.09840517491102219	0.10431839525699615	0.11693628877401352	0.1517975926399231	0.15432074666023254	0.10749678313732147	0.11321192234754562	0.10421819239854813	0.1433454304933548	0.12325409054756165	0.11299028247594833	0.12555468082427979	0.11825291812419891	0.13492107391357422	0.12558189034461975	0.12125319987535477	0.13792702555656433	0.15637058019638062	0.12608079612255096	0.11765965074300766	0.10220485925674438	0.10873517394065857	0.13634461164474487	0.12993218004703522	0.11091344058513641	0.12115596979856491
