HIP-head-m-rh	HIP-head-l-rh	HIP-body-rh	HIP-tail-rh	THA-VPm-rh	THA-VPl-rh	THA-VAi-rh	THA-VAs-rh	THA-DAm-rh	THA-DAl-rh	PUT-VA-rh	PUT-DA-rh	PUT-VP-rh	PUT-DP-rh	CAU-VA-rh	CAU-DA-rh	CAU-body-rh	CAU-tail-rh	lAMY-rh	mAMY-rh	THA-DP-rh	NAc-shell-rh	NAc-core-rh	pGP-rh	aGP-rh	HIP-head-m-lh	HIP-head-l-l	HIP-body-l	HIP-tail-lh	THA-VPm-lh	THA-VPl-lh	THA-VAi-lh	THA-VAs-lh	THA-DAm-lh	THA-DAl-lh	PUT-VA-lh	PUT-DA-l	PUT-VP-lh	PUT-DP-lh	CAU-VA-lh	CAU-DA-lh	CAU-body-lh	CAU-tail-lh	lAMY-lh	mAMY-lh	THA-DP-lh	NAc-shell-lh	NAc-core-lh	pGP-lh	aGP-lh
0.09967661648988724	0.11394109576940536	0.13176743686199188	0.13944882154464722	0.10055911540985107	0.088882677257061	0.09447956085205078	0.09883096814155579	0.13494813442230225	0.09019497036933899	0.12960447371006012	0.13397900760173798	0.10301518440246582	0.10675431042909622	0.1112523004412651	0.10366304963827133	0.11585871130228043	0.1596682369709015	0.0878060981631279	0.09598958492279053	0.12002311646938324	0.07677413523197174	0.12645679712295532	0.09026582539081573	0.0776699036359787	0.10166040062904358	0.10701855272054672	0.11745810508728027	0.12696126103401184	0.09441257268190384	0.08392815291881561	0.08698071539402008	0.12235763669013977	0.10346413403749466	0.0952768325805664	0.12436534464359283	0.1228414922952652	0.09976062923669815	0.11111412942409515	0.12539194524288177	0.12323137372732162	0.11449380964040756	0.13503320515155792	0.09973970800638199	0.08827652782201767	0.09163111448287964	0.10666228085756302	0.1201949194073677	0.08590330183506012	0.10026460886001587
