HIP-head-m-rh	HIP-head-l-rh	HIP-body-rh	HIP-tail-rh	THA-VPm-rh	THA-VPl-rh	THA-VAi-rh	THA-VAs-rh	THA-DAm-rh	THA-DAl-rh	PUT-VA-rh	PUT-DA-rh	PUT-VP-rh	PUT-DP-rh	CAU-VA-rh	CAU-DA-rh	CAU-body-rh	CAU-tail-rh	lAMY-rh	mAMY-rh	THA-DP-rh	NAc-shell-rh	NAc-core-rh	pGP-rh	aGP-rh	HIP-head-m-lh	HIP-head-l-l	HIP-body-l	HIP-tail-lh	THA-VPm-lh	THA-VPl-lh	THA-VAi-lh	THA-VAs-lh	THA-DAm-lh	THA-DAl-lh	PUT-VA-lh	PUT-DA-l	PUT-VP-lh	PUT-DP-lh	CAU-VA-lh	CAU-DA-lh	CAU-body-lh	CAU-tail-lh	lAMY-lh	mAMY-lh	THA-DP-lh	NAc-shell-lh	NAc-core-lh	pGP-lh	aGP-lh
0.461774080991745	0.3918258845806122	0.3276403248310089	0.27798452973365784	0.3318098783493042	0.3101506233215332	0.3500317335128784	0.28792521357536316	0.29148054122924805	0.26748403906822205	0.33147475123405457	0.3335631191730499	0.340420126914978	0.29034242033958435	0.30052614212036133	0.27173203229904175	0.307661771774292	0.2701571583747864	0.47979432344436646	0.44861483573913574	0.36444443464279175	0.3581545352935791	0.2688329517841339	0.3296075165271759	0.3385181725025177	0.53252774477005	0.3165748715400696	0.33083125948905945	0.3058525025844574	0.31074070930480957	0.26677191257476807	0.42685726284980774	0.34422287344932556	0.2854527235031128	0.2828672528266907	0.29352083802223206	0.30129799246788025	0.30718377232551575	0.27835896611213684	0.2816329002380371	0.256523996591568	0.28975149989128113	0.2884860634803772	0.41065773367881775	0.45679205656051636	0.2948635518550873	0.32847610116004944	0.27738556265830994	0.28958556056022644	0.30851995944976807
