HIP-head-m-rh	HIP-head-l-rh	HIP-body-rh	HIP-tail-rh	THA-VPm-rh	THA-VPl-rh	THA-VAi-rh	THA-VAs-rh	THA-DAm-rh	THA-DAl-rh	PUT-VA-rh	PUT-DA-rh	PUT-VP-rh	PUT-DP-rh	CAU-VA-rh	CAU-DA-rh	CAU-body-rh	CAU-tail-rh	lAMY-rh	mAMY-rh	THA-DP-rh	NAc-shell-rh	NAc-core-rh	pGP-rh	aGP-rh	HIP-head-m-lh	HIP-head-l-l	HIP-body-l	HIP-tail-lh	THA-VPm-lh	THA-VPl-lh	THA-VAi-lh	THA-VAs-lh	THA-DAm-lh	THA-DAl-lh	PUT-VA-lh	PUT-DA-l	PUT-VP-lh	PUT-DP-lh	CAU-VA-lh	CAU-DA-lh	CAU-body-lh	CAU-tail-lh	lAMY-lh	mAMY-lh	THA-DP-lh	NAc-shell-lh	NAc-core-lh	pGP-lh	aGP-lh
0.11789682507514954	0.14675620198249817	0.16617193818092346	0.17118223011493683	0.13194549083709717	0.10493199527263641	0.11863533407449722	0.12629719078540802	0.16898837685585022	0.10301195830106735	0.1466599851846695	0.12385096400976181	0.13058368861675262	0.1214594691991806	0.1739579439163208	0.14354559779167175	0.14334793388843536	0.17827987670898438	0.10215963423252106	0.10674535483121872	0.14795975387096405	0.13408716022968292	0.13630641996860504	0.10038621723651886	0.09737047553062439	0.15292832255363464	0.1589733064174652	0.1902223527431488	0.16515234112739563	0.11289062350988388	0.12213076651096344	0.10807572305202484	0.14473502337932587	0.1361454278230667	0.12187931686639786	0.16482335329055786	0.13901454210281372	0.13054141402244568	0.13921083509922028	0.23049558699131012	0.1810932755470276	0.17193223536014557	0.15109117329120636	0.12800142168998718	0.13181689381599426	0.11544539034366608	0.14749853312969208	0.19313089549541473	0.10890369117259979	0.10371377319097519
