HIP-head-m-rh	HIP-head-l-rh	HIP-body-rh	HIP-tail-rh	THA-VPm-rh	THA-VPl-rh	THA-VAi-rh	THA-VAs-rh	THA-DAm-rh	THA-DAl-rh	PUT-VA-rh	PUT-DA-rh	PUT-VP-rh	PUT-DP-rh	CAU-VA-rh	CAU-DA-rh	CAU-body-rh	CAU-tail-rh	lAMY-rh	mAMY-rh	THA-DP-rh	NAc-shell-rh	NAc-core-rh	pGP-rh	aGP-rh	HIP-head-m-lh	HIP-head-l-l	HIP-body-l	HIP-tail-lh	THA-VPm-lh	THA-VPl-lh	THA-VAi-lh	THA-VAs-lh	THA-DAm-lh	THA-DAl-lh	PUT-VA-lh	PUT-DA-l	PUT-VP-lh	PUT-DP-lh	CAU-VA-lh	CAU-DA-lh	CAU-body-lh	CAU-tail-lh	lAMY-lh	mAMY-lh	THA-DP-lh	NAc-shell-lh	NAc-core-lh	pGP-lh	aGP-lh
0.12227797508239746	0.16458335518836975	0.14506541192531586	0.17675791680812836	0.11957427859306335	0.11883983761072159	0.10359101742506027	0.11553454399108887	0.1419871300458908	0.09872842580080032	0.1400863528251648	0.1321669965982437	0.12296461313962936	0.12606102228164673	0.1548677384853363	0.15014991164207458	0.12888804078102112	0.1268317550420761	0.10825023055076599	0.08940094709396362	0.135330930352211	0.139375701546669	0.1776195913553238	0.09032338857650757	0.09083426743745804	0.10402654111385345	0.13082870841026306	0.15168631076812744	0.15713313221931458	0.1347498595714569	0.10610544681549072	0.10368738323450089	0.10604128986597061	0.15356698632240295	0.11246582865715027	0.15855151414871216	0.12895500659942627	0.11897284537553787	0.1262248307466507	0.15065507590770721	0.13027551770210266	0.14631474018096924	0.10411326587200165	0.10992790013551712	0.10759976506233215	0.13971155881881714	0.17160281538963318	0.1731918454170227	0.09043869376182556	0.09383905678987503
