HIP-head-m-rh	HIP-head-l-rh	HIP-body-rh	HIP-tail-rh	THA-VPm-rh	THA-VPl-rh	THA-VAi-rh	THA-VAs-rh	THA-DAm-rh	THA-DAl-rh	PUT-VA-rh	PUT-DA-rh	PUT-VP-rh	PUT-DP-rh	CAU-VA-rh	CAU-DA-rh	CAU-body-rh	CAU-tail-rh	lAMY-rh	mAMY-rh	THA-DP-rh	NAc-shell-rh	NAc-core-rh	pGP-rh	aGP-rh	HIP-head-m-lh	HIP-head-l-l	HIP-body-l	HIP-tail-lh	THA-VPm-lh	THA-VPl-lh	THA-VAi-lh	THA-VAs-lh	THA-DAm-lh	THA-DAl-lh	PUT-VA-lh	PUT-DA-l	PUT-VP-lh	PUT-DP-lh	CAU-VA-lh	CAU-DA-lh	CAU-body-lh	CAU-tail-lh	lAMY-lh	mAMY-lh	THA-DP-lh	NAc-shell-lh	NAc-core-lh	pGP-lh	aGP-lh
0.10446318984031677	0.12089332938194275	0.12579387426376343	0.13137082755565643	0.10934852808713913	0.11265947669744492	0.12677744030952454	0.1211930438876152	0.11748578399419785	0.11980010569095612	0.10702447593212128	0.12807638943195343	0.12142451107501984	0.1458570957183838	0.14085058867931366	0.15334299206733704	0.14577366411685944	0.22095432877540588	0.08009849488735199	0.08786243945360184	0.11618741601705551	0.12151674926280975	0.11155446618795395	0.1298254132270813	0.09975890815258026	0.0888461023569107	0.1285887211561203	0.10884291678667068	0.1135755255818367	0.10015943646430969	0.12386960536241531	0.1107124462723732	0.13222892582416534	0.1296749711036682	0.1406688541173935	0.15582922101020813	0.16501960158348083	0.1283825933933258	0.14145280420780182	0.12001186609268188	0.10928551852703094	0.14083988964557648	0.15923389792442322	0.08985596150159836	0.09119433909654617	0.11548839509487152	0.12527652084827423	0.1137000098824501	0.146992489695549	0.08634008467197418
