HIP-head-m-rh	HIP-head-l-rh	HIP-body-rh	HIP-tail-rh	THA-VPm-rh	THA-VPl-rh	THA-VAi-rh	THA-VAs-rh	THA-DAm-rh	THA-DAl-rh	PUT-VA-rh	PUT-DA-rh	PUT-VP-rh	PUT-DP-rh	CAU-VA-rh	CAU-DA-rh	CAU-body-rh	CAU-tail-rh	lAMY-rh	mAMY-rh	THA-DP-rh	NAc-shell-rh	NAc-core-rh	pGP-rh	aGP-rh	HIP-head-m-lh	HIP-head-l-l	HIP-body-l	HIP-tail-lh	THA-VPm-lh	THA-VPl-lh	THA-VAi-lh	THA-VAs-lh	THA-DAm-lh	THA-DAl-lh	PUT-VA-lh	PUT-DA-l	PUT-VP-lh	PUT-DP-lh	CAU-VA-lh	CAU-DA-lh	CAU-body-lh	CAU-tail-lh	lAMY-lh	mAMY-lh	THA-DP-lh	NAc-shell-lh	NAc-core-lh	pGP-lh	aGP-lh
0.2635323107242584	0.22084735333919525	0.231029212474823	0.21682026982307434	0.21313850581645966	0.23990575969219208	0.24637256562709808	0.23768514394760132	0.23169296979904175	0.23868295550346375	0.2512219250202179	0.24690541625022888	0.23736701905727386	0.24279212951660156	0.24773621559143066	0.23551951348781586	0.23887257277965546	0.22609281539916992	0.2986313998699188	0.31809625029563904	0.24209508299827576	0.278180867433548	0.2313224971294403	0.23655647039413452	0.26022467017173767	0.2947292923927307	0.2327631264925003	0.2269166111946106	0.2169177234172821	0.2339732050895691	0.23228579759597778	0.25867846608161926	0.2589796483516693	0.23592332005500793	0.2350885421037674	0.275582879781723	0.25296711921691895	0.22950416803359985	0.23878228664398193	0.2663154900074005	0.24184174835681915	0.2459275871515274	0.23402763903141022	0.3344537615776062	0.3286326825618744	0.23108364641666412	0.2689777612686157	0.2521836757659912	0.21122083067893982	0.2534979283809662
