HIP-head-m-rh	HIP-head-l-rh	HIP-body-rh	HIP-tail-rh	THA-VPm-rh	THA-VPl-rh	THA-VAi-rh	THA-VAs-rh	THA-DAm-rh	THA-DAl-rh	PUT-VA-rh	PUT-DA-rh	PUT-VP-rh	PUT-DP-rh	CAU-VA-rh	CAU-DA-rh	CAU-body-rh	CAU-tail-rh	lAMY-rh	mAMY-rh	THA-DP-rh	NAc-shell-rh	NAc-core-rh	pGP-rh	aGP-rh	HIP-head-m-lh	HIP-head-l-l	HIP-body-l	HIP-tail-lh	THA-VPm-lh	THA-VPl-lh	THA-VAi-lh	THA-VAs-lh	THA-DAm-lh	THA-DAl-lh	PUT-VA-lh	PUT-DA-l	PUT-VP-lh	PUT-DP-lh	CAU-VA-lh	CAU-DA-lh	CAU-body-lh	CAU-tail-lh	lAMY-lh	mAMY-lh	THA-DP-lh	NAc-shell-lh	NAc-core-lh	pGP-lh	aGP-lh
0.3313261866569519	0.25236210227012634	0.27978968620300293	0.2635725140571594	0.2803840935230255	0.2669554054737091	0.3064435124397278	0.284403920173645	0.2874429225921631	0.2794788181781769	0.3047563135623932	0.28813570737838745	0.2783132791519165	0.28580600023269653	0.29669761657714844	0.28232476115226746	0.28425922989845276	0.26229897141456604	0.38671934604644775	0.40830036997795105	0.27764731645584106	0.3178424537181854	0.2891061305999756	0.26411551237106323	0.2985219955444336	0.35639718174934387	0.28502988815307617	0.2801741063594818	0.29282766580581665	0.2831048369407654	0.28989917039871216	0.3114260733127594	0.30834513902664185	0.2912389934062958	0.29070863127708435	0.302117258310318	0.2918819189071655	0.2684706151485443	0.28377148509025574	0.2943999469280243	0.2845630943775177	0.2834852635860443	0.2724445164203644	0.41587284207344055	0.38323575258255005	0.27989017963409424	0.31761571764945984	0.2866649031639099	0.2808460295200348	0.27684980630874634
