HIP-head-m-rh	HIP-head-l-rh	HIP-body-rh	HIP-tail-rh	THA-VPm-rh	THA-VPl-rh	THA-VAi-rh	THA-VAs-rh	THA-DAm-rh	THA-DAl-rh	PUT-VA-rh	PUT-DA-rh	PUT-VP-rh	PUT-DP-rh	CAU-VA-rh	CAU-DA-rh	CAU-body-rh	CAU-tail-rh	lAMY-rh	mAMY-rh	THA-DP-rh	NAc-shell-rh	NAc-core-rh	pGP-rh	aGP-rh	HIP-head-m-lh	HIP-head-l-l	HIP-body-l	HIP-tail-lh	THA-VPm-lh	THA-VPl-lh	THA-VAi-lh	THA-VAs-lh	THA-DAm-lh	THA-DAl-lh	PUT-VA-lh	PUT-DA-l	PUT-VP-lh	PUT-DP-lh	CAU-VA-lh	CAU-DA-lh	CAU-body-lh	CAU-tail-lh	lAMY-lh	mAMY-lh	THA-DP-lh	NAc-shell-lh	NAc-core-lh	pGP-lh	aGP-lh
0.356315016746521	0.31314995884895325	0.2841472923755646	0.26105570793151855	0.29119977355003357	0.25561022758483887	0.3021240532398224	0.30047038197517395	0.2889976501464844	0.2663012146949768	0.29896965622901917	0.30452653765678406	0.29638320207595825	0.2778748869895935	0.32083606719970703	0.28229081630706787	0.2966538369655609	0.2615926265716553	0.4309902489185333	0.39290329813957214	0.2688649296760559	0.3126579523086548	0.27242356538772583	0.26794594526290894	0.27834340929985046	0.35882821679115295	0.34400126338005066	0.29508015513420105	0.2684142291545868	0.2745057940483093	0.25042128562927246	0.3250347673892975	0.30863288044929504	0.2769247889518738	0.2816322445869446	0.28054484724998474	0.28246527910232544	0.28246477246284485	0.27477559447288513	0.3164057433605194	0.2835239768028259	0.28827595710754395	0.27187296748161316	0.3974456787109375	0.3773711025714874	0.2607191503047943	0.3063250780105591	0.2881360948085785	0.26696324348449707	0.27377018332481384
