HIP-head-m-rh	HIP-head-l-rh	HIP-body-rh	HIP-tail-rh	THA-VPm-rh	THA-VPl-rh	THA-VAi-rh	THA-VAs-rh	THA-DAm-rh	THA-DAl-rh	PUT-VA-rh	PUT-DA-rh	PUT-VP-rh	PUT-DP-rh	CAU-VA-rh	CAU-DA-rh	CAU-body-rh	CAU-tail-rh	lAMY-rh	mAMY-rh	THA-DP-rh	NAc-shell-rh	NAc-core-rh	pGP-rh	aGP-rh	HIP-head-m-lh	HIP-head-l-l	HIP-body-l	HIP-tail-lh	THA-VPm-lh	THA-VPl-lh	THA-VAi-lh	THA-VAs-lh	THA-DAm-lh	THA-DAl-lh	PUT-VA-lh	PUT-DA-l	PUT-VP-lh	PUT-DP-lh	CAU-VA-lh	CAU-DA-lh	CAU-body-lh	CAU-tail-lh	lAMY-lh	mAMY-lh	THA-DP-lh	NAc-shell-lh	NAc-core-lh	pGP-lh	aGP-lh
0.37229296565055847	0.3395214378833771	0.2996496260166168	0.2795606553554535	0.29031693935394287	0.26629266142845154	0.31654274463653564	0.32175788283348083	0.30361542105674744	0.28247854113578796	0.31261900067329407	0.30994582176208496	0.32166698575019836	0.29216518998146057	0.30336514115333557	0.28170058131217957	0.30815160274505615	0.27880430221557617	0.41041406989097595	0.40974727272987366	0.28917625546455383	0.34281980991363525	0.29226261377334595	0.28496265411376953	0.30441731214523315	0.38439807295799255	0.3584769368171692	0.3295383155345917	0.2736704349517822	0.2829434275627136	0.27127212285995483	0.3405276834964752	0.32478541135787964	0.30714181065559387	0.29207828640937805	0.2973104417324066	0.30201470851898193	0.310472697019577	0.29874178767204285	0.32146745920181274	0.30379459261894226	0.3098457455635071	0.29172149300575256	0.40212148427963257	0.41374075412750244	0.2990574240684509	0.3335746228694916	0.2884026765823364	0.2857898771762848	0.28766030073165894
