HIP-head-m-rh	HIP-head-l-rh	HIP-body-rh	HIP-tail-rh	THA-VPm-rh	THA-VPl-rh	THA-VAi-rh	THA-VAs-rh	THA-DAm-rh	THA-DAl-rh	PUT-VA-rh	PUT-DA-rh	PUT-VP-rh	PUT-DP-rh	CAU-VA-rh	CAU-DA-rh	CAU-body-rh	CAU-tail-rh	lAMY-rh	mAMY-rh	THA-DP-rh	NAc-shell-rh	NAc-core-rh	pGP-rh	aGP-rh	HIP-head-m-lh	HIP-head-l-l	HIP-body-l	HIP-tail-lh	THA-VPm-lh	THA-VPl-lh	THA-VAi-lh	THA-VAs-lh	THA-DAm-lh	THA-DAl-lh	PUT-VA-lh	PUT-DA-l	PUT-VP-lh	PUT-DP-lh	CAU-VA-lh	CAU-DA-lh	CAU-body-lh	CAU-tail-lh	lAMY-lh	mAMY-lh	THA-DP-lh	NAc-shell-lh	NAc-core-lh	pGP-lh	aGP-lh
0.41517314314842224	0.32184693217277527	0.26815664768218994	0.2565644383430481	0.3178205192089081	0.2766854166984558	0.3723718822002411	0.3026190996170044	0.2957080900669098	0.2773907482624054	0.32156670093536377	0.3310081660747528	0.31307631731033325	0.2652607858181	0.3505866527557373	0.2850024700164795	0.2850639522075653	0.2659400403499603	0.5731237530708313	0.688725471496582	0.2961229085922241	0.3732943832874298	0.32260212302207947	0.2872510850429535	0.28924426436424255	0.4170999825000763	0.28811782598495483	0.2689647376537323	0.26480573415756226	0.3074502646923065	0.25297799706459045	0.3844659924507141	0.32392531633377075	0.2824794054031372	0.28032100200653076	0.2830970287322998	0.2920442223548889	0.2827633023262024	0.25328192114830017	0.29481247067451477	0.2789078652858734	0.26312917470932007	0.26893267035484314	0.5675802230834961	0.42692577838897705	0.27436473965644836	0.3110845685005188	0.27519962191581726	0.270621120929718	0.2731896638870239
