HIP-head-m-rh	HIP-head-l-rh	HIP-body-rh	HIP-tail-rh	THA-VPm-rh	THA-VPl-rh	THA-VAi-rh	THA-VAs-rh	THA-DAm-rh	THA-DAl-rh	PUT-VA-rh	PUT-DA-rh	PUT-VP-rh	PUT-DP-rh	CAU-VA-rh	CAU-DA-rh	CAU-body-rh	CAU-tail-rh	lAMY-rh	mAMY-rh	THA-DP-rh	NAc-shell-rh	NAc-core-rh	pGP-rh	aGP-rh	HIP-head-m-lh	HIP-head-l-l	HIP-body-l	HIP-tail-lh	THA-VPm-lh	THA-VPl-lh	THA-VAi-lh	THA-VAs-lh	THA-DAm-lh	THA-DAl-lh	PUT-VA-lh	PUT-DA-l	PUT-VP-lh	PUT-DP-lh	CAU-VA-lh	CAU-DA-lh	CAU-body-lh	CAU-tail-lh	lAMY-lh	mAMY-lh	THA-DP-lh	NAc-shell-lh	NAc-core-lh	pGP-lh	aGP-lh
0.11962659657001495	0.11308800429105759	0.13146094977855682	0.14273115992546082	0.0994456335902214	0.11351147294044495	0.098460853099823	0.14600546658039093	0.13088038563728333	0.13499711453914642	0.11500722169876099	0.1639677882194519	0.12232028692960739	0.12937667965888977	0.13056880235671997	0.12206824123859406	0.1105208545923233	0.13340018689632416	0.14858712255954742	0.11314409971237183	0.11528362333774567	0.09938199818134308	0.11140475422143936	0.0991402119398117	0.08520075678825378	0.11108164489269257	0.11254162341356277	0.10474006831645966	0.11575888842344284	0.09510783106088638	0.10161349922418594	0.11843273788690567	0.13343574106693268	0.12745028734207153	0.12390682101249695	0.09815042465925217	0.10017857700586319	0.10566198825836182	0.14490638673305511	0.12616193294525146	0.12580297887325287	0.13484308123588562	0.1275414526462555	0.13116982579231262	0.11413535475730896	0.10845737159252167	0.12499687820672989	0.1251387745141983	0.08568601310253143	0.09944386035203934
