HIP-head-m-rh	HIP-head-l-rh	HIP-body-rh	HIP-tail-rh	THA-VPm-rh	THA-VPl-rh	THA-VAi-rh	THA-VAs-rh	THA-DAm-rh	THA-DAl-rh	PUT-VA-rh	PUT-DA-rh	PUT-VP-rh	PUT-DP-rh	CAU-VA-rh	CAU-DA-rh	CAU-body-rh	CAU-tail-rh	lAMY-rh	mAMY-rh	THA-DP-rh	NAc-shell-rh	NAc-core-rh	pGP-rh	aGP-rh	HIP-head-m-lh	HIP-head-l-l	HIP-body-l	HIP-tail-lh	THA-VPm-lh	THA-VPl-lh	THA-VAi-lh	THA-VAs-lh	THA-DAm-lh	THA-DAl-lh	PUT-VA-lh	PUT-DA-l	PUT-VP-lh	PUT-DP-lh	CAU-VA-lh	CAU-DA-lh	CAU-body-lh	CAU-tail-lh	lAMY-lh	mAMY-lh	THA-DP-lh	NAc-shell-lh	NAc-core-lh	pGP-lh	aGP-lh
0.5083581805229187	0.49948766827583313	0.3869274854660034	0.26901572942733765	0.3372337520122528	0.2734900712966919	0.430877149105072	0.2986125349998474	0.32121238112449646	0.2774927616119385	0.29802393913269043	0.31264233589172363	0.3375813364982605	0.3251302242279053	0.28190404176712036	0.2605877220630646	0.2823988199234009	0.3003219664096832	0.46651723980903625	0.5957209467887878	0.29648321866989136	0.32319357991218567	0.27755969762802124	0.3445906341075897	0.30077847838401794	0.5563167333602905	0.41436871886253357	0.30005642771720886	0.2769377827644348	0.36715084314346313	0.28944987058639526	0.4301970303058624	0.34576618671417236	0.3422641456127167	0.30324289202690125	0.28361985087394714	0.2784956097602844	0.30762308835983276	0.31266480684280396	0.30712801218032837	0.2624160647392273	0.28541800379753113	0.3251095712184906	0.4492502808570862	0.6071631908416748	0.2765330672264099	0.3261597752571106	0.28562131524086	0.29383599758148193	0.29250121116638184
