HIP-head-m-rh	HIP-head-l-rh	HIP-body-rh	HIP-tail-rh	THA-VPm-rh	THA-VPl-rh	THA-VAi-rh	THA-VAs-rh	THA-DAm-rh	THA-DAl-rh	PUT-VA-rh	PUT-DA-rh	PUT-VP-rh	PUT-DP-rh	CAU-VA-rh	CAU-DA-rh	CAU-body-rh	CAU-tail-rh	lAMY-rh	mAMY-rh	THA-DP-rh	NAc-shell-rh	NAc-core-rh	pGP-rh	aGP-rh	HIP-head-m-lh	HIP-head-l-l	HIP-body-l	HIP-tail-lh	THA-VPm-lh	THA-VPl-lh	THA-VAi-lh	THA-VAs-lh	THA-DAm-lh	THA-DAl-lh	PUT-VA-lh	PUT-DA-l	PUT-VP-lh	PUT-DP-lh	CAU-VA-lh	CAU-DA-lh	CAU-body-lh	CAU-tail-lh	lAMY-lh	mAMY-lh	THA-DP-lh	NAc-shell-lh	NAc-core-lh	pGP-lh	aGP-lh
0.3011730909347534	0.25601696968078613	0.2427380234003067	0.2434844821691513	0.2895888388156891	0.22612245380878448	0.27514219284057617	0.26172664761543274	0.24398866295814514	0.229009211063385	0.25571149587631226	0.2511275112628937	0.24130779504776	0.24477580189704895	0.2657369077205658	0.24878597259521484	0.2272486388683319	0.23118653893470764	0.35744598507881165	0.346273809671402	0.23684082925319672	0.33733633160591125	0.24512003362178802	0.2381293922662735	0.2510891854763031	0.3113086223602295	0.26149308681488037	0.2419212907552719	0.22735241055488586	0.2326207160949707	0.22346211969852448	0.2639160454273224	0.24571196734905243	0.2660146653652191	0.23688571155071259	0.266771525144577	0.24263697862625122	0.23362906277179718	0.2234189212322235	0.24905097484588623	0.2556875944137573	0.23619765043258667	0.2556265592575073	0.3292582035064697	0.3049178123474121	0.22994421422481537	0.2838730812072754	0.259870320558548	0.23913592100143433	0.2554469108581543
