HIP-head-m-rh	HIP-head-l-rh	HIP-body-rh	HIP-tail-rh	THA-VPm-rh	THA-VPl-rh	THA-VAi-rh	THA-VAs-rh	THA-DAm-rh	THA-DAl-rh	PUT-VA-rh	PUT-DA-rh	PUT-VP-rh	PUT-DP-rh	CAU-VA-rh	CAU-DA-rh	CAU-body-rh	CAU-tail-rh	lAMY-rh	mAMY-rh	THA-DP-rh	NAc-shell-rh	NAc-core-rh	pGP-rh	aGP-rh	HIP-head-m-lh	HIP-head-l-l	HIP-body-l	HIP-tail-lh	THA-VPm-lh	THA-VPl-lh	THA-VAi-lh	THA-VAs-lh	THA-DAm-lh	THA-DAl-lh	PUT-VA-lh	PUT-DA-l	PUT-VP-lh	PUT-DP-lh	CAU-VA-lh	CAU-DA-lh	CAU-body-lh	CAU-tail-lh	lAMY-lh	mAMY-lh	THA-DP-lh	NAc-shell-lh	NAc-core-lh	pGP-lh	aGP-lh
0.2658878564834595	0.2546108067035675	0.22587938606739044	0.2290637493133545	0.23433785140514374	0.2260822057723999	0.25502318143844604	0.25259825587272644	0.24435743689537048	0.23084256052970886	0.26769837737083435	0.252314954996109	0.2566608488559723	0.24852165579795837	0.2956838607788086	0.2767597734928131	0.2451612800359726	0.23916371166706085	0.28182947635650635	0.2979223430156708	0.22598031163215637	0.26022809743881226	0.2625439167022705	0.21565310657024384	0.24278196692466736	0.2688259780406952	0.27905407547950745	0.24654299020767212	0.2028333842754364	0.2294066995382309	0.23661702871322632	0.2532970905303955	0.2605237662792206	0.23959700763225555	0.23013901710510254	0.2689432203769684	0.2618120014667511	0.27853474020957947	0.2927362322807312	0.2837628424167633	0.2540227770805359	0.26543742418289185	0.26379063725471497	0.3268505930900574	0.33238667249679565	0.2272106409072876	0.2781800925731659	0.25947603583335876	0.24250556528568268	0.2607920467853546
