HIP-head-m-rh	HIP-head-l-rh	HIP-body-rh	HIP-tail-rh	THA-VPm-rh	THA-VPl-rh	THA-VAi-rh	THA-VAs-rh	THA-DAm-rh	THA-DAl-rh	PUT-VA-rh	PUT-DA-rh	PUT-VP-rh	PUT-DP-rh	CAU-VA-rh	CAU-DA-rh	CAU-body-rh	CAU-tail-rh	lAMY-rh	mAMY-rh	THA-DP-rh	NAc-shell-rh	NAc-core-rh	pGP-rh	aGP-rh	HIP-head-m-lh	HIP-head-l-l	HIP-body-l	HIP-tail-lh	THA-VPm-lh	THA-VPl-lh	THA-VAi-lh	THA-VAs-lh	THA-DAm-lh	THA-DAl-lh	PUT-VA-lh	PUT-DA-l	PUT-VP-lh	PUT-DP-lh	CAU-VA-lh	CAU-DA-lh	CAU-body-lh	CAU-tail-lh	lAMY-lh	mAMY-lh	THA-DP-lh	NAc-shell-lh	NAc-core-lh	pGP-lh	aGP-lh
0.30929088592529297	0.2834230959415436	0.25574320554733276	0.25108879804611206	0.2926366627216339	0.2687017321586609	0.30073755979537964	0.3020608425140381	0.29103541374206543	0.2889726161956787	0.3159237205982208	0.3091537356376648	0.34021294116973877	0.33047306537628174	0.3281382918357849	0.30203527212142944	0.29753804206848145	0.28603965044021606	0.3082607686519623	0.3426917493343353	0.2648378312587738	0.31677737832069397	0.30577439069747925	0.2589817941188812	0.2687847912311554	0.3211628496646881	0.32550758123397827	0.2696376144886017	0.25924307107925415	0.2944943308830261	0.2979661226272583	0.2939385175704956	0.315258264541626	0.3014186918735504	0.2968456447124481	0.3283514976501465	0.32782235741615295	0.3891746699810028	0.4096357822418213	0.33176103234291077	0.3114875555038452	0.32068994641304016	0.28504279255867004	0.35041123628616333	0.3698388636112213	0.2822096347808838	0.3441845774650574	0.3098899722099304	0.29615142941474915	0.29977473616600037
