HIP-head-m-rh	HIP-head-l-rh	HIP-body-rh	HIP-tail-rh	THA-VPm-rh	THA-VPl-rh	THA-VAi-rh	THA-VAs-rh	THA-DAm-rh	THA-DAl-rh	PUT-VA-rh	PUT-DA-rh	PUT-VP-rh	PUT-DP-rh	CAU-VA-rh	CAU-DA-rh	CAU-body-rh	CAU-tail-rh	lAMY-rh	mAMY-rh	THA-DP-rh	NAc-shell-rh	NAc-core-rh	pGP-rh	aGP-rh	HIP-head-m-lh	HIP-head-l-l	HIP-body-l	HIP-tail-lh	THA-VPm-lh	THA-VPl-lh	THA-VAi-lh	THA-VAs-lh	THA-DAm-lh	THA-DAl-lh	PUT-VA-lh	PUT-DA-l	PUT-VP-lh	PUT-DP-lh	CAU-VA-lh	CAU-DA-lh	CAU-body-lh	CAU-tail-lh	lAMY-lh	mAMY-lh	THA-DP-lh	NAc-shell-lh	NAc-core-lh	pGP-lh	aGP-lh
0.20348432660102844	0.15927931666374207	0.16663432121276855	0.16211868822574615	0.11839872598648071	0.10265637934207916	0.11128200590610504	0.12665334343910217	0.14160440862178802	0.10977709293365479	0.15083405375480652	0.15791316330432892	0.12243272364139557	0.13741068542003632	0.16422803699970245	0.13394787907600403	0.15472888946533203	0.18200841546058655	0.1831289827823639	0.17498917877674103	0.11440099775791168	0.09484771639108658	0.14002248644828796	0.11979348212480545	0.11167852580547333	0.1770375818014145	0.14967478811740875	0.16973350942134857	0.17318812012672424	0.12307718396186829	0.09591656178236008	0.11881301552057266	0.15273241698741913	0.13988658785820007	0.09681744873523712	0.12297577410936356	0.12787407636642456	0.1225728839635849	0.1442469209432602	0.15633293986320496	0.14630895853042603	0.1787414401769638	0.16640415787696838	0.13215044140815735	0.12754708528518677	0.11430935561656952	0.12150201946496964	0.13060370087623596	0.10991864651441574	0.10742582380771637
