HIP-head-m-rh	HIP-head-l-rh	HIP-body-rh	HIP-tail-rh	THA-VPm-rh	THA-VPl-rh	THA-VAi-rh	THA-VAs-rh	THA-DAm-rh	THA-DAl-rh	PUT-VA-rh	PUT-DA-rh	PUT-VP-rh	PUT-DP-rh	CAU-VA-rh	CAU-DA-rh	CAU-body-rh	CAU-tail-rh	lAMY-rh	mAMY-rh	THA-DP-rh	NAc-shell-rh	NAc-core-rh	pGP-rh	aGP-rh	HIP-head-m-lh	HIP-head-l-l	HIP-body-l	HIP-tail-lh	THA-VPm-lh	THA-VPl-lh	THA-VAi-lh	THA-VAs-lh	THA-DAm-lh	THA-DAl-lh	PUT-VA-lh	PUT-DA-l	PUT-VP-lh	PUT-DP-lh	CAU-VA-lh	CAU-DA-lh	CAU-body-lh	CAU-tail-lh	lAMY-lh	mAMY-lh	THA-DP-lh	NAc-shell-lh	NAc-core-lh	pGP-lh	aGP-lh
0.4095308780670166	0.30466702580451965	0.29062730073928833	0.2941993772983551	0.287433385848999	0.2565942108631134	0.31741759181022644	0.32843318581581116	0.2825738787651062	0.2762812674045563	0.2828626334667206	0.30999964475631714	0.29024538397789	0.29244911670684814	0.33097904920578003	0.2717006802558899	0.288389652967453	0.28104105591773987	0.39956989884376526	0.4983922839164734	0.2762129604816437	0.3351171910762787	0.26726457476615906	0.27499285340309143	0.28862932324409485	0.5716715455055237	0.33569225668907166	0.28552746772766113	0.29540765285491943	0.27393603324890137	0.2664271891117096	0.32344648241996765	0.3158649206161499	0.2695412337779999	0.2702217996120453	0.29320818185806274	0.29651209712028503	0.3023017644882202	0.2716546952724457	0.33021143078804016	0.2694287598133087	0.3033030033111572	0.27858486771583557	0.3992052376270294	0.4605650305747986	0.2732061743736267	0.27799153327941895	0.2858588695526123	0.28815746307373047	0.2793869376182556
