HIP-head-m-rh	HIP-head-l-rh	HIP-body-rh	HIP-tail-rh	THA-VPm-rh	THA-VPl-rh	THA-VAi-rh	THA-VAs-rh	THA-DAm-rh	THA-DAl-rh	PUT-VA-rh	PUT-DA-rh	PUT-VP-rh	PUT-DP-rh	CAU-VA-rh	CAU-DA-rh	CAU-body-rh	CAU-tail-rh	lAMY-rh	mAMY-rh	THA-DP-rh	NAc-shell-rh	NAc-core-rh	pGP-rh	aGP-rh	HIP-head-m-lh	HIP-head-l-l	HIP-body-l	HIP-tail-lh	THA-VPm-lh	THA-VPl-lh	THA-VAi-lh	THA-VAs-lh	THA-DAm-lh	THA-DAl-lh	PUT-VA-lh	PUT-DA-l	PUT-VP-lh	PUT-DP-lh	CAU-VA-lh	CAU-DA-lh	CAU-body-lh	CAU-tail-lh	lAMY-lh	mAMY-lh	THA-DP-lh	NAc-shell-lh	NAc-core-lh	pGP-lh	aGP-lh
0.11005803197622299	0.14793650805950165	0.13091610372066498	0.1622980237007141	0.12218804657459259	0.09426039457321167	0.1033831238746643	0.09421909600496292	0.13155411183834076	0.10374658554792404	0.13005685806274414	0.12482041120529175	0.10996135324239731	0.10821493715047836	0.13146880269050598	0.14578819274902344	0.14779359102249146	0.15409819781780243	0.11879726499319077	0.08948075771331787	0.12346673756837845	0.11618060618638992	0.14831654727458954	0.09347828477621078	0.07770612090826035	0.08596499264240265	0.10450941324234009	0.14041541516780853	0.13167797029018402	0.12224597483873367	0.0945250615477562	0.09192856401205063	0.10359805822372437	0.1523684561252594	0.09826438128948212	0.13958756625652313	0.10486830770969391	0.09588649868965149	0.10723084211349487	0.10675995796918869	0.1352773755788803	0.15332336723804474	0.13994519412517548	0.09552302211523056	0.09882918745279312	0.12141086161136627	0.1456843912601471	0.1480989158153534	0.07634656131267548	0.09896944463253021
