HIP-head-m-rh	HIP-head-l-rh	HIP-body-rh	HIP-tail-rh	THA-VPm-rh	THA-VPl-rh	THA-VAi-rh	THA-VAs-rh	THA-DAm-rh	THA-DAl-rh	PUT-VA-rh	PUT-DA-rh	PUT-VP-rh	PUT-DP-rh	CAU-VA-rh	CAU-DA-rh	CAU-body-rh	CAU-tail-rh	lAMY-rh	mAMY-rh	THA-DP-rh	NAc-shell-rh	NAc-core-rh	pGP-rh	aGP-rh	HIP-head-m-lh	HIP-head-l-l	HIP-body-l	HIP-tail-lh	THA-VPm-lh	THA-VPl-lh	THA-VAi-lh	THA-VAs-lh	THA-DAm-lh	THA-DAl-lh	PUT-VA-lh	PUT-DA-l	PUT-VP-lh	PUT-DP-lh	CAU-VA-lh	CAU-DA-lh	CAU-body-lh	CAU-tail-lh	lAMY-lh	mAMY-lh	THA-DP-lh	NAc-shell-lh	NAc-core-lh	pGP-lh	aGP-lh
0.12441693991422653	0.17629481852054596	0.15013806521892548	0.17600716650485992	0.12634417414665222	0.14314258098602295	0.13645975291728973	0.1552720069885254	0.17157898843288422	0.14422444999217987	0.1788940727710724	0.16496138274669647	0.1792321652173996	0.1849258691072464	0.13253779709339142	0.1813593953847885	0.14569689333438873	0.15704268217086792	0.1447426676750183	0.1464642584323883	0.14659838378429413	0.12454115599393845	0.15358060598373413	0.11674574762582779	0.11993366479873657	0.12750029563903809	0.14926065504550934	0.1407398283481598	0.20041336119174957	0.12813501060009003	0.11865681409835815	0.13687308132648468	0.15889206528663635	0.1683800220489502	0.15513791143894196	0.19332897663116455	0.1554335653781891	0.16834603250026703	0.1756073534488678	0.1335187405347824	0.174433633685112	0.19651207327842712	0.1678081750869751	0.1377747505903244	0.13386759161949158	0.1470474749803543	0.14260472357273102	0.18628214299678802	0.1161365956068039	0.12825918197631836
