HIP-head-m-rh	HIP-head-l-rh	HIP-body-rh	HIP-tail-rh	THA-VPm-rh	THA-VPl-rh	THA-VAi-rh	THA-VAs-rh	THA-DAm-rh	THA-DAl-rh	PUT-VA-rh	PUT-DA-rh	PUT-VP-rh	PUT-DP-rh	CAU-VA-rh	CAU-DA-rh	CAU-body-rh	CAU-tail-rh	lAMY-rh	mAMY-rh	THA-DP-rh	NAc-shell-rh	NAc-core-rh	pGP-rh	aGP-rh	HIP-head-m-lh	HIP-head-l-l	HIP-body-l	HIP-tail-lh	THA-VPm-lh	THA-VPl-lh	THA-VAi-lh	THA-VAs-lh	THA-DAm-lh	THA-DAl-lh	PUT-VA-lh	PUT-DA-l	PUT-VP-lh	PUT-DP-lh	CAU-VA-lh	CAU-DA-lh	CAU-body-lh	CAU-tail-lh	lAMY-lh	mAMY-lh	THA-DP-lh	NAc-shell-lh	NAc-core-lh	pGP-lh	aGP-lh
0.4776981472969055	0.5272128582000732	0.35044124722480774	0.2970825135707855	0.32967409491539	0.28325754404067993	0.3536376953125	0.3246786594390869	0.36285600066185	0.3091889023780823	0.3366435170173645	0.3133513629436493	0.3568904995918274	0.3104925751686096	0.3448634743690491	0.29275187849998474	0.2932417392730713	0.28832730650901794	0.4032118320465088	0.48396122455596924	0.32602518796920776	0.3406966030597687	0.330371230840683	0.3306371867656708	0.29740041494369507	0.5106295943260193	0.4074729382991791	0.3578546643257141	0.3471977114677429	0.3279653489589691	0.2795993685722351	0.43954744935035706	0.3562982380390167	0.3491024076938629	0.3314415216445923	0.3368481397628784	0.35710856318473816	0.3090723752975464	0.3012816607952118	0.3512652814388275	0.31121721863746643	0.32698917388916016	0.36616986989974976	0.557263195514679	0.6026003360748291	0.29754215478897095	0.37922608852386475	0.35321223735809326	0.30621713399887085	0.3189011216163635
