HIP-head-m-rh	HIP-head-l-rh	HIP-body-rh	HIP-tail-rh	THA-VPm-rh	THA-VPl-rh	THA-VAi-rh	THA-VAs-rh	THA-DAm-rh	THA-DAl-rh	PUT-VA-rh	PUT-DA-rh	PUT-VP-rh	PUT-DP-rh	CAU-VA-rh	CAU-DA-rh	CAU-body-rh	CAU-tail-rh	lAMY-rh	mAMY-rh	THA-DP-rh	NAc-shell-rh	NAc-core-rh	pGP-rh	aGP-rh	HIP-head-m-lh	HIP-head-l-l	HIP-body-l	HIP-tail-lh	THA-VPm-lh	THA-VPl-lh	THA-VAi-lh	THA-VAs-lh	THA-DAm-lh	THA-DAl-lh	PUT-VA-lh	PUT-DA-l	PUT-VP-lh	PUT-DP-lh	CAU-VA-lh	CAU-DA-lh	CAU-body-lh	CAU-tail-lh	lAMY-lh	mAMY-lh	THA-DP-lh	NAc-shell-lh	NAc-core-lh	pGP-lh	aGP-lh
0.09722283482551575	0.12559302151203156	0.14990846812725067	0.22131377458572388	0.11298166215419769	0.095196932554245	0.11515658348798752	0.11706683784723282	0.1425764560699463	0.12711410224437714	0.13834431767463684	0.13265524804592133	0.11554697901010513	0.13642524182796478	0.16351625323295593	0.12505753338336945	0.14185982942581177	0.1378786712884903	0.09432937949895859	0.0841745063662529	0.1443517506122589	0.10872362554073334	0.12953568994998932	0.10521763563156128	0.10820666700601578	0.13864491879940033	0.16445688903331757	0.1811130940914154	0.17506542801856995	0.13569851219654083	0.12458246946334839	0.11288241297006607	0.12564772367477417	0.13494765758514404	0.11576884984970093	0.11650855094194412	0.1212073266506195	0.125295951962471	0.12648425996303558	0.12941798567771912	0.15871116518974304	0.15866118669509888	0.14668713510036469	0.10202272981405258	0.0872388407588005	0.13495416939258575	0.10870049148797989	0.13516759872436523	0.08837874978780746	0.1034221425652504
