HIP-head-m-rh	HIP-head-l-rh	HIP-body-rh	HIP-tail-rh	THA-VPm-rh	THA-VPl-rh	THA-VAi-rh	THA-VAs-rh	THA-DAm-rh	THA-DAl-rh	PUT-VA-rh	PUT-DA-rh	PUT-VP-rh	PUT-DP-rh	CAU-VA-rh	CAU-DA-rh	CAU-body-rh	CAU-tail-rh	lAMY-rh	mAMY-rh	THA-DP-rh	NAc-shell-rh	NAc-core-rh	pGP-rh	aGP-rh	HIP-head-m-lh	HIP-head-l-l	HIP-body-l	HIP-tail-lh	THA-VPm-lh	THA-VPl-lh	THA-VAi-lh	THA-VAs-lh	THA-DAm-lh	THA-DAl-lh	PUT-VA-lh	PUT-DA-l	PUT-VP-lh	PUT-DP-lh	CAU-VA-lh	CAU-DA-lh	CAU-body-lh	CAU-tail-lh	lAMY-lh	mAMY-lh	THA-DP-lh	NAc-shell-lh	NAc-core-lh	pGP-lh	aGP-lh
0.1222596988081932	0.12946398556232452	0.12227825820446014	0.13753335177898407	0.11513233929872513	0.12983860075473785	0.10932403057813644	0.15246310830116272	0.13725675642490387	0.13230429589748383	0.13112208247184753	0.17412471771240234	0.1375647783279419	0.17351974546909332	0.14732348918914795	0.13250732421875	0.14441752433776855	0.18699927628040314	0.14630717039108276	0.11445865035057068	0.11791285872459412	0.14370831847190857	0.1250719577074051	0.10997755080461502	0.1147831529378891	0.11288128793239594	0.11453399807214737	0.12109842896461487	0.12305150926113129	0.11067664623260498	0.1125505343079567	0.11513625830411911	0.13940098881721497	0.14529556035995483	0.13099226355552673	0.13410621881484985	0.13608452677726746	0.12759758532047272	0.1477176547050476	0.15483340620994568	0.14803417026996613	0.1582792103290558	0.17753449082374573	0.11758437007665634	0.11843729764223099	0.11104930937290192	0.1154453456401825	0.1318139284849167	0.1106327474117279	0.1178048849105835
