HIP-head-m-rh	HIP-head-l-rh	HIP-body-rh	HIP-tail-rh	THA-VPm-rh	THA-VPl-rh	THA-VAi-rh	THA-VAs-rh	THA-DAm-rh	THA-DAl-rh	PUT-VA-rh	PUT-DA-rh	PUT-VP-rh	PUT-DP-rh	CAU-VA-rh	CAU-DA-rh	CAU-body-rh	CAU-tail-rh	lAMY-rh	mAMY-rh	THA-DP-rh	NAc-shell-rh	NAc-core-rh	pGP-rh	aGP-rh	HIP-head-m-lh	HIP-head-l-l	HIP-body-l	HIP-tail-lh	THA-VPm-lh	THA-VPl-lh	THA-VAi-lh	THA-VAs-lh	THA-DAm-lh	THA-DAl-lh	PUT-VA-lh	PUT-DA-l	PUT-VP-lh	PUT-DP-lh	CAU-VA-lh	CAU-DA-lh	CAU-body-lh	CAU-tail-lh	lAMY-lh	mAMY-lh	THA-DP-lh	NAc-shell-lh	NAc-core-lh	pGP-lh	aGP-lh
0.42269212007522583	0.3077284097671509	0.28118613362312317	0.28189027309417725	0.3455646336078644	0.2618374824523926	0.36451831459999084	0.316005676984787	0.3049832284450531	0.2643241584300995	0.3307979106903076	0.3217374384403229	0.35977041721343994	0.2846611738204956	0.3388107120990753	0.26752015948295593	0.2964334487915039	0.3032977283000946	0.4043026566505432	0.6488912105560303	0.32352814078330994	0.43043413758277893	0.31169867515563965	0.2921249270439148	0.2880270183086395	0.4324146807193756	0.32407358288764954	0.28428027033805847	0.2957228422164917	0.35552096366882324	0.2723582983016968	0.36689847707748413	0.32521167397499084	0.3072872757911682	0.27057191729545593	0.3212366998195648	0.29650643467903137	0.3721798360347748	0.3042820990085602	0.31511545181274414	0.3028775155544281	0.34123310446739197	0.31030410528182983	0.45921075344085693	0.4198594093322754	0.30940625071525574	0.34022849798202515	0.2988741099834442	0.26612016558647156	0.27687710523605347
