HIP-head-m-rh	HIP-head-l-rh	HIP-body-rh	HIP-tail-rh	THA-VPm-rh	THA-VPl-rh	THA-VAi-rh	THA-VAs-rh	THA-DAm-rh	THA-DAl-rh	PUT-VA-rh	PUT-DA-rh	PUT-VP-rh	PUT-DP-rh	CAU-VA-rh	CAU-DA-rh	CAU-body-rh	CAU-tail-rh	lAMY-rh	mAMY-rh	THA-DP-rh	NAc-shell-rh	NAc-core-rh	pGP-rh	aGP-rh	HIP-head-m-lh	HIP-head-l-l	HIP-body-l	HIP-tail-lh	THA-VPm-lh	THA-VPl-lh	THA-VAi-lh	THA-VAs-lh	THA-DAm-lh	THA-DAl-lh	PUT-VA-lh	PUT-DA-l	PUT-VP-lh	PUT-DP-lh	CAU-VA-lh	CAU-DA-lh	CAU-body-lh	CAU-tail-lh	lAMY-lh	mAMY-lh	THA-DP-lh	NAc-shell-lh	NAc-core-lh	pGP-lh	aGP-lh
0.37146905064582825	0.28759682178497314	0.2661457657814026	0.26463600993156433	0.2776583731174469	0.286062628030777	0.29895859956741333	0.27039265632629395	0.29825660586357117	0.2803560495376587	0.2663660943508148	0.2726743519306183	0.28237783908843994	0.2730911374092102	0.2717406749725342	0.2615306079387665	0.2656077742576599	0.27470842003822327	0.36582431197166443	0.42248615622520447	0.2707182765007019	0.28688663244247437	0.25254592299461365	0.29896441102027893	0.26976269483566284	0.3910885453224182	0.2753746807575226	0.2458469420671463	0.254533976316452	0.28060200810432434	0.2621001899242401	0.30128535628318787	0.27044180035591125	0.27702590823173523	0.25884556770324707	0.2657616138458252	0.28390979766845703	0.3077440559864044	0.28005579113960266	0.2858785092830658	0.261757493019104	0.25682953000068665	0.28856775164604187	0.38644978404045105	0.4169585108757019	0.2661798894405365	0.2851167619228363	0.26186829805374146	0.28335922956466675	0.28545835614204407
