HIP-head-m-rh	HIP-head-l-rh	HIP-body-rh	HIP-tail-rh	THA-VPm-rh	THA-VPl-rh	THA-VAi-rh	THA-VAs-rh	THA-DAm-rh	THA-DAl-rh	PUT-VA-rh	PUT-DA-rh	PUT-VP-rh	PUT-DP-rh	CAU-VA-rh	CAU-DA-rh	CAU-body-rh	CAU-tail-rh	lAMY-rh	mAMY-rh	THA-DP-rh	NAc-shell-rh	NAc-core-rh	pGP-rh	aGP-rh	HIP-head-m-lh	HIP-head-l-l	HIP-body-l	HIP-tail-lh	THA-VPm-lh	THA-VPl-lh	THA-VAi-lh	THA-VAs-lh	THA-DAm-lh	THA-DAl-lh	PUT-VA-lh	PUT-DA-l	PUT-VP-lh	PUT-DP-lh	CAU-VA-lh	CAU-DA-lh	CAU-body-lh	CAU-tail-lh	lAMY-lh	mAMY-lh	THA-DP-lh	NAc-shell-lh	NAc-core-lh	pGP-lh	aGP-lh
0.3828030526638031	0.35451745986938477	0.28234949707984924	0.2865234315395355	0.30637890100479126	0.28662583231925964	0.3059505522251129	0.2691408097743988	0.29722529649734497	0.26710015535354614	0.29247578978538513	0.28575658798217773	0.32460397481918335	0.29792919754981995	0.3262673020362854	0.26938387751579285	0.2755396068096161	0.2646999955177307	0.5694587826728821	0.6013680696487427	0.28765377402305603	0.3683914542198181	0.31743645668029785	0.2682426869869232	0.28214380145072937	0.43555861711502075	0.39556100964546204	0.30133384466171265	0.2707694470882416	0.29775506258010864	0.2839297950267792	0.33418312668800354	0.3109492361545563	0.2838689684867859	0.27535584568977356	0.31250178813934326	0.31245332956314087	0.32377076148986816	0.3058231770992279	0.31472331285476685	0.29662948846817017	0.27189475297927856	0.2801019847393036	0.9329430460929871	0.6636618971824646	0.2632378935813904	0.37577569484710693	0.3065691292285919	0.28934264183044434	0.30079835653305054
