HIP-head-m-rh	HIP-head-l-rh	HIP-body-rh	HIP-tail-rh	THA-VPm-rh	THA-VPl-rh	THA-VAi-rh	THA-VAs-rh	THA-DAm-rh	THA-DAl-rh	PUT-VA-rh	PUT-DA-rh	PUT-VP-rh	PUT-DP-rh	CAU-VA-rh	CAU-DA-rh	CAU-body-rh	CAU-tail-rh	lAMY-rh	mAMY-rh	THA-DP-rh	NAc-shell-rh	NAc-core-rh	pGP-rh	aGP-rh	HIP-head-m-lh	HIP-head-l-l	HIP-body-l	HIP-tail-lh	THA-VPm-lh	THA-VPl-lh	THA-VAi-lh	THA-VAs-lh	THA-DAm-lh	THA-DAl-lh	PUT-VA-lh	PUT-DA-l	PUT-VP-lh	PUT-DP-lh	CAU-VA-lh	CAU-DA-lh	CAU-body-lh	CAU-tail-lh	lAMY-lh	mAMY-lh	THA-DP-lh	NAc-shell-lh	NAc-core-lh	pGP-lh	aGP-lh
0.1757916659116745	0.1568814367055893	0.182908296585083	0.19039635360240936	0.1540912687778473	0.13374654948711395	0.1452058106660843	0.1351117193698883	0.17430098354816437	0.21069413423538208	0.22547411918640137	0.24844211339950562	0.21287775039672852	0.24369749426841736	0.19824247062206268	0.2368430644273758	0.22581978142261505	0.214484304189682	0.11867750436067581	0.1357148140668869	0.13967084884643555	0.15225625038146973	0.26283833384513855	0.12689658999443054	0.12960036098957062	0.13126391172409058	0.16881556808948517	0.17438583076000214	0.2158857136964798	0.12746399641036987	0.14740049839019775	0.12742742896080017	0.14483602344989777	0.15367674827575684	0.15796785056591034	0.25373175740242004	0.20887894928455353	0.18281303346157074	0.21653605997562408	0.23966845870018005	0.20905357599258423	0.1911344975233078	0.24821245670318604	0.13146139681339264	0.12924551963806152	0.1591532826423645	0.15948443114757538	0.21688343584537506	0.12856970727443695	0.11151362955570221
