HIP-head-m-rh	HIP-head-l-rh	HIP-body-rh	HIP-tail-rh	THA-VPm-rh	THA-VPl-rh	THA-VAi-rh	THA-VAs-rh	THA-DAm-rh	THA-DAl-rh	PUT-VA-rh	PUT-DA-rh	PUT-VP-rh	PUT-DP-rh	CAU-VA-rh	CAU-DA-rh	CAU-body-rh	CAU-tail-rh	lAMY-rh	mAMY-rh	THA-DP-rh	NAc-shell-rh	NAc-core-rh	pGP-rh	aGP-rh	HIP-head-m-lh	HIP-head-l-l	HIP-body-l	HIP-tail-lh	THA-VPm-lh	THA-VPl-lh	THA-VAi-lh	THA-VAs-lh	THA-DAm-lh	THA-DAl-lh	PUT-VA-lh	PUT-DA-l	PUT-VP-lh	PUT-DP-lh	CAU-VA-lh	CAU-DA-lh	CAU-body-lh	CAU-tail-lh	lAMY-lh	mAMY-lh	THA-DP-lh	NAc-shell-lh	NAc-core-lh	pGP-lh	aGP-lh
0.1171247810125351	0.14272810518741608	0.14507029950618744	0.19640067219734192	0.12913502752780914	0.1215655580163002	0.13416534662246704	0.11692429333925247	0.1389407217502594	0.12665371596813202	0.1385268270969391	0.17879025638103485	0.15192516148090363	0.1543864607810974	0.20511041581630707	0.1900690793991089	0.17229187488555908	0.15161752700805664	0.11919359117746353	0.11590343713760376	0.1258305162191391	0.12130779772996902	0.16049166023731232	0.1500687301158905	0.13524949550628662	0.09414737671613693	0.14006493985652924	0.14610746502876282	0.16244304180145264	0.1283809095621109	0.1225917711853981	0.10311998426914215	0.11142975836992264	0.1234300285577774	0.10924959927797318	0.13231301307678223	0.1615355759859085	0.1392589658498764	0.1507352590560913	0.19188164174556732	0.1911441683769226	0.17346972227096558	0.14423635601997375	0.14111344516277313	0.10331674665212631	0.12831999361515045	0.1320067197084427	0.17163285613059998	0.12819716334342957	0.1292542666196823
