HIP-head-m-rh	HIP-head-l-rh	HIP-body-rh	HIP-tail-rh	THA-VPm-rh	THA-VPl-rh	THA-VAi-rh	THA-VAs-rh	THA-DAm-rh	THA-DAl-rh	PUT-VA-rh	PUT-DA-rh	PUT-VP-rh	PUT-DP-rh	CAU-VA-rh	CAU-DA-rh	CAU-body-rh	CAU-tail-rh	lAMY-rh	mAMY-rh	THA-DP-rh	NAc-shell-rh	NAc-core-rh	pGP-rh	aGP-rh	HIP-head-m-lh	HIP-head-l-l	HIP-body-l	HIP-tail-lh	THA-VPm-lh	THA-VPl-lh	THA-VAi-lh	THA-VAs-lh	THA-DAm-lh	THA-DAl-lh	PUT-VA-lh	PUT-DA-l	PUT-VP-lh	PUT-DP-lh	CAU-VA-lh	CAU-DA-lh	CAU-body-lh	CAU-tail-lh	lAMY-lh	mAMY-lh	THA-DP-lh	NAc-shell-lh	NAc-core-lh	pGP-lh	aGP-lh
0.10093954205513	0.13433316349983215	0.15527795255184174	0.14469099044799805	0.11562120914459229	0.10954269021749496	0.11488305777311325	0.12539468705654144	0.1292019933462143	0.12071111798286438	0.12639053165912628	0.1445397436618805	0.1278616189956665	0.12704476714134216	0.15632665157318115	0.15459850430488586	0.1707364320755005	0.20141878724098206	0.08593415468931198	0.08666126430034637	0.11101044714450836	0.11355786770582199	0.13008594512939453	0.10863491892814636	0.09495999664068222	0.0914655402302742	0.1240733340382576	0.12641768157482147	0.132979616522789	0.12331944704055786	0.12665672600269318	0.11817286163568497	0.12944146990776062	0.14180029928684235	0.1230926364660263	0.14828461408615112	0.1539721041917801	0.11655168235301971	0.12766534090042114	0.13522526621818542	0.13751991093158722	0.15346316993236542	0.1754584014415741	0.09897951036691666	0.08381286263465881	0.13027127087116241	0.13117894530296326	0.11654279381036758	0.10951275378465652	0.10480573028326035
