HIP-head-m-rh	HIP-head-l-rh	HIP-body-rh	HIP-tail-rh	THA-VPm-rh	THA-VPl-rh	THA-VAi-rh	THA-VAs-rh	THA-DAm-rh	THA-DAl-rh	PUT-VA-rh	PUT-DA-rh	PUT-VP-rh	PUT-DP-rh	CAU-VA-rh	CAU-DA-rh	CAU-body-rh	CAU-tail-rh	lAMY-rh	mAMY-rh	THA-DP-rh	NAc-shell-rh	NAc-core-rh	pGP-rh	aGP-rh	HIP-head-m-lh	HIP-head-l-l	HIP-body-l	HIP-tail-lh	THA-VPm-lh	THA-VPl-lh	THA-VAi-lh	THA-VAs-lh	THA-DAm-lh	THA-DAl-lh	PUT-VA-lh	PUT-DA-l	PUT-VP-lh	PUT-DP-lh	CAU-VA-lh	CAU-DA-lh	CAU-body-lh	CAU-tail-lh	lAMY-lh	mAMY-lh	THA-DP-lh	NAc-shell-lh	NAc-core-lh	pGP-lh	aGP-lh
0.34035682678222656	0.2998310625553131	0.26264092326164246	0.25563496351242065	0.2654232978820801	0.29415881633758545	0.31570544838905334	0.27550235390663147	0.27818477153778076	0.26683884859085083	0.31931769847869873	0.2961338460445404	0.27945059537887573	0.28697410225868225	0.3019307255744934	0.2716687023639679	0.3243119418621063	0.29188305139541626	0.38108083605766296	0.38218700885772705	0.2614741623401642	0.32431748509407043	0.27963319420814514	0.258495569229126	0.30162379145622253	0.39146292209625244	0.3061750531196594	0.2886734902858734	0.2623456120491028	0.29028549790382385	0.28348714113235474	0.30698519945144653	0.29845407605171204	0.28791388869285583	0.27698713541030884	0.29967573285102844	0.3006981611251831	0.3022932708263397	0.29173994064331055	0.29728466272354126	0.27950239181518555	0.2894430160522461	0.2983929514884949	0.3650937080383301	0.3930945098400116	0.2708576023578644	0.3017722964286804	0.2875356376171112	0.2984144389629364	0.3083261251449585
