HIP-head-m-rh	HIP-head-l-rh	HIP-body-rh	HIP-tail-rh	THA-VPm-rh	THA-VPl-rh	THA-VAi-rh	THA-VAs-rh	THA-DAm-rh	THA-DAl-rh	PUT-VA-rh	PUT-DA-rh	PUT-VP-rh	PUT-DP-rh	CAU-VA-rh	CAU-DA-rh	CAU-body-rh	CAU-tail-rh	lAMY-rh	mAMY-rh	THA-DP-rh	NAc-shell-rh	NAc-core-rh	pGP-rh	aGP-rh	HIP-head-m-lh	HIP-head-l-l	HIP-body-l	HIP-tail-lh	THA-VPm-lh	THA-VPl-lh	THA-VAi-lh	THA-VAs-lh	THA-DAm-lh	THA-DAl-lh	PUT-VA-lh	PUT-DA-l	PUT-VP-lh	PUT-DP-lh	CAU-VA-lh	CAU-DA-lh	CAU-body-lh	CAU-tail-lh	lAMY-lh	mAMY-lh	THA-DP-lh	NAc-shell-lh	NAc-core-lh	pGP-lh	aGP-lh
0.3679639995098114	0.297643780708313	0.266677588224411	0.25087276101112366	0.27278491854667664	0.25436505675315857	0.29638850688934326	0.30702340602874756	0.276076078414917	0.26104506850242615	0.3289976119995117	0.28658008575439453	0.2682478129863739	0.2681356370449066	0.30488350987434387	0.2872599959373474	0.2872091829776764	0.2774306535720825	0.3689199686050415	0.4154375195503235	0.2575278878211975	0.3290858864784241	0.2946013808250427	0.2684110999107361	0.284803181886673	0.3645349442958832	0.2982722520828247	0.2948755919933319	0.26492568850517273	0.29971274733543396	0.2655315697193146	0.3131442666053772	0.32273003458976746	0.3074894845485687	0.28845784068107605	0.3117169439792633	0.2896609306335449	0.27571895718574524	0.264632910490036	0.2962711751461029	0.2844494581222534	0.3041051924228668	0.34109437465667725	0.37937384843826294	0.41145968437194824	0.26954254508018494	0.32947641611099243	0.3140661418437958	0.27565932273864746	0.270585298538208
