HIP-head-m-rh	HIP-head-l-rh	HIP-body-rh	HIP-tail-rh	THA-VPm-rh	THA-VPl-rh	THA-VAi-rh	THA-VAs-rh	THA-DAm-rh	THA-DAl-rh	PUT-VA-rh	PUT-DA-rh	PUT-VP-rh	PUT-DP-rh	CAU-VA-rh	CAU-DA-rh	CAU-body-rh	CAU-tail-rh	lAMY-rh	mAMY-rh	THA-DP-rh	NAc-shell-rh	NAc-core-rh	pGP-rh	aGP-rh	HIP-head-m-lh	HIP-head-l-l	HIP-body-l	HIP-tail-lh	THA-VPm-lh	THA-VPl-lh	THA-VAi-lh	THA-VAs-lh	THA-DAm-lh	THA-DAl-lh	PUT-VA-lh	PUT-DA-l	PUT-VP-lh	PUT-DP-lh	CAU-VA-lh	CAU-DA-lh	CAU-body-lh	CAU-tail-lh	lAMY-lh	mAMY-lh	THA-DP-lh	NAc-shell-lh	NAc-core-lh	pGP-lh	aGP-lh
0.4013274312019348	0.2841879725456238	0.28748008608818054	0.30531153082847595	0.3102855086326599	0.30480411648750305	0.3543911278247833	0.3270105719566345	0.3312300145626068	0.37058767676353455	0.32310059666633606	0.2752792537212372	0.2799387574195862	0.2617861330509186	0.302325040102005	0.2620338797569275	0.2835337221622467	0.3055915832519531	0.3541494905948639	0.40113720297813416	0.30007436871528625	0.42823314666748047	0.27263006567955017	0.28783857822418213	0.296619713306427	0.4535980522632599	0.3075138032436371	0.30895060300827026	0.2805037200450897	0.3046441376209259	0.3017120361328125	0.33761119842529297	0.3034422695636749	0.32915353775024414	0.2767021059989929	0.29943469166755676	0.3099445700645447	0.31799665093421936	0.3009457290172577	0.31007659435272217	0.2639192044734955	0.30350571870803833	0.29091617465019226	0.5133739113807678	0.46779975295066833	0.29503709077835083	0.3765656650066376	0.28012779355049133	0.24996238946914673	0.27937236428260803
