HIP-head-m-rh	HIP-head-l-rh	HIP-body-rh	HIP-tail-rh	THA-VPm-rh	THA-VPl-rh	THA-VAi-rh	THA-VAs-rh	THA-DAm-rh	THA-DAl-rh	PUT-VA-rh	PUT-DA-rh	PUT-VP-rh	PUT-DP-rh	CAU-VA-rh	CAU-DA-rh	CAU-body-rh	CAU-tail-rh	lAMY-rh	mAMY-rh	THA-DP-rh	NAc-shell-rh	NAc-core-rh	pGP-rh	aGP-rh	HIP-head-m-lh	HIP-head-l-l	HIP-body-l	HIP-tail-lh	THA-VPm-lh	THA-VPl-lh	THA-VAi-lh	THA-VAs-lh	THA-DAm-lh	THA-DAl-lh	PUT-VA-lh	PUT-DA-l	PUT-VP-lh	PUT-DP-lh	CAU-VA-lh	CAU-DA-lh	CAU-body-lh	CAU-tail-lh	lAMY-lh	mAMY-lh	THA-DP-lh	NAc-shell-lh	NAc-core-lh	pGP-lh	aGP-lh
0.3170255124568939	0.23695240914821625	0.2883532643318176	0.23251967132091522	0.22707606852054596	0.21693509817123413	0.24547263979911804	0.238422691822052	0.2220935970544815	0.22130395472049713	0.27618780732154846	0.24585455656051636	0.22297880053520203	0.23497673869132996	0.24417737126350403	0.23782669007778168	0.22683219611644745	0.22339582443237305	0.2487499862909317	0.35283905267715454	0.23624615371227264	0.2830389440059662	0.2372717708349228	0.2300117015838623	0.23951177299022675	0.2824280858039856	0.2838636040687561	0.24097217619419098	0.2266310155391693	0.24217352271080017	0.21121248602867126	0.25549668073654175	0.243161141872406	0.2287893146276474	0.2258060872554779	0.2729545831680298	0.25815078616142273	0.22310127317905426	0.22240079939365387	0.2577420771121979	0.23479321599006653	0.21758995950222015	0.2377229630947113	0.27494609355926514	0.36275193095207214	0.22658270597457886	0.29286062717437744	0.2618657648563385	0.23552817106246948	0.22653894126415253
