HIP-head-m-rh	HIP-head-l-rh	HIP-body-rh	HIP-tail-rh	THA-VPm-rh	THA-VPl-rh	THA-VAi-rh	THA-VAs-rh	THA-DAm-rh	THA-DAl-rh	PUT-VA-rh	PUT-DA-rh	PUT-VP-rh	PUT-DP-rh	CAU-VA-rh	CAU-DA-rh	CAU-body-rh	CAU-tail-rh	lAMY-rh	mAMY-rh	THA-DP-rh	NAc-shell-rh	NAc-core-rh	pGP-rh	aGP-rh	HIP-head-m-lh	HIP-head-l-l	HIP-body-l	HIP-tail-lh	THA-VPm-lh	THA-VPl-lh	THA-VAi-lh	THA-VAs-lh	THA-DAm-lh	THA-DAl-lh	PUT-VA-lh	PUT-DA-l	PUT-VP-lh	PUT-DP-lh	CAU-VA-lh	CAU-DA-lh	CAU-body-lh	CAU-tail-lh	lAMY-lh	mAMY-lh	THA-DP-lh	NAc-shell-lh	NAc-core-lh	pGP-lh	aGP-lh
0.39985376596450806	0.30899807810783386	0.2852555513381958	0.2632502615451813	0.3021129071712494	0.27525514364242554	0.37285315990448	0.31766951084136963	0.34470537304878235	0.2889041006565094	0.368161678314209	0.3055296838283539	0.35983532667160034	0.30391064286231995	0.365234375	0.3272397518157959	0.27477511763572693	0.28613606095314026	0.38392454385757446	0.43199947476387024	0.3167196810245514	0.326506644487381	0.31610360741615295	0.27012890577316284	0.2804992198944092	0.47075769305229187	0.3524462580680847	0.29556751251220703	0.2873474061489105	0.30014538764953613	0.29457059502601624	0.3377264738082886	0.32654616236686707	0.3354378044605255	0.33683592081069946	0.3109261393547058	0.28478264808654785	0.33626288175582886	0.312862366437912	0.3185393214225769	0.28403109312057495	0.28799888491630554	0.2812386751174927	0.4656076729297638	0.4359976053237915	0.29443567991256714	0.307351678609848	0.28492364287376404	0.32061222195625305	0.29197534918785095
