HIP-head-m-rh	HIP-head-l-rh	HIP-body-rh	HIP-tail-rh	THA-VPm-rh	THA-VPl-rh	THA-VAi-rh	THA-VAs-rh	THA-DAm-rh	THA-DAl-rh	PUT-VA-rh	PUT-DA-rh	PUT-VP-rh	PUT-DP-rh	CAU-VA-rh	CAU-DA-rh	CAU-body-rh	CAU-tail-rh	lAMY-rh	mAMY-rh	THA-DP-rh	NAc-shell-rh	NAc-core-rh	pGP-rh	aGP-rh	HIP-head-m-lh	HIP-head-l-l	HIP-body-l	HIP-tail-lh	THA-VPm-lh	THA-VPl-lh	THA-VAi-lh	THA-VAs-lh	THA-DAm-lh	THA-DAl-lh	PUT-VA-lh	PUT-DA-l	PUT-VP-lh	PUT-DP-lh	CAU-VA-lh	CAU-DA-lh	CAU-body-lh	CAU-tail-lh	lAMY-lh	mAMY-lh	THA-DP-lh	NAc-shell-lh	NAc-core-lh	pGP-lh	aGP-lh
0.6497387290000916	0.6657261252403259	0.6764847040176392	0.47418051958084106	0.3889462649822235	0.34805312752723694	0.4490540623664856	0.4766431748867035	0.5150847434997559	0.3995310664176941	0.5832223892211914	0.4899119734764099	0.49895161390304565	0.46066948771476746	0.516474187374115	0.514704167842865	0.4202977418899536	0.4641609191894531	0.6054759621620178	0.6480277180671692	0.44936519861221313	0.5381543636322021	0.5813660621643066	0.3853229880332947	0.3913481533527374	0.6572250723838806	0.6049935221672058	0.5875256657600403	0.4814276099205017	0.39284747838974	0.34395337104797363	0.43666747212409973	0.5359195470809937	0.475895494222641	0.40043073892593384	0.5091826915740967	0.44203680753707886	0.44947585463523865	0.4154004454612732	0.48642516136169434	0.5115888714790344	0.5081926584243774	0.5045017600059509	0.6133970022201538	0.6470031142234802	0.4242781698703766	0.5244815945625305	0.4697805941104889	0.40166175365448	0.41503867506980896
