HIP-head-m-rh	HIP-head-l-rh	HIP-body-rh	HIP-tail-rh	THA-VPm-rh	THA-VPl-rh	THA-VAi-rh	THA-VAs-rh	THA-DAm-rh	THA-DAl-rh	PUT-VA-rh	PUT-DA-rh	PUT-VP-rh	PUT-DP-rh	CAU-VA-rh	CAU-DA-rh	CAU-body-rh	CAU-tail-rh	lAMY-rh	mAMY-rh	THA-DP-rh	NAc-shell-rh	NAc-core-rh	pGP-rh	aGP-rh	HIP-head-m-lh	HIP-head-l-l	HIP-body-l	HIP-tail-lh	THA-VPm-lh	THA-VPl-lh	THA-VAi-lh	THA-VAs-lh	THA-DAm-lh	THA-DAl-lh	PUT-VA-lh	PUT-DA-l	PUT-VP-lh	PUT-DP-lh	CAU-VA-lh	CAU-DA-lh	CAU-body-lh	CAU-tail-lh	lAMY-lh	mAMY-lh	THA-DP-lh	NAc-shell-lh	NAc-core-lh	pGP-lh	aGP-lh
0.13056480884552002	0.1356966346502304	0.14384956657886505	0.12541070580482483	0.1079903244972229	0.12729395925998688	0.11903320997953415	0.1340443193912506	0.11441290378570557	0.13219718635082245	0.1298893392086029	0.13997697830200195	0.12933620810508728	0.12143194675445557	0.1274493932723999	0.12879757583141327	0.14845603704452515	0.18874509632587433	0.11423075944185257	0.13180074095726013	0.12230582535266876	0.10303076356649399	0.1255798637866974	0.09633462131023407	0.10472361743450165	0.12842318415641785	0.11922858655452728	0.1388540118932724	0.13185809552669525	0.11225195974111557	0.11199114471673965	0.12210116535425186	0.1352587193250656	0.1374439001083374	0.14428678154945374	0.11209738999605179	0.12342992424964905	0.11234752833843231	0.13071708381175995	0.13590538501739502	0.13305167853832245	0.1494579166173935	0.12439484894275665	0.1286258101463318	0.12133987247943878	0.10511333495378494	0.0951051190495491	0.13001775741577148	0.09659755975008011	0.10913778841495514
