HIP-head-m-rh	HIP-head-l-rh	HIP-body-rh	HIP-tail-rh	THA-VPm-rh	THA-VPl-rh	THA-VAi-rh	THA-VAs-rh	THA-DAm-rh	THA-DAl-rh	PUT-VA-rh	PUT-DA-rh	PUT-VP-rh	PUT-DP-rh	CAU-VA-rh	CAU-DA-rh	CAU-body-rh	CAU-tail-rh	lAMY-rh	mAMY-rh	THA-DP-rh	NAc-shell-rh	NAc-core-rh	pGP-rh	aGP-rh	HIP-head-m-lh	HIP-head-l-l	HIP-body-l	HIP-tail-lh	THA-VPm-lh	THA-VPl-lh	THA-VAi-lh	THA-VAs-lh	THA-DAm-lh	THA-DAl-lh	PUT-VA-lh	PUT-DA-l	PUT-VP-lh	PUT-DP-lh	CAU-VA-lh	CAU-DA-lh	CAU-body-lh	CAU-tail-lh	lAMY-lh	mAMY-lh	THA-DP-lh	NAc-shell-lh	NAc-core-lh	pGP-lh	aGP-lh
0.13854347169399261	0.12332160025835037	0.1299895942211151	0.14010781049728394	0.10583452880382538	0.11969111114740372	0.11001507192850113	0.12121493369340897	0.11936910450458527	0.12840603291988373	0.12751685082912445	0.15421736240386963	0.12954923510551453	0.123264379799366	0.1364288032054901	0.13915422558784485	0.13953711092472076	0.18485000729560852	0.1239122524857521	0.11957187950611115	0.10905548185110092	0.11136635392904282	0.09854105114936829	0.09778983145952225	0.10602676868438721	0.12679030001163483	0.10945206880569458	0.12382150441408157	0.14289404451847076	0.10983502864837646	0.09637954086065292	0.11124872416257858	0.13833414018154144	0.13360412418842316	0.13601578772068024	0.1444510817527771	0.11929317563772202	0.11715618520975113	0.11904197931289673	0.1465953141450882	0.1457650512456894	0.17120449244976044	0.12304598838090897	0.12650875747203827	0.12163875252008438	0.09972125291824341	0.09990274161100388	0.1326408088207245	0.09558676928281784	0.09867686778306961
