HIP-head-m-rh	HIP-head-l-rh	HIP-body-rh	HIP-tail-rh	THA-VPm-rh	THA-VPl-rh	THA-VAi-rh	THA-VAs-rh	THA-DAm-rh	THA-DAl-rh	PUT-VA-rh	PUT-DA-rh	PUT-VP-rh	PUT-DP-rh	CAU-VA-rh	CAU-DA-rh	CAU-body-rh	CAU-tail-rh	lAMY-rh	mAMY-rh	THA-DP-rh	NAc-shell-rh	NAc-core-rh	pGP-rh	aGP-rh	HIP-head-m-lh	HIP-head-l-l	HIP-body-l	HIP-tail-lh	THA-VPm-lh	THA-VPl-lh	THA-VAi-lh	THA-VAs-lh	THA-DAm-lh	THA-DAl-lh	PUT-VA-lh	PUT-DA-l	PUT-VP-lh	PUT-DP-lh	CAU-VA-lh	CAU-DA-lh	CAU-body-lh	CAU-tail-lh	lAMY-lh	mAMY-lh	THA-DP-lh	NAc-shell-lh	NAc-core-lh	pGP-lh	aGP-lh
0.119626484811306	0.13653145730495453	0.11993655562400818	0.13722102344036102	0.12599419057369232	0.11654345691204071	0.13307809829711914	0.15638969838619232	0.21389225125312805	0.18931645154953003	0.143162339925766	0.14795666933059692	0.1423686444759369	0.15128597617149353	0.10975892841815948	0.15378768742084503	0.17125074565410614	0.14349310100078583	0.1280175894498825	0.13096243143081665	0.13695743680000305	0.1237655058503151	0.10451209545135498	0.12109634280204773	0.12182322144508362	0.12104684859514236	0.14545579254627228	0.13858047127723694	0.17835311591625214	0.14766034483909607	0.15171582996845245	0.1240478977560997	0.1464235633611679	0.21456897258758545	0.17041409015655518	0.10977593064308167	0.14534638822078705	0.16408959031105042	0.15002280473709106	0.13783735036849976	0.17898304760456085	0.1761525571346283	0.18783527612686157	0.1274872124195099	0.11853485554456711	0.14576807618141174	0.12293517589569092	0.10662440955638885	0.11551790684461594	0.10180620849132538
