HIP-head-m-rh	HIP-head-l-rh	HIP-body-rh	HIP-tail-rh	THA-VPm-rh	THA-VPl-rh	THA-VAi-rh	THA-VAs-rh	THA-DAm-rh	THA-DAl-rh	PUT-VA-rh	PUT-DA-rh	PUT-VP-rh	PUT-DP-rh	CAU-VA-rh	CAU-DA-rh	CAU-body-rh	CAU-tail-rh	lAMY-rh	mAMY-rh	THA-DP-rh	NAc-shell-rh	NAc-core-rh	pGP-rh	aGP-rh	HIP-head-m-lh	HIP-head-l-l	HIP-body-l	HIP-tail-lh	THA-VPm-lh	THA-VPl-lh	THA-VAi-lh	THA-VAs-lh	THA-DAm-lh	THA-DAl-lh	PUT-VA-lh	PUT-DA-l	PUT-VP-lh	PUT-DP-lh	CAU-VA-lh	CAU-DA-lh	CAU-body-lh	CAU-tail-lh	lAMY-lh	mAMY-lh	THA-DP-lh	NAc-shell-lh	NAc-core-lh	pGP-lh	aGP-lh
0.5994588732719421	0.3935512900352478	0.40737125277519226	0.35222676396369934	0.3606279790401459	0.6450692415237427	0.48362109065055847	0.45439237356185913	0.37003087997436523	0.3888380229473114	0.39595991373062134	0.46427780389785767	0.5173225402832031	0.4086702764034271	0.4593641459941864	0.456325501203537	0.40870073437690735	0.3694275915622711	0.6960208415985107	0.7241339087486267	0.48175758123397827	0.3792322278022766	0.40848055481910706	0.5113272666931152	0.410460889339447	0.6556554436683655	0.5404728651046753	0.39845603704452515	0.3537888526916504	0.3341008126735687	0.3340959846973419	0.4120931625366211	0.45673659443855286	0.40711238980293274	0.3698590099811554	0.3670021593570709	0.35638904571533203	0.4462178349494934	0.3614320158958435	0.4092397689819336	0.39633700251579285	0.3632603585720062	0.37917017936706543	0.49461811780929565	0.6382436752319336	0.35517430305480957	0.40871864557266235	0.31557780504226685	0.3330847918987274	0.33988675475120544
