HIP-head-m-rh	HIP-head-l-rh	HIP-body-rh	HIP-tail-rh	THA-VPm-rh	THA-VPl-rh	THA-VAi-rh	THA-VAs-rh	THA-DAm-rh	THA-DAl-rh	PUT-VA-rh	PUT-DA-rh	PUT-VP-rh	PUT-DP-rh	CAU-VA-rh	CAU-DA-rh	CAU-body-rh	CAU-tail-rh	lAMY-rh	mAMY-rh	THA-DP-rh	NAc-shell-rh	NAc-core-rh	pGP-rh	aGP-rh	HIP-head-m-lh	HIP-head-l-l	HIP-body-l	HIP-tail-lh	THA-VPm-lh	THA-VPl-lh	THA-VAi-lh	THA-VAs-lh	THA-DAm-lh	THA-DAl-lh	PUT-VA-lh	PUT-DA-l	PUT-VP-lh	PUT-DP-lh	CAU-VA-lh	CAU-DA-lh	CAU-body-lh	CAU-tail-lh	lAMY-lh	mAMY-lh	THA-DP-lh	NAc-shell-lh	NAc-core-lh	pGP-lh	aGP-lh
0.12167332321405411	0.15839065611362457	0.1562536060810089	0.15612328052520752	0.13253934681415558	0.14887528121471405	0.14614418148994446	0.1525142639875412	0.17596155405044556	0.19211775064468384	0.14272703230381012	0.17015878856182098	0.17385868728160858	0.16385075449943542	0.1816202998161316	0.13332252204418182	0.16551880538463593	0.17508023977279663	0.151828333735466	0.1317577064037323	0.155568927526474	0.11973793059587479	0.13454952836036682	0.11788468807935715	0.13236527144908905	0.12427403777837753	0.1335366666316986	0.14690375328063965	0.18406876921653748	0.13237039744853973	0.17027999460697174	0.138181671500206	0.1336539089679718	0.20750445127487183	0.15758059918880463	0.16043780744075775	0.17293225228786469	0.1641150563955307	0.15349918603897095	0.16678285598754883	0.13419491052627563	0.16431954503059387	0.1372288316488266	0.14862270653247833	0.11040404438972473	0.1507105529308319	0.14435043931007385	0.18825148046016693	0.11033674329519272	0.1297226846218109
