HIP-head-m-rh	HIP-head-l-rh	HIP-body-rh	HIP-tail-rh	THA-VPm-rh	THA-VPl-rh	THA-VAi-rh	THA-VAs-rh	THA-DAm-rh	THA-DAl-rh	PUT-VA-rh	PUT-DA-rh	PUT-VP-rh	PUT-DP-rh	CAU-VA-rh	CAU-DA-rh	CAU-body-rh	CAU-tail-rh	lAMY-rh	mAMY-rh	THA-DP-rh	NAc-shell-rh	NAc-core-rh	pGP-rh	aGP-rh	HIP-head-m-lh	HIP-head-l-l	HIP-body-l	HIP-tail-lh	THA-VPm-lh	THA-VPl-lh	THA-VAi-lh	THA-VAs-lh	THA-DAm-lh	THA-DAl-lh	PUT-VA-lh	PUT-DA-l	PUT-VP-lh	PUT-DP-lh	CAU-VA-lh	CAU-DA-lh	CAU-body-lh	CAU-tail-lh	lAMY-lh	mAMY-lh	THA-DP-lh	NAc-shell-lh	NAc-core-lh	pGP-lh	aGP-lh
0.3634670376777649	0.33886298537254333	0.3290216326713562	0.2976263165473938	0.3156176507472992	0.3023931682109833	0.33807194232940674	0.3296048939228058	0.32713615894317627	0.3283819854259491	0.34377121925354004	0.33005398511886597	0.3258545398712158	0.31549423933029175	0.34348198771476746	0.3085935115814209	0.34321147203445435	0.3455488085746765	0.37922802567481995	0.4653911292552948	0.31181371212005615	0.35666149854660034	0.31869956851005554	0.30268970131874084	0.30690640211105347	0.42767301201820374	0.3884134888648987	0.3180232644081116	0.32167714834213257	0.3015531599521637	0.31761741638183594	0.3552227318286896	0.35109540820121765	0.34348204731941223	0.35042157769203186	0.3945908546447754	0.3481713533401489	0.32024645805358887	0.3186236321926117	0.389810711145401	0.34528234601020813	0.35613393783569336	0.40294796228408813	0.4717293381690979	0.4446420967578888	0.3169080317020416	0.41028231382369995	0.3856247663497925	0.30237895250320435	0.35525813698768616
