HIP-head-m-rh	HIP-head-l-rh	HIP-body-rh	HIP-tail-rh	THA-VPm-rh	THA-VPl-rh	THA-VAi-rh	THA-VAs-rh	THA-DAm-rh	THA-DAl-rh	PUT-VA-rh	PUT-DA-rh	PUT-VP-rh	PUT-DP-rh	CAU-VA-rh	CAU-DA-rh	CAU-body-rh	CAU-tail-rh	lAMY-rh	mAMY-rh	THA-DP-rh	NAc-shell-rh	NAc-core-rh	pGP-rh	aGP-rh	HIP-head-m-lh	HIP-head-l-l	HIP-body-l	HIP-tail-lh	THA-VPm-lh	THA-VPl-lh	THA-VAi-lh	THA-VAs-lh	THA-DAm-lh	THA-DAl-lh	PUT-VA-lh	PUT-DA-l	PUT-VP-lh	PUT-DP-lh	CAU-VA-lh	CAU-DA-lh	CAU-body-lh	CAU-tail-lh	lAMY-lh	mAMY-lh	THA-DP-lh	NAc-shell-lh	NAc-core-lh	pGP-lh	aGP-lh
0.13947999477386475	0.16920697689056396	0.12970781326293945	0.14016105234622955	0.1366311013698578	0.12717710435390472	0.12508146464824677	0.13824817538261414	0.159939706325531	0.12177953869104385	0.12569811940193176	0.12811467051506042	0.14109216630458832	0.12824377417564392	0.13185065984725952	0.13486149907112122	0.1214597225189209	0.14190226793289185	0.13555821776390076	0.14220786094665527	0.1352580040693283	0.11250026524066925	0.1416655033826828	0.1334453821182251	0.11052481085062027	0.13542604446411133	0.11965880542993546	0.12787169218063354	0.12440591305494308	0.11679056286811829	0.11193686723709106	0.13022327423095703	0.14791862666606903	0.14371110498905182	0.13261453807353973	0.13983412086963654	0.11806173622608185	0.12992072105407715	0.12852895259857178	0.13893449306488037	0.1340639442205429	0.14453476667404175	0.1470414102077484	0.13045856356620789	0.14265182614326477	0.11735262721776962	0.10920039564371109	0.1274968385696411	0.10404849797487259	0.11215639114379883
