HIP-head-m-rh	HIP-head-l-rh	HIP-body-rh	HIP-tail-rh	THA-VPm-rh	THA-VPl-rh	THA-VAi-rh	THA-VAs-rh	THA-DAm-rh	THA-DAl-rh	PUT-VA-rh	PUT-DA-rh	PUT-VP-rh	PUT-DP-rh	CAU-VA-rh	CAU-DA-rh	CAU-body-rh	CAU-tail-rh	lAMY-rh	mAMY-rh	THA-DP-rh	NAc-shell-rh	NAc-core-rh	pGP-rh	aGP-rh	HIP-head-m-lh	HIP-head-l-l	HIP-body-l	HIP-tail-lh	THA-VPm-lh	THA-VPl-lh	THA-VAi-lh	THA-VAs-lh	THA-DAm-lh	THA-DAl-lh	PUT-VA-lh	PUT-DA-l	PUT-VP-lh	PUT-DP-lh	CAU-VA-lh	CAU-DA-lh	CAU-body-lh	CAU-tail-lh	lAMY-lh	mAMY-lh	THA-DP-lh	NAc-shell-lh	NAc-core-lh	pGP-lh	aGP-lh
0.1006174087524414	0.11396647244691849	0.10550331324338913	0.13559284806251526	0.1040588840842247	0.10905814915895462	0.10560712963342667	0.12863454222679138	0.1296232044696808	0.10985955595970154	0.11877130717039108	0.12316546589136124	0.13275568187236786	0.1326962262392044	0.15205249190330505	0.14172133803367615	0.1621110737323761	0.15224120020866394	0.10318063944578171	0.1047370582818985	0.13013406097888947	0.10999682545661926	0.11057477444410324	0.12350808084011078	0.12187668681144714	0.11710613965988159	0.12791164219379425	0.12520410120487213	0.12960109114646912	0.10608896613121033	0.10954434424638748	0.10595160722732544	0.12372539192438126	0.12359211593866348	0.10902000218629837	0.1234981045126915	0.14010103046894073	0.13571350276470184	0.12661871314048767	0.1821099817752838	0.17748039960861206	0.18828821182250977	0.17747272551059723	0.12027392536401749	0.13638468086719513	0.12190550565719604	0.12482170015573502	0.14830604195594788	0.09996505826711655	0.11271052062511444
