HIP-head-m-rh	HIP-head-l-rh	HIP-body-rh	HIP-tail-rh	THA-VPm-rh	THA-VPl-rh	THA-VAi-rh	THA-VAs-rh	THA-DAm-rh	THA-DAl-rh	PUT-VA-rh	PUT-DA-rh	PUT-VP-rh	PUT-DP-rh	CAU-VA-rh	CAU-DA-rh	CAU-body-rh	CAU-tail-rh	lAMY-rh	mAMY-rh	THA-DP-rh	NAc-shell-rh	NAc-core-rh	pGP-rh	aGP-rh	HIP-head-m-lh	HIP-head-l-l	HIP-body-l	HIP-tail-lh	THA-VPm-lh	THA-VPl-lh	THA-VAi-lh	THA-VAs-lh	THA-DAm-lh	THA-DAl-lh	PUT-VA-lh	PUT-DA-l	PUT-VP-lh	PUT-DP-lh	CAU-VA-lh	CAU-DA-lh	CAU-body-lh	CAU-tail-lh	lAMY-lh	mAMY-lh	THA-DP-lh	NAc-shell-lh	NAc-core-lh	pGP-lh	aGP-lh
0.12954601645469666	0.15046758949756622	0.17951107025146484	0.18049933016300201	0.12223993986845016	0.1346205472946167	0.1260634958744049	0.1365869790315628	0.14016593992710114	0.13930869102478027	0.11356700956821442	0.12520599365234375	0.14084920287132263	0.13096213340759277	0.1698409467935562	0.16147533059120178	0.16187286376953125	0.1537828892469406	0.11934204399585724	0.12526282668113708	0.13449527323246002	0.11894501000642776	0.17344433069229126	0.1000814288854599	0.11016438901424408	0.13639360666275024	0.15497684478759766	0.18709562718868256	0.18543724715709686	0.1549764722585678	0.12657706439495087	0.13217805325984955	0.14211405813694	0.14945589005947113	0.13748666644096375	0.14058621227741241	0.11801335960626602	0.1406489908695221	0.13058100640773773	0.13600501418113708	0.16036953032016754	0.14119410514831543	0.18812671303749084	0.10366958379745483	0.12448213249444962	0.13695408403873444	0.13149814307689667	0.22396491467952728	0.1197434738278389	0.10893844068050385
