HIP-head-m-rh	HIP-head-l-rh	HIP-body-rh	HIP-tail-rh	THA-VPm-rh	THA-VPl-rh	THA-VAi-rh	THA-VAs-rh	THA-DAm-rh	THA-DAl-rh	PUT-VA-rh	PUT-DA-rh	PUT-VP-rh	PUT-DP-rh	CAU-VA-rh	CAU-DA-rh	CAU-body-rh	CAU-tail-rh	lAMY-rh	mAMY-rh	THA-DP-rh	NAc-shell-rh	NAc-core-rh	pGP-rh	aGP-rh	HIP-head-m-lh	HIP-head-l-l	HIP-body-l	HIP-tail-lh	THA-VPm-lh	THA-VPl-lh	THA-VAi-lh	THA-VAs-lh	THA-DAm-lh	THA-DAl-lh	PUT-VA-lh	PUT-DA-l	PUT-VP-lh	PUT-DP-lh	CAU-VA-lh	CAU-DA-lh	CAU-body-lh	CAU-tail-lh	lAMY-lh	mAMY-lh	THA-DP-lh	NAc-shell-lh	NAc-core-lh	pGP-lh	aGP-lh
0.35996904969215393	0.27864888310432434	0.28950032591819763	0.280865877866745	0.2640496790409088	0.2713750898838043	0.3197978436946869	0.3070932924747467	0.287529319524765	0.2930297553539276	0.3097931444644928	0.31266000866889954	0.300223171710968	0.3049076795578003	0.3016505837440491	0.2836211919784546	0.2788372337818146	0.2977447509765625	0.38697272539138794	0.36851730942726135	0.27597692608833313	0.3620164692401886	0.30039486289024353	0.2739623486995697	0.2813622057437897	0.36105620861053467	0.25737735629081726	0.2855532467365265	0.26128333806991577	0.26980891823768616	0.28503745794296265	0.3295603096485138	0.32039153575897217	0.2941053509712219	0.2994391918182373	0.3169354796409607	0.32804399728775024	0.27026188373565674	0.3010702133178711	0.2994924485683441	0.2796455919742584	0.3079403042793274	0.3227134048938751	0.38082438707351685	0.34081926941871643	0.26728367805480957	0.3483022451400757	0.30161961913108826	0.27883338928222656	0.28618934750556946
