HIP-head-m-rh	HIP-head-l-rh	HIP-body-rh	HIP-tail-rh	THA-VPm-rh	THA-VPl-rh	THA-VAi-rh	THA-VAs-rh	THA-DAm-rh	THA-DAl-rh	PUT-VA-rh	PUT-DA-rh	PUT-VP-rh	PUT-DP-rh	CAU-VA-rh	CAU-DA-rh	CAU-body-rh	CAU-tail-rh	lAMY-rh	mAMY-rh	THA-DP-rh	NAc-shell-rh	NAc-core-rh	pGP-rh	aGP-rh	HIP-head-m-lh	HIP-head-l-l	HIP-body-l	HIP-tail-lh	THA-VPm-lh	THA-VPl-lh	THA-VAi-lh	THA-VAs-lh	THA-DAm-lh	THA-DAl-lh	PUT-VA-lh	PUT-DA-l	PUT-VP-lh	PUT-DP-lh	CAU-VA-lh	CAU-DA-lh	CAU-body-lh	CAU-tail-lh	lAMY-lh	mAMY-lh	THA-DP-lh	NAc-shell-lh	NAc-core-lh	pGP-lh	aGP-lh
0.3450859487056732	0.31615737080574036	0.2539057433605194	0.2633536458015442	0.27048420906066895	0.25383296608924866	0.2684190571308136	0.2644082009792328	0.26112714409828186	0.25710269808769226	0.26723554730415344	0.25215238332748413	0.2671155333518982	0.25090491771698	0.2719481289386749	0.2507719099521637	0.2628200948238373	0.2538095712661743	0.31256595253944397	0.35321351885795593	0.2643861472606659	0.29098090529441833	0.2590195834636688	0.2819823920726776	0.2811947464942932	0.30968981981277466	0.2640032470226288	0.24768950045108795	0.23996783792972565	0.25482112169265747	0.24224115908145905	0.28250280022621155	0.26815304160118103	0.24998579919338226	0.2505019009113312	0.28744667768478394	0.2932908535003662	0.3365027904510498	0.3219594359397888	0.2686539888381958	0.26152098178863525	0.2735307812690735	0.29444077610969543	0.32320350408554077	0.3333318829536438	0.25169676542282104	0.26887625455856323	0.2678719758987427	0.30271103978157043	0.2671384811401367
