HIP-head-m-rh	HIP-head-l-rh	HIP-body-rh	HIP-tail-rh	THA-VPm-rh	THA-VPl-rh	THA-VAi-rh	THA-VAs-rh	THA-DAm-rh	THA-DAl-rh	PUT-VA-rh	PUT-DA-rh	PUT-VP-rh	PUT-DP-rh	CAU-VA-rh	CAU-DA-rh	CAU-body-rh	CAU-tail-rh	lAMY-rh	mAMY-rh	THA-DP-rh	NAc-shell-rh	NAc-core-rh	pGP-rh	aGP-rh	HIP-head-m-lh	HIP-head-l-l	HIP-body-l	HIP-tail-lh	THA-VPm-lh	THA-VPl-lh	THA-VAi-lh	THA-VAs-lh	THA-DAm-lh	THA-DAl-lh	PUT-VA-lh	PUT-DA-l	PUT-VP-lh	PUT-DP-lh	CAU-VA-lh	CAU-DA-lh	CAU-body-lh	CAU-tail-lh	lAMY-lh	mAMY-lh	THA-DP-lh	NAc-shell-lh	NAc-core-lh	pGP-lh	aGP-lh
0.11526776105165482	0.13929803669452667	0.1307046264410019	0.15977177023887634	0.10548090189695358	0.11036605387926102	0.10339444875717163	0.11595419049263	0.12504291534423828	0.11362236738204956	0.1208457425236702	0.13173525035381317	0.13076342642307281	0.1200241893529892	0.1149095892906189	0.1322694569826126	0.14711742103099823	0.15618306398391724	0.16498208045959473	0.11673355847597122	0.11870914697647095	0.10232885181903839	0.11845982074737549	0.11262089014053345	0.12174445390701294	0.12416686117649078	0.16022472083568573	0.1491517275571823	0.13509899377822876	0.11106407642364502	0.10872068256139755	0.10554459691047668	0.1133129671216011	0.13018983602523804	0.10582765936851501	0.112625852227211	0.1182439774274826	0.12534357607364655	0.11823414266109467	0.1370892971754074	0.13442668318748474	0.147532120347023	0.13113544881343842	0.16665568947792053	0.13581222295761108	0.12772227823734283	0.11446505784988403	0.11987731605768204	0.09569161385297775	0.12534986436367035
