HIP-head-m-rh	HIP-head-l-rh	HIP-body-rh	HIP-tail-rh	THA-VPm-rh	THA-VPl-rh	THA-VAi-rh	THA-VAs-rh	THA-DAm-rh	THA-DAl-rh	PUT-VA-rh	PUT-DA-rh	PUT-VP-rh	PUT-DP-rh	CAU-VA-rh	CAU-DA-rh	CAU-body-rh	CAU-tail-rh	lAMY-rh	mAMY-rh	THA-DP-rh	NAc-shell-rh	NAc-core-rh	pGP-rh	aGP-rh	HIP-head-m-lh	HIP-head-l-l	HIP-body-l	HIP-tail-lh	THA-VPm-lh	THA-VPl-lh	THA-VAi-lh	THA-VAs-lh	THA-DAm-lh	THA-DAl-lh	PUT-VA-lh	PUT-DA-l	PUT-VP-lh	PUT-DP-lh	CAU-VA-lh	CAU-DA-lh	CAU-body-lh	CAU-tail-lh	lAMY-lh	mAMY-lh	THA-DP-lh	NAc-shell-lh	NAc-core-lh	pGP-lh	aGP-lh
0.3350115120410919	0.3011132776737213	0.26909926533699036	0.2381838709115982	0.2658573389053345	0.24214385449886322	0.30313482880592346	0.25380682945251465	0.25341925024986267	0.24768085777759552	0.30827081203460693	0.2751060128211975	0.3150436282157898	0.2794872224330902	0.2891181409358978	0.3199561536312103	0.3065248727798462	0.2696222960948944	0.3410753905773163	0.473202109336853	0.25164729356765747	0.349673867225647	0.31030410528182983	0.2829645276069641	0.29733067750930786	0.41482651233673096	0.3347325921058655	0.2752853035926819	0.2577819526195526	0.282802939414978	0.26507237553596497	0.2903497517108917	0.2582913637161255	0.2525959610939026	0.2706829011440277	0.3056376576423645	0.2826962471008301	0.3275718688964844	0.29708582162857056	0.29145631194114685	0.33460333943367004	0.3346349895000458	0.2654057443141937	0.3733130991458893	0.40078005194664	0.25809869170188904	0.3215952515602112	0.3039332926273346	0.29728996753692627	0.2937885522842407
