HIP-head-m-rh	HIP-head-l-rh	HIP-body-rh	HIP-tail-rh	THA-VPm-rh	THA-VPl-rh	THA-VAi-rh	THA-VAs-rh	THA-DAm-rh	THA-DAl-rh	PUT-VA-rh	PUT-DA-rh	PUT-VP-rh	PUT-DP-rh	CAU-VA-rh	CAU-DA-rh	CAU-body-rh	CAU-tail-rh	lAMY-rh	mAMY-rh	THA-DP-rh	NAc-shell-rh	NAc-core-rh	pGP-rh	aGP-rh	HIP-head-m-lh	HIP-head-l-l	HIP-body-l	HIP-tail-lh	THA-VPm-lh	THA-VPl-lh	THA-VAi-lh	THA-VAs-lh	THA-DAm-lh	THA-DAl-lh	PUT-VA-lh	PUT-DA-l	PUT-VP-lh	PUT-DP-lh	CAU-VA-lh	CAU-DA-lh	CAU-body-lh	CAU-tail-lh	lAMY-lh	mAMY-lh	THA-DP-lh	NAc-shell-lh	NAc-core-lh	pGP-lh	aGP-lh
0.7544254064559937	0.6729102730751038	0.6884016990661621	0.5100063681602478	0.5079314112663269	0.5042781829833984	0.6522439122200012	0.6254978775978088	0.6504718661308289	0.5064601898193359	0.593302845954895	0.6286240220069885	0.6795527935028076	0.5392293334007263	0.5508545637130737	0.5652982592582703	0.7207080721855164	0.7600705623626709	0.8041957020759583	1.1946754455566406	0.543578028678894	0.6290054321289062	0.556669294834137	0.6331391930580139	0.5887395143508911	0.6960375905036926	0.6517753005027771	0.5514838695526123	0.5191423892974854	0.43524232506752014	0.4348808825016022	0.567031741142273	0.7089837789535522	0.6405820846557617	0.5643479228019714	0.5850619673728943	0.5714848637580872	0.5799561738967896	0.5013076066970825	0.53830885887146	0.5518457889556885	0.7013007402420044	0.6893031001091003	0.5758035182952881	0.8550783395767212	0.4490697383880615	0.5586662888526917	0.5744714140892029	0.49220138788223267	0.5181149244308472
