HIP-head-m-rh	HIP-head-l-rh	HIP-body-rh	HIP-tail-rh	THA-VPm-rh	THA-VPl-rh	THA-VAi-rh	THA-VAs-rh	THA-DAm-rh	THA-DAl-rh	PUT-VA-rh	PUT-DA-rh	PUT-VP-rh	PUT-DP-rh	CAU-VA-rh	CAU-DA-rh	CAU-body-rh	CAU-tail-rh	lAMY-rh	mAMY-rh	THA-DP-rh	NAc-shell-rh	NAc-core-rh	pGP-rh	aGP-rh	HIP-head-m-lh	HIP-head-l-l	HIP-body-l	HIP-tail-lh	THA-VPm-lh	THA-VPl-lh	THA-VAi-lh	THA-VAs-lh	THA-DAm-lh	THA-DAl-lh	PUT-VA-lh	PUT-DA-l	PUT-VP-lh	PUT-DP-lh	CAU-VA-lh	CAU-DA-lh	CAU-body-lh	CAU-tail-lh	lAMY-lh	mAMY-lh	THA-DP-lh	NAc-shell-lh	NAc-core-lh	pGP-lh	aGP-lh
0.11599884182214737	0.12539374828338623	0.13853828608989716	0.12016075849533081	0.09115305542945862	0.10077132284641266	0.10083391517400742	0.12882502377033234	0.09716694056987762	0.0961855947971344	0.16885213553905487	0.18313632905483246	0.1632450520992279	0.15085217356681824	0.16052506864070892	0.20295894145965576	0.19229654967784882	0.1483735591173172	0.10343404859304428	0.1258048713207245	0.10485794395208359	0.0982588455080986	0.1262783259153366	0.10864820331335068	0.11055868864059448	0.1128840371966362	0.12350098788738251	0.1142788752913475	0.11470930278301239	0.09704707562923431	0.08778826892375946	0.10987555235624313	0.12546078860759735	0.1150311529636383	0.09234394133090973	0.14689192175865173	0.18495666980743408	0.15515702962875366	0.14951090514659882	0.13955546915531158	0.21193645894527435	0.1945551484823227	0.17630185186862946	0.11112327128648758	0.1340685486793518	0.09825439751148224	0.10184384882450104	0.14877301454544067	0.10836632549762726	0.11776180565357208
