HIP-head-m-rh	HIP-head-l-rh	HIP-body-rh	HIP-tail-rh	THA-VPm-rh	THA-VPl-rh	THA-VAi-rh	THA-VAs-rh	THA-DAm-rh	THA-DAl-rh	PUT-VA-rh	PUT-DA-rh	PUT-VP-rh	PUT-DP-rh	CAU-VA-rh	CAU-DA-rh	CAU-body-rh	CAU-tail-rh	lAMY-rh	mAMY-rh	THA-DP-rh	NAc-shell-rh	NAc-core-rh	pGP-rh	aGP-rh	HIP-head-m-lh	HIP-head-l-l	HIP-body-l	HIP-tail-lh	THA-VPm-lh	THA-VPl-lh	THA-VAi-lh	THA-VAs-lh	THA-DAm-lh	THA-DAl-lh	PUT-VA-lh	PUT-DA-l	PUT-VP-lh	PUT-DP-lh	CAU-VA-lh	CAU-DA-lh	CAU-body-lh	CAU-tail-lh	lAMY-lh	mAMY-lh	THA-DP-lh	NAc-shell-lh	NAc-core-lh	pGP-lh	aGP-lh
0.09128807485103607	0.10128483921289444	0.10883310437202454	0.1502760350704193	0.09559830278158188	0.10005859285593033	0.09813347458839417	0.10617006570100784	0.12855245172977448	0.10790074616670609	0.10426151007413864	0.1192074716091156	0.11462461203336716	0.1130312830209732	0.12238365411758423	0.10980072617530823	0.11965487152338028	0.11540575325489044	0.09496357291936874	0.09742841869592667	0.10889620333909988	0.0903499647974968	0.10132847726345062	0.08136965334415436	0.11072863638401031	0.10583117604255676	0.11154749989509583	0.12605714797973633	0.13800394535064697	0.10809189826250076	0.09948746114969254	0.10305279493331909	0.11441522091627121	0.14700087904930115	0.11153151839971542	0.11539307981729507	0.1194230392575264	0.10919582843780518	0.11065378040075302	0.12314116954803467	0.12457693368196487	0.11905670911073685	0.12174785137176514	0.09158675372600555	0.09311708062887192	0.1252320110797882	0.10540435463190079	0.09517360478639603	0.08682715147733688	0.11646901071071625
