HIP-head-m-rh	HIP-head-l-rh	HIP-body-rh	HIP-tail-rh	THA-VPm-rh	THA-VPl-rh	THA-VAi-rh	THA-VAs-rh	THA-DAm-rh	THA-DAl-rh	PUT-VA-rh	PUT-DA-rh	PUT-VP-rh	PUT-DP-rh	CAU-VA-rh	CAU-DA-rh	CAU-body-rh	CAU-tail-rh	lAMY-rh	mAMY-rh	THA-DP-rh	NAc-shell-rh	NAc-core-rh	pGP-rh	aGP-rh	HIP-head-m-lh	HIP-head-l-l	HIP-body-l	HIP-tail-lh	THA-VPm-lh	THA-VPl-lh	THA-VAi-lh	THA-VAs-lh	THA-DAm-lh	THA-DAl-lh	PUT-VA-lh	PUT-DA-l	PUT-VP-lh	PUT-DP-lh	CAU-VA-lh	CAU-DA-lh	CAU-body-lh	CAU-tail-lh	lAMY-lh	mAMY-lh	THA-DP-lh	NAc-shell-lh	NAc-core-lh	pGP-lh	aGP-lh
0.3510075509548187	0.28347766399383545	0.30630481243133545	0.2655675709247589	0.28617340326309204	0.26766830682754517	0.28373846411705017	0.24908289313316345	0.2790879011154175	0.26018771529197693	0.28859975934028625	0.28169307112693787	0.2777186334133148	0.2635267972946167	0.27972322702407837	0.2640352249145508	0.26356059312820435	0.24338744580745697	0.2942658066749573	0.3112662732601166	0.2763259708881378	0.30762940645217896	0.25293660163879395	0.29363587498664856	0.29371699690818787	0.35269081592559814	0.2962360978126526	0.3036631643772125	0.24931244552135468	0.2884659469127655	0.2705974876880646	0.31141749024391174	0.2843044102191925	0.269162654876709	0.2451239675283432	0.2885991334915161	0.2935389280319214	0.26268768310546875	0.2620527744293213	0.2612989842891693	0.2520780563354492	0.26287806034088135	0.25393468141555786	0.3288179934024811	0.3484100103378296	0.2654673159122467	0.30814704298973083	0.2568857967853546	0.2553846836090088	0.31296396255493164
