HIP-head-m-rh	HIP-head-l-rh	HIP-body-rh	HIP-tail-rh	THA-VPm-rh	THA-VPl-rh	THA-VAi-rh	THA-VAs-rh	THA-DAm-rh	THA-DAl-rh	PUT-VA-rh	PUT-DA-rh	PUT-VP-rh	PUT-DP-rh	CAU-VA-rh	CAU-DA-rh	CAU-body-rh	CAU-tail-rh	lAMY-rh	mAMY-rh	THA-DP-rh	NAc-shell-rh	NAc-core-rh	pGP-rh	aGP-rh	HIP-head-m-lh	HIP-head-l-l	HIP-body-l	HIP-tail-lh	THA-VPm-lh	THA-VPl-lh	THA-VAi-lh	THA-VAs-lh	THA-DAm-lh	THA-DAl-lh	PUT-VA-lh	PUT-DA-l	PUT-VP-lh	PUT-DP-lh	CAU-VA-lh	CAU-DA-lh	CAU-body-lh	CAU-tail-lh	lAMY-lh	mAMY-lh	THA-DP-lh	NAc-shell-lh	NAc-core-lh	pGP-lh	aGP-lh
0.33448097109794617	0.2651823163032532	0.2812518775463104	0.2339109629392624	0.2584093511104584	0.24958930909633636	0.24360303580760956	0.22102467715740204	0.2500303387641907	0.2235509157180786	0.2583663761615753	0.2509802579879761	0.23670098185539246	0.2229740172624588	0.24801552295684814	0.23120690882205963	0.22040343284606934	0.21053284406661987	0.2513566017150879	0.28298258781433105	0.2363479882478714	0.2930384576320648	0.22661423683166504	0.2420341521501541	0.2720932960510254	0.3494730591773987	0.2893868386745453	0.29818108677864075	0.23065713047981262	0.26274770498275757	0.2235143631696701	0.31169164180755615	0.2559080421924591	0.24334456026554108	0.2178027629852295	0.2572213411331177	0.2514752447605133	0.2362060248851776	0.22779391705989838	0.24209818243980408	0.21636642515659332	0.23453757166862488	0.21556740999221802	0.3031732141971588	0.3337889015674591	0.2368316948413849	0.27154070138931274	0.22207269072532654	0.2233729511499405	0.3044092655181885
