HIP-head-m-rh	HIP-head-l-rh	HIP-body-rh	HIP-tail-rh	THA-VPm-rh	THA-VPl-rh	THA-VAi-rh	THA-VAs-rh	THA-DAm-rh	THA-DAl-rh	PUT-VA-rh	PUT-DA-rh	PUT-VP-rh	PUT-DP-rh	CAU-VA-rh	CAU-DA-rh	CAU-body-rh	CAU-tail-rh	lAMY-rh	mAMY-rh	THA-DP-rh	NAc-shell-rh	NAc-core-rh	pGP-rh	aGP-rh	HIP-head-m-lh	HIP-head-l-l	HIP-body-l	HIP-tail-lh	THA-VPm-lh	THA-VPl-lh	THA-VAi-lh	THA-VAs-lh	THA-DAm-lh	THA-DAl-lh	PUT-VA-lh	PUT-DA-l	PUT-VP-lh	PUT-DP-lh	CAU-VA-lh	CAU-DA-lh	CAU-body-lh	CAU-tail-lh	lAMY-lh	mAMY-lh	THA-DP-lh	NAc-shell-lh	NAc-core-lh	pGP-lh	aGP-lh
0.14096860587596893	0.1398543119430542	0.13721488416194916	0.16920913755893707	0.12848234176635742	0.13114142417907715	0.15530610084533691	0.1456533819437027	0.13757821917533875	0.136622816324234	0.16513940691947937	0.19692714512348175	0.2068871408700943	0.22431059181690216	0.21996688842773438	0.19901953637599945	0.22759124636650085	0.15493454039096832	0.15595148503780365	0.12632334232330322	0.11257918179035187	0.11638947576284409	0.1789693683385849	0.14337873458862305	0.12270159274339676	0.1488846391439438	0.17594686150550842	0.16036991775035858	0.1505667269229889	0.14772339165210724	0.15502186119556427	0.1361226737499237	0.14070719480514526	0.1358499526977539	0.11959550529718399	0.1719568818807602	0.19284285604953766	0.19644863903522491	0.20889045298099518	0.2507561445236206	0.19544732570648193	0.20699302852153778	0.19672663509845734	0.15234355628490448	0.1432739645242691	0.12205680459737778	0.13778537511825562	0.20024168491363525	0.13388106226921082	0.13321556150913239
