HIP-head-m-rh	HIP-head-l-rh	HIP-body-rh	HIP-tail-rh	THA-VPm-rh	THA-VPl-rh	THA-VAi-rh	THA-VAs-rh	THA-DAm-rh	THA-DAl-rh	PUT-VA-rh	PUT-DA-rh	PUT-VP-rh	PUT-DP-rh	CAU-VA-rh	CAU-DA-rh	CAU-body-rh	CAU-tail-rh	lAMY-rh	mAMY-rh	THA-DP-rh	NAc-shell-rh	NAc-core-rh	pGP-rh	aGP-rh	HIP-head-m-lh	HIP-head-l-l	HIP-body-l	HIP-tail-lh	THA-VPm-lh	THA-VPl-lh	THA-VAi-lh	THA-VAs-lh	THA-DAm-lh	THA-DAl-lh	PUT-VA-lh	PUT-DA-l	PUT-VP-lh	PUT-DP-lh	CAU-VA-lh	CAU-DA-lh	CAU-body-lh	CAU-tail-lh	lAMY-lh	mAMY-lh	THA-DP-lh	NAc-shell-lh	NAc-core-lh	pGP-lh	aGP-lh
0.4572118818759918	0.3013019859790802	0.30548185110092163	0.31471049785614014	0.3033781051635742	0.28550541400909424	0.37829849123954773	0.33375227451324463	0.3079933822154999	0.2994561493396759	0.3262022137641907	0.3139697313308716	0.32134830951690674	0.2834348976612091	0.35029563307762146	0.2814333736896515	0.322701632976532	0.2952192425727844	0.3930395245552063	0.6156155467033386	0.29889366030693054	0.43654975295066833	0.2592734694480896	0.29294249415397644	0.35999494791030884	0.5784592628479004	0.2986965775489807	0.33029937744140625	0.33364465832710266	0.32486701011657715	0.271369069814682	0.3610577881336212	0.315458208322525	0.28816676139831543	0.2903788089752197	0.3183784782886505	0.3284856379032135	0.2994185984134674	0.2892393171787262	0.3550950288772583	0.29599425196647644	0.3221063017845154	0.3065292537212372	0.46422192454338074	0.584062933921814	0.29841476678848267	0.3967074751853943	0.2731207013130188	0.29035255312919617	0.36263307929039
