HIP-head-m-rh	HIP-head-l-rh	HIP-body-rh	HIP-tail-rh	THA-VPm-rh	THA-VPl-rh	THA-VAi-rh	THA-VAs-rh	THA-DAm-rh	THA-DAl-rh	PUT-VA-rh	PUT-DA-rh	PUT-VP-rh	PUT-DP-rh	CAU-VA-rh	CAU-DA-rh	CAU-body-rh	CAU-tail-rh	lAMY-rh	mAMY-rh	THA-DP-rh	NAc-shell-rh	NAc-core-rh	pGP-rh	aGP-rh	HIP-head-m-lh	HIP-head-l-l	HIP-body-l	HIP-tail-lh	THA-VPm-lh	THA-VPl-lh	THA-VAi-lh	THA-VAs-lh	THA-DAm-lh	THA-DAl-lh	PUT-VA-lh	PUT-DA-l	PUT-VP-lh	PUT-DP-lh	CAU-VA-lh	CAU-DA-lh	CAU-body-lh	CAU-tail-lh	lAMY-lh	mAMY-lh	THA-DP-lh	NAc-shell-lh	NAc-core-lh	pGP-lh	aGP-lh
0.4007910192012787	0.29665496945381165	0.3069606423377991	0.29354965686798096	0.30771204829216003	0.30798575282096863	0.348962664604187	0.3109261691570282	0.2935766279697418	0.281436562538147	0.311618447303772	0.2915114164352417	0.29634755849838257	0.2886680066585541	0.3174325227737427	0.2857341170310974	0.29384124279022217	0.280770480632782	0.3596840798854828	0.5110372304916382	0.2949189841747284	0.3722608685493469	0.26693060994148254	0.3034875988960266	0.3186240494251251	0.45599982142448425	0.2801702618598938	0.29072844982147217	0.3064144253730774	0.2967838644981384	0.26236990094184875	0.3171078562736511	0.30561909079551697	0.27624595165252686	0.2736140787601471	0.30874672532081604	0.28924325108528137	0.28152602910995483	0.26961952447891235	0.30560213327407837	0.2769424021244049	0.2947272062301636	0.2819889485836029	0.37908098101615906	0.43934157490730286	0.27184823155403137	0.3611643612384796	0.25987210869789124	0.280791312456131	0.3113032281398773
