HIP-head-m-rh	HIP-head-l-rh	HIP-body-rh	HIP-tail-rh	THA-VPm-rh	THA-VPl-rh	THA-VAi-rh	THA-VAs-rh	THA-DAm-rh	THA-DAl-rh	PUT-VA-rh	PUT-DA-rh	PUT-VP-rh	PUT-DP-rh	CAU-VA-rh	CAU-DA-rh	CAU-body-rh	CAU-tail-rh	lAMY-rh	mAMY-rh	THA-DP-rh	NAc-shell-rh	NAc-core-rh	pGP-rh	aGP-rh	HIP-head-m-lh	HIP-head-l-l	HIP-body-l	HIP-tail-lh	THA-VPm-lh	THA-VPl-lh	THA-VAi-lh	THA-VAs-lh	THA-DAm-lh	THA-DAl-lh	PUT-VA-lh	PUT-DA-l	PUT-VP-lh	PUT-DP-lh	CAU-VA-lh	CAU-DA-lh	CAU-body-lh	CAU-tail-lh	lAMY-lh	mAMY-lh	THA-DP-lh	NAc-shell-lh	NAc-core-lh	pGP-lh	aGP-lh
0.35063403844833374	0.33349576592445374	0.27143457531929016	0.2692464590072632	0.28807517886161804	0.2791441082954407	0.3002634346485138	0.27135568857192993	0.3025781512260437	0.2754094898700714	0.29139137268066406	0.2841818332672119	0.27785658836364746	0.28857558965682983	0.295890748500824	0.27518975734710693	0.2665865123271942	0.2601029574871063	0.4205342233181	0.46276721358299255	0.2730318307876587	0.3160679340362549	0.2763032615184784	0.2652142345905304	0.2827409505844116	0.4042072594165802	0.2983258366584778	0.3033748269081116	0.2850843369960785	0.2905465364456177	0.2596963047981262	0.333959698677063	0.290140837430954	0.31685516238212585	0.2734944522380829	0.30892446637153625	0.2927856147289276	0.2782606780529022	0.27639317512512207	0.3095845878124237	0.2747654616832733	0.2782335877418518	0.27585744857788086	0.4319557845592499	0.508610188961029	0.2729327976703644	0.3292306661605835	0.29094398021698	0.25925523042678833	0.29300248622894287
