HIP-head-m-rh	HIP-head-l-rh	HIP-body-rh	HIP-tail-rh	THA-VPm-rh	THA-VPl-rh	THA-VAi-rh	THA-VAs-rh	THA-DAm-rh	THA-DAl-rh	PUT-VA-rh	PUT-DA-rh	PUT-VP-rh	PUT-DP-rh	CAU-VA-rh	CAU-DA-rh	CAU-body-rh	CAU-tail-rh	lAMY-rh	mAMY-rh	THA-DP-rh	NAc-shell-rh	NAc-core-rh	pGP-rh	aGP-rh	HIP-head-m-lh	HIP-head-l-l	HIP-body-l	HIP-tail-lh	THA-VPm-lh	THA-VPl-lh	THA-VAi-lh	THA-VAs-lh	THA-DAm-lh	THA-DAl-lh	PUT-VA-lh	PUT-DA-l	PUT-VP-lh	PUT-DP-lh	CAU-VA-lh	CAU-DA-lh	CAU-body-lh	CAU-tail-lh	lAMY-lh	mAMY-lh	THA-DP-lh	NAc-shell-lh	NAc-core-lh	pGP-lh	aGP-lh
0.254652738571167	0.22172808647155762	0.21360991895198822	0.21466557681560516	0.219245046377182	0.20670057833194733	0.22141911089420319	0.22948849201202393	0.21224135160446167	0.2161683440208435	0.25135940313339233	0.22662056982517242	0.2295691967010498	0.22896762192249298	0.24395693838596344	0.23478753864765167	0.243771031498909	0.25085824728012085	0.2589637041091919	0.2921721637248993	0.21071241796016693	0.29108941555023193	0.2541261315345764	0.23087312281131744	0.23959049582481384	0.24191224575042725	0.22231651842594147	0.22131240367889404	0.1976165622472763	0.2105584293603897	0.2111029326915741	0.22912676632404327	0.22811391949653625	0.2320723980665207	0.20311419665813446	0.2513222396373749	0.2342551201581955	0.21773089468479156	0.22681449353694916	0.25609272718429565	0.2586267590522766	0.2395031750202179	0.2121807336807251	0.24800346791744232	0.2536480128765106	0.21286939084529877	0.26535141468048096	0.26372161507606506	0.2145862877368927	0.25250712037086487
