HIP-head-m-rh	HIP-head-l-rh	HIP-body-rh	HIP-tail-rh	THA-VPm-rh	THA-VPl-rh	THA-VAi-rh	THA-VAs-rh	THA-DAm-rh	THA-DAl-rh	PUT-VA-rh	PUT-DA-rh	PUT-VP-rh	PUT-DP-rh	CAU-VA-rh	CAU-DA-rh	CAU-body-rh	CAU-tail-rh	lAMY-rh	mAMY-rh	THA-DP-rh	NAc-shell-rh	NAc-core-rh	pGP-rh	aGP-rh	HIP-head-m-lh	HIP-head-l-l	HIP-body-l	HIP-tail-lh	THA-VPm-lh	THA-VPl-lh	THA-VAi-lh	THA-VAs-lh	THA-DAm-lh	THA-DAl-lh	PUT-VA-lh	PUT-DA-l	PUT-VP-lh	PUT-DP-lh	CAU-VA-lh	CAU-DA-lh	CAU-body-lh	CAU-tail-lh	lAMY-lh	mAMY-lh	THA-DP-lh	NAc-shell-lh	NAc-core-lh	pGP-lh	aGP-lh
0.30049553513526917	0.2639414966106415	0.2562032639980316	0.25808605551719666	0.2456982582807541	0.2501915693283081	0.2653456926345825	0.2774525284767151	0.24942536652088165	0.2571946382522583	0.2984869182109833	0.2776432931423187	0.2766035199165344	0.26693251729011536	0.2981971800327301	0.2816730737686157	0.28095096349716187	0.2684137523174286	0.30200836062431335	0.34536927938461304	0.25094693899154663	0.37059152126312256	0.30747663974761963	0.2541053295135498	0.29127219319343567	0.2907303273677826	0.25929680466651917	0.2497919499874115	0.24519716203212738	0.2642374634742737	0.2507539391517639	0.26945385336875916	0.26942017674446106	0.25419285893440247	0.2541390061378479	0.29842448234558105	0.2856428325176239	0.2606091797351837	0.2674333155155182	0.2872067093849182	0.28798437118530273	0.27400895953178406	0.2550681233406067	0.30595263838768005	0.31132298707962036	0.25624021887779236	0.3352738320827484	0.3054549992084503	0.25931215286254883	0.3026038110256195
