HIP-head-m-rh	HIP-head-l-rh	HIP-body-rh	HIP-tail-rh	THA-VPm-rh	THA-VPl-rh	THA-VAi-rh	THA-VAs-rh	THA-DAm-rh	THA-DAl-rh	PUT-VA-rh	PUT-DA-rh	PUT-VP-rh	PUT-DP-rh	CAU-VA-rh	CAU-DA-rh	CAU-body-rh	CAU-tail-rh	lAMY-rh	mAMY-rh	THA-DP-rh	NAc-shell-rh	NAc-core-rh	pGP-rh	aGP-rh	HIP-head-m-lh	HIP-head-l-l	HIP-body-l	HIP-tail-lh	THA-VPm-lh	THA-VPl-lh	THA-VAi-lh	THA-VAs-lh	THA-DAm-lh	THA-DAl-lh	PUT-VA-lh	PUT-DA-l	PUT-VP-lh	PUT-DP-lh	CAU-VA-lh	CAU-DA-lh	CAU-body-lh	CAU-tail-lh	lAMY-lh	mAMY-lh	THA-DP-lh	NAc-shell-lh	NAc-core-lh	pGP-lh	aGP-lh
0.4528551697731018	0.3272532522678375	0.3056325912475586	0.29127153754234314	0.2897997796535492	0.27294695377349854	0.32220545411109924	0.3018287420272827	0.2953701615333557	0.2678670883178711	0.3323215842247009	0.310209721326828	0.3399568498134613	0.29339396953582764	0.33271920680999756	0.29649388790130615	0.3449275493621826	0.2545815408229828	0.42287108302116394	0.43439438939094543	0.2914263904094696	0.3534379005432129	0.32233333587646484	0.27472928166389465	0.3057177662849426	0.431301474571228	0.3794122636318207	0.3189905881881714	0.307193785905838	0.3046073615550995	0.2733282148838043	0.3190596401691437	0.28958019614219666	0.32670995593070984	0.27591052651405334	0.29338762164115906	0.30140677094459534	0.29981857538223267	0.27738845348358154	0.324364572763443	0.295986145734787	0.3232724368572235	0.2875072658061981	0.39465612173080444	0.44282665848731995	0.3084644675254822	0.3336580991744995	0.306625097990036	0.26902323961257935	0.2781431972980499
