HIP-head-m-rh	HIP-head-l-rh	HIP-body-rh	HIP-tail-rh	THA-VPm-rh	THA-VPl-rh	THA-VAi-rh	THA-VAs-rh	THA-DAm-rh	THA-DAl-rh	PUT-VA-rh	PUT-DA-rh	PUT-VP-rh	PUT-DP-rh	CAU-VA-rh	CAU-DA-rh	CAU-body-rh	CAU-tail-rh	lAMY-rh	mAMY-rh	THA-DP-rh	NAc-shell-rh	NAc-core-rh	pGP-rh	aGP-rh	HIP-head-m-lh	HIP-head-l-l	HIP-body-l	HIP-tail-lh	THA-VPm-lh	THA-VPl-lh	THA-VAi-lh	THA-VAs-lh	THA-DAm-lh	THA-DAl-lh	PUT-VA-lh	PUT-DA-l	PUT-VP-lh	PUT-DP-lh	CAU-VA-lh	CAU-DA-lh	CAU-body-lh	CAU-tail-lh	lAMY-lh	mAMY-lh	THA-DP-lh	NAc-shell-lh	NAc-core-lh	pGP-lh	aGP-lh
0.16592663526535034	0.12841129302978516	0.1435113102197647	0.16676115989685059	0.1280170977115631	0.11950190365314484	0.1326003223657608	0.11670175939798355	0.12711042165756226	0.1210000291466713	0.1324455887079239	0.14378397166728973	0.13096365332603455	0.14222869277000427	0.16524101793766022	0.13098643720149994	0.1502455174922943	0.17029592394828796	0.11717966198921204	0.12598402798175812	0.11065063625574112	0.12430242449045181	0.13292352855205536	0.09326864033937454	0.10770048201084137	0.1090613380074501	0.13749557733535767	0.12361035495996475	0.1375626027584076	0.12155209481716156	0.10522885620594025	0.11791662871837616	0.11995318531990051	0.13505655527114868	0.11270170658826828	0.15094411373138428	0.17414523661136627	0.11943265795707703	0.12129895389080048	0.17439895868301392	0.12487618625164032	0.16843180358409882	0.17968988418579102	0.1350255012512207	0.11724454164505005	0.11798904836177826	0.12205137312412262	0.16975438594818115	0.09407062083482742	0.11734329909086227
