HIP-head-m-rh	HIP-head-l-rh	HIP-body-rh	HIP-tail-rh	THA-VPm-rh	THA-VPl-rh	THA-VAi-rh	THA-VAs-rh	THA-DAm-rh	THA-DAl-rh	PUT-VA-rh	PUT-DA-rh	PUT-VP-rh	PUT-DP-rh	CAU-VA-rh	CAU-DA-rh	CAU-body-rh	CAU-tail-rh	lAMY-rh	mAMY-rh	THA-DP-rh	NAc-shell-rh	NAc-core-rh	pGP-rh	aGP-rh	HIP-head-m-lh	HIP-head-l-l	HIP-body-l	HIP-tail-lh	THA-VPm-lh	THA-VPl-lh	THA-VAi-lh	THA-VAs-lh	THA-DAm-lh	THA-DAl-lh	PUT-VA-lh	PUT-DA-l	PUT-VP-lh	PUT-DP-lh	CAU-VA-lh	CAU-DA-lh	CAU-body-lh	CAU-tail-lh	lAMY-lh	mAMY-lh	THA-DP-lh	NAc-shell-lh	NAc-core-lh	pGP-lh	aGP-lh
0.14203809201717377	0.15280796587467194	0.16645164787769318	0.1960890144109726	0.14140735566616058	0.12144564092159271	0.13806979358196259	0.12777428328990936	0.13583509624004364	0.118262879550457	0.14444772899150848	0.16401129961013794	0.13668888807296753	0.14769622683525085	0.19448040425777435	0.15351447463035583	0.1880306452512741	0.15473878383636475	0.12307572364807129	0.12187613546848297	0.13834527134895325	0.16037552058696747	0.19434592127799988	0.1025349497795105	0.11086612194776535	0.13493706285953522	0.15069185197353363	0.15269438922405243	0.1646147072315216	0.12353601306676865	0.11250782012939453	0.12764433026313782	0.12180100381374359	0.14495502412319183	0.11584337800741196	0.1677137166261673	0.16684409976005554	0.137062206864357	0.13174626231193542	0.17867054045200348	0.18260061740875244	0.21113836765289307	0.21425069868564606	0.13861902058124542	0.12570412456989288	0.11617487668991089	0.14821143448352814	0.18770796060562134	0.09519679844379425	0.13024413585662842
