HIP-head-m-rh	HIP-head-l-rh	HIP-body-rh	HIP-tail-rh	THA-VPm-rh	THA-VPl-rh	THA-VAi-rh	THA-VAs-rh	THA-DAm-rh	THA-DAl-rh	PUT-VA-rh	PUT-DA-rh	PUT-VP-rh	PUT-DP-rh	CAU-VA-rh	CAU-DA-rh	CAU-body-rh	CAU-tail-rh	lAMY-rh	mAMY-rh	THA-DP-rh	NAc-shell-rh	NAc-core-rh	pGP-rh	aGP-rh	HIP-head-m-lh	HIP-head-l-l	HIP-body-l	HIP-tail-lh	THA-VPm-lh	THA-VPl-lh	THA-VAi-lh	THA-VAs-lh	THA-DAm-lh	THA-DAl-lh	PUT-VA-lh	PUT-DA-l	PUT-VP-lh	PUT-DP-lh	CAU-VA-lh	CAU-DA-lh	CAU-body-lh	CAU-tail-lh	lAMY-lh	mAMY-lh	THA-DP-lh	NAc-shell-lh	NAc-core-lh	pGP-lh	aGP-lh
0.334190309047699	0.2292894870042801	0.21653638780117035	0.24634690582752228	0.30779796838760376	0.24255044758319855	0.26859012246131897	0.2450207769870758	0.22305041551589966	0.23671826720237732	0.22119683027267456	0.23076529800891876	0.22300764918327332	0.2577402889728546	0.24709872901439667	0.24076765775680542	0.22573360800743103	0.23496124148368835	0.3415904939174652	0.23594193160533905	0.20490111410617828	0.22805148363113403	0.22562240064144135	0.19680102169513702	0.22180140018463135	0.2718973159790039	0.23447374999523163	0.21882618963718414	0.2146630436182022	0.2733912169933319	0.21525424718856812	0.25218331813812256	0.22926828265190125	0.22030381858348846	0.30023783445358276	0.22608347237110138	0.21302933990955353	0.2240753173828125	0.22784751653671265	0.2448081076145172	0.2151212841272354	0.22917307913303375	0.2590291202068329	0.29562661051750183	0.24928924441337585	0.2485221028327942	0.2260242998600006	0.214491069316864	0.2054213583469391	0.22922585904598236
