HIP-head-m-rh	HIP-head-l-rh	HIP-body-rh	HIP-tail-rh	THA-VPm-rh	THA-VPl-rh	THA-VAi-rh	THA-VAs-rh	THA-DAm-rh	THA-DAl-rh	PUT-VA-rh	PUT-DA-rh	PUT-VP-rh	PUT-DP-rh	CAU-VA-rh	CAU-DA-rh	CAU-body-rh	CAU-tail-rh	lAMY-rh	mAMY-rh	THA-DP-rh	NAc-shell-rh	NAc-core-rh	pGP-rh	aGP-rh	HIP-head-m-lh	HIP-head-l-l	HIP-body-l	HIP-tail-lh	THA-VPm-lh	THA-VPl-lh	THA-VAi-lh	THA-VAs-lh	THA-DAm-lh	THA-DAl-lh	PUT-VA-lh	PUT-DA-l	PUT-VP-lh	PUT-DP-lh	CAU-VA-lh	CAU-DA-lh	CAU-body-lh	CAU-tail-lh	lAMY-lh	mAMY-lh	THA-DP-lh	NAc-shell-lh	NAc-core-lh	pGP-lh	aGP-lh
0.44635844230651855	0.38088658452033997	0.3047633469104767	0.28064867854118347	0.3118439316749573	0.2726307213306427	0.37636733055114746	0.28353968262672424	0.28982609510421753	0.27281811833381653	0.2794608473777771	0.2849804759025574	0.31045129895210266	0.29743412137031555	0.29136452078819275	0.2736324071884155	0.3101012110710144	0.2786325514316559	0.5911837816238403	0.4542374610900879	0.29093077778816223	0.30289381742477417	0.2716638445854187	0.28738656640052795	0.2684171795845032	0.5345180630683899	0.4592651128768921	0.3292153775691986	0.29151517152786255	0.319211483001709	0.2622864544391632	0.36557909846305847	0.3086200952529907	0.33046165108680725	0.2704108953475952	0.2716551721096039	0.27770134806632996	0.31588292121887207	0.2918780744075775	0.3105466365814209	0.2804746627807617	0.2893943786621094	0.26286306977272034	0.5937925577163696	0.6020604968070984	0.2930401861667633	0.31230655312538147	0.26998645067214966	0.2632403075695038	0.2750966548919678
