HIP-head-m-rh	HIP-head-l-rh	HIP-body-rh	HIP-tail-rh	THA-VPm-rh	THA-VPl-rh	THA-VAi-rh	THA-VAs-rh	THA-DAm-rh	THA-DAl-rh	PUT-VA-rh	PUT-DA-rh	PUT-VP-rh	PUT-DP-rh	CAU-VA-rh	CAU-DA-rh	CAU-body-rh	CAU-tail-rh	lAMY-rh	mAMY-rh	THA-DP-rh	NAc-shell-rh	NAc-core-rh	pGP-rh	aGP-rh	HIP-head-m-lh	HIP-head-l-l	HIP-body-l	HIP-tail-lh	THA-VPm-lh	THA-VPl-lh	THA-VAi-lh	THA-VAs-lh	THA-DAm-lh	THA-DAl-lh	PUT-VA-lh	PUT-DA-l	PUT-VP-lh	PUT-DP-lh	CAU-VA-lh	CAU-DA-lh	CAU-body-lh	CAU-tail-lh	lAMY-lh	mAMY-lh	THA-DP-lh	NAc-shell-lh	NAc-core-lh	pGP-lh	aGP-lh
0.11792182922363281	0.12646155059337616	0.13885502517223358	0.15225470066070557	0.12040300667285919	0.12104865908622742	0.13453522324562073	0.15284068882465363	0.12927494943141937	0.12540994584560394	0.13140186667442322	0.15354390442371368	0.15170197188854218	0.143210306763649	0.16129063069820404	0.14026601612567902	0.19754254817962646	0.1444379985332489	0.14214643836021423	0.12804967164993286	0.13761533796787262	0.10935066640377045	0.09627924859523773	0.13588768243789673	0.10321088135242462	0.1158146932721138	0.1312990039587021	0.1417115479707718	0.14409802854061127	0.12114054709672928	0.10616116970777512	0.12394887953996658	0.1474083662033081	0.12868160009384155	0.11592916399240494	0.12151842564344406	0.15582938492298126	0.13565164804458618	0.167108416557312	0.1848789006471634	0.11707930266857147	0.1714782565832138	0.1707870066165924	0.14041917026042938	0.13125644624233246	0.13476315140724182	0.14376172423362732	0.1148977130651474	0.13938194513320923	0.12126980721950531
