HIP-head-m-rh	HIP-head-l-rh	HIP-body-rh	HIP-tail-rh	THA-VPm-rh	THA-VPl-rh	THA-VAi-rh	THA-VAs-rh	THA-DAm-rh	THA-DAl-rh	PUT-VA-rh	PUT-DA-rh	PUT-VP-rh	PUT-DP-rh	CAU-VA-rh	CAU-DA-rh	CAU-body-rh	CAU-tail-rh	lAMY-rh	mAMY-rh	THA-DP-rh	NAc-shell-rh	NAc-core-rh	pGP-rh	aGP-rh	HIP-head-m-lh	HIP-head-l-l	HIP-body-l	HIP-tail-lh	THA-VPm-lh	THA-VPl-lh	THA-VAi-lh	THA-VAs-lh	THA-DAm-lh	THA-DAl-lh	PUT-VA-lh	PUT-DA-l	PUT-VP-lh	PUT-DP-lh	CAU-VA-lh	CAU-DA-lh	CAU-body-lh	CAU-tail-lh	lAMY-lh	mAMY-lh	THA-DP-lh	NAc-shell-lh	NAc-core-lh	pGP-lh	aGP-lh
0.12859006226062775	0.12203488498926163	0.13621516525745392	0.15642063319683075	0.09744732081890106	0.0983969122171402	0.10942897945642471	0.11518741399049759	0.11749526113271713	0.10971435159444809	0.11188656836748123	0.13652989268302917	0.10875701159238815	0.14418786764144897	0.1784842163324356	0.13631418347358704	0.16462703049182892	0.15713179111480713	0.09739713370800018	0.0951685905456543	0.11974024027585983	0.1051420345902443	0.10784479975700378	0.09717463701963425	0.10955703258514404	0.12098462134599686	0.11405311524868011	0.15585175156593323	0.1551113873720169	0.13434302806854248	0.09053526073694229	0.10557370632886887	0.11898868530988693	0.13652975857257843	0.10903537273406982	0.10445747524499893	0.11697573959827423	0.10274210572242737	0.13982674479484558	0.12523336708545685	0.11579935997724533	0.1325177103281021	0.12821006774902344	0.09480646997690201	0.10089942067861557	0.10600627958774567	0.10674021393060684	0.11035598814487457	0.08860526978969574	0.1089489534497261
