HIP-head-m-rh	HIP-head-l-rh	HIP-body-rh	HIP-tail-rh	THA-VPm-rh	THA-VPl-rh	THA-VAi-rh	THA-VAs-rh	THA-DAm-rh	THA-DAl-rh	PUT-VA-rh	PUT-DA-rh	PUT-VP-rh	PUT-DP-rh	CAU-VA-rh	CAU-DA-rh	CAU-body-rh	CAU-tail-rh	lAMY-rh	mAMY-rh	THA-DP-rh	NAc-shell-rh	NAc-core-rh	pGP-rh	aGP-rh	HIP-head-m-lh	HIP-head-l-l	HIP-body-l	HIP-tail-lh	THA-VPm-lh	THA-VPl-lh	THA-VAi-lh	THA-VAs-lh	THA-DAm-lh	THA-DAl-lh	PUT-VA-lh	PUT-DA-l	PUT-VP-lh	PUT-DP-lh	CAU-VA-lh	CAU-DA-lh	CAU-body-lh	CAU-tail-lh	lAMY-lh	mAMY-lh	THA-DP-lh	NAc-shell-lh	NAc-core-lh	pGP-lh	aGP-lh
0.11302675306797028	0.1377001851797104	0.11621007323265076	0.14836256206035614	0.12844592332839966	0.12318208813667297	0.1226087287068367	0.1286683827638626	0.14447344839572906	0.11822719871997833	0.13319000601768494	0.12867537140846252	0.12130238115787506	0.12135588377714157	0.14864006638526917	0.14069229364395142	0.1403082311153412	0.14738380908966064	0.13222794234752655	0.13900555670261383	0.1310013383626938	0.09665624797344208	0.13797329366207123	0.10293107479810715	0.09414265304803848	0.11823885887861252	0.12517049908638	0.1239209845662117	0.11247828602790833	0.12878650426864624	0.11369913071393967	0.11607015877962112	0.1272915154695511	0.12524724006652832	0.11047635972499847	0.12929943203926086	0.12748199701309204	0.11504717916250229	0.12103306502103806	0.1551549881696701	0.12838295102119446	0.1424787938594818	0.1336381584405899	0.14628539979457855	0.14699983596801758	0.11673945933580399	0.0953424870967865	0.1187841147184372	0.0885561853647232	0.11858636140823364
