HIP-head-m-rh	HIP-head-l-rh	HIP-body-rh	HIP-tail-rh	THA-VPm-rh	THA-VPl-rh	THA-VAi-rh	THA-VAs-rh	THA-DAm-rh	THA-DAl-rh	PUT-VA-rh	PUT-DA-rh	PUT-VP-rh	PUT-DP-rh	CAU-VA-rh	CAU-DA-rh	CAU-body-rh	CAU-tail-rh	lAMY-rh	mAMY-rh	THA-DP-rh	NAc-shell-rh	NAc-core-rh	pGP-rh	aGP-rh	HIP-head-m-lh	HIP-head-l-l	HIP-body-l	HIP-tail-lh	THA-VPm-lh	THA-VPl-lh	THA-VAi-lh	THA-VAs-lh	THA-DAm-lh	THA-DAl-lh	PUT-VA-lh	PUT-DA-l	PUT-VP-lh	PUT-DP-lh	CAU-VA-lh	CAU-DA-lh	CAU-body-lh	CAU-tail-lh	lAMY-lh	mAMY-lh	THA-DP-lh	NAc-shell-lh	NAc-core-lh	pGP-lh	aGP-lh
0.10925433039665222	0.1195034384727478	0.14162544906139374	0.18588723242282867	0.11522713303565979	0.12283280491828918	0.11709542572498322	0.1406027227640152	0.12026297301054001	0.10970698297023773	0.12827788293361664	0.15296728909015656	0.15454190969467163	0.12384340912103653	0.14371033012866974	0.11740127950906754	0.17156843841075897	0.1719209998846054	0.10652974992990494	0.08992817252874374	0.1331528276205063	0.11742880195379257	0.09695043414831161	0.12342880666255951	0.10414779931306839	0.10987789183855057	0.12614096701145172	0.1469154953956604	0.14827007055282593	0.10487963259220123	0.1179523915052414	0.11904630810022354	0.1199960932135582	0.11261224001646042	0.11584264785051346	0.14709924161434174	0.13285383582115173	0.12916141748428345	0.12658865749835968	0.13330279290676117	0.13498695194721222	0.14821721613407135	0.14276456832885742	0.10881779342889786	0.10363685339689255	0.12658031284809113	0.13444431126117706	0.14874476194381714	0.09708356857299805	0.1077658012509346
