HIP-head-m-rh	HIP-head-l-rh	HIP-body-rh	HIP-tail-rh	THA-VPm-rh	THA-VPl-rh	THA-VAi-rh	THA-VAs-rh	THA-DAm-rh	THA-DAl-rh	PUT-VA-rh	PUT-DA-rh	PUT-VP-rh	PUT-DP-rh	CAU-VA-rh	CAU-DA-rh	CAU-body-rh	CAU-tail-rh	lAMY-rh	mAMY-rh	THA-DP-rh	NAc-shell-rh	NAc-core-rh	pGP-rh	aGP-rh	HIP-head-m-lh	HIP-head-l-l	HIP-body-l	HIP-tail-lh	THA-VPm-lh	THA-VPl-lh	THA-VAi-lh	THA-VAs-lh	THA-DAm-lh	THA-DAl-lh	PUT-VA-lh	PUT-DA-l	PUT-VP-lh	PUT-DP-lh	CAU-VA-lh	CAU-DA-lh	CAU-body-lh	CAU-tail-lh	lAMY-lh	mAMY-lh	THA-DP-lh	NAc-shell-lh	NAc-core-lh	pGP-lh	aGP-lh
0.4071143865585327	0.4393697679042816	0.2922484576702118	0.2584588825702667	0.3005886673927307	0.2590635418891907	0.295247346162796	0.2979001998901367	0.3066002428531647	0.2754584848880768	0.302796870470047	0.29152175784111023	0.311764121055603	0.2853676974773407	0.32175934314727783	0.2789575457572937	0.2776125371456146	0.2672562599182129	0.3934439420700073	0.3943963646888733	0.27236616611480713	0.31560394167900085	0.300564706325531	0.2653540372848511	0.29663506150245667	0.42844852805137634	0.4062478542327881	0.2836844325065613	0.2542113661766052	0.29902106523513794	0.26736781001091003	0.29932135343551636	0.3026980757713318	0.3050343096256256	0.2882750630378723	0.2773243486881256	0.27692633867263794	0.3165355324745178	0.30224987864494324	0.31293296813964844	0.2656397819519043	0.3057734966278076	0.27866607904434204	0.4560764729976654	0.4977246820926666	0.27623018622398376	0.3950352966785431	0.30495885014533997	0.27640223503112793	0.2892310619354248
