HIP-head-m-rh	HIP-head-l-rh	HIP-body-rh	HIP-tail-rh	THA-VPm-rh	THA-VPl-rh	THA-VAi-rh	THA-VAs-rh	THA-DAm-rh	THA-DAl-rh	PUT-VA-rh	PUT-DA-rh	PUT-VP-rh	PUT-DP-rh	CAU-VA-rh	CAU-DA-rh	CAU-body-rh	CAU-tail-rh	lAMY-rh	mAMY-rh	THA-DP-rh	NAc-shell-rh	NAc-core-rh	pGP-rh	aGP-rh	HIP-head-m-lh	HIP-head-l-l	HIP-body-l	HIP-tail-lh	THA-VPm-lh	THA-VPl-lh	THA-VAi-lh	THA-VAs-lh	THA-DAm-lh	THA-DAl-lh	PUT-VA-lh	PUT-DA-l	PUT-VP-lh	PUT-DP-lh	CAU-VA-lh	CAU-DA-lh	CAU-body-lh	CAU-tail-lh	lAMY-lh	mAMY-lh	THA-DP-lh	NAc-shell-lh	NAc-core-lh	pGP-lh	aGP-lh
0.147933691740036	0.165517657995224	0.15012848377227783	0.18122249841690063	0.12278807163238525	0.13487820327281952	0.13518565893173218	0.1402311772108078	0.14598236978054047	0.13977648317813873	0.13844478130340576	0.15510299801826477	0.17119264602661133	0.16017299890518188	0.14159107208251953	0.1515159159898758	0.1382695585489273	0.135318785905838	0.1315704733133316	0.1145537719130516	0.1212453842163086	0.11310647428035736	0.17472721636295319	0.1339603215456009	0.11438212543725967	0.14339451491832733	0.15695756673812866	0.1602536141872406	0.17737551033496857	0.11686979979276657	0.15169796347618103	0.11416486650705338	0.12340237200260162	0.1534431427717209	0.14077390730381012	0.14400507509708405	0.1659051477909088	0.16067329049110413	0.16991199553012848	0.17305271327495575	0.15933671593666077	0.15925797820091248	0.14409273862838745	0.1611853390932083	0.12392343580722809	0.14380651712417603	0.11728621274232864	0.15354344248771667	0.12187715619802475	0.1251804381608963
