HIP-head-m-rh	HIP-head-l-rh	HIP-body-rh	HIP-tail-rh	THA-VPm-rh	THA-VPl-rh	THA-VAi-rh	THA-VAs-rh	THA-DAm-rh	THA-DAl-rh	PUT-VA-rh	PUT-DA-rh	PUT-VP-rh	PUT-DP-rh	CAU-VA-rh	CAU-DA-rh	CAU-body-rh	CAU-tail-rh	lAMY-rh	mAMY-rh	THA-DP-rh	NAc-shell-rh	NAc-core-rh	pGP-rh	aGP-rh	HIP-head-m-lh	HIP-head-l-l	HIP-body-l	HIP-tail-lh	THA-VPm-lh	THA-VPl-lh	THA-VAi-lh	THA-VAs-lh	THA-DAm-lh	THA-DAl-lh	PUT-VA-lh	PUT-DA-l	PUT-VP-lh	PUT-DP-lh	CAU-VA-lh	CAU-DA-lh	CAU-body-lh	CAU-tail-lh	lAMY-lh	mAMY-lh	THA-DP-lh	NAc-shell-lh	NAc-core-lh	pGP-lh	aGP-lh
0.14405557513237	0.13303400576114655	0.11288994550704956	0.14314164221286774	0.08150573819875717	0.11784891039133072	0.1262563019990921	0.1682952493429184	0.11365135759115219	0.14395509660243988	0.11950130760669708	0.12279325723648071	0.12900105118751526	0.10888595134019852	0.16087660193443298	0.13703657686710358	0.15401588380336761	0.15852193534374237	0.13356582820415497	0.13299083709716797	0.10475148260593414	0.11349288374185562	0.13515092432498932	0.12097983062267303	0.10907864570617676	0.11688697338104248	0.12418666481971741	0.12484341114759445	0.13217522203922272	0.09925428777933121	0.12720277905464172	0.10974901169538498	0.15929144620895386	0.13293182849884033	0.13407385349273682	0.12637034058570862	0.13282734155654907	0.14386990666389465	0.1268918514251709	0.13843725621700287	0.13317276537418365	0.13601566851139069	0.15032021701335907	0.14970549941062927	0.12336268275976181	0.10401599109172821	0.10673630982637405	0.1307535618543625	0.11418215185403824	0.10767412930727005
