HIP-head-m-rh	HIP-head-l-rh	HIP-body-rh	HIP-tail-rh	THA-VPm-rh	THA-VPl-rh	THA-VAi-rh	THA-VAs-rh	THA-DAm-rh	THA-DAl-rh	PUT-VA-rh	PUT-DA-rh	PUT-VP-rh	PUT-DP-rh	CAU-VA-rh	CAU-DA-rh	CAU-body-rh	CAU-tail-rh	lAMY-rh	mAMY-rh	THA-DP-rh	NAc-shell-rh	NAc-core-rh	pGP-rh	aGP-rh	HIP-head-m-lh	HIP-head-l-l	HIP-body-l	HIP-tail-lh	THA-VPm-lh	THA-VPl-lh	THA-VAi-lh	THA-VAs-lh	THA-DAm-lh	THA-DAl-lh	PUT-VA-lh	PUT-DA-l	PUT-VP-lh	PUT-DP-lh	CAU-VA-lh	CAU-DA-lh	CAU-body-lh	CAU-tail-lh	lAMY-lh	mAMY-lh	THA-DP-lh	NAc-shell-lh	NAc-core-lh	pGP-lh	aGP-lh
0.14140179753303528	0.17657779157161713	0.1525326371192932	0.15667887032032013	0.13908563554286957	0.15497514605522156	0.1443549245595932	0.15341055393218994	0.13685578107833862	0.14288780093193054	0.13361169397830963	0.15043042600154877	0.12619270384311676	0.1330314427614212	0.19446903467178345	0.14412403106689453	0.16758812963962555	0.17536519467830658	0.1310817301273346	0.14064829051494598	0.13356232643127441	0.123446024954319	0.1501832753419876	0.15274538099765778	0.13362102210521698	0.12990857660770416	0.19575461745262146	0.1815149188041687	0.19764620065689087	0.13965702056884766	0.14632900059223175	0.12110844999551773	0.1287446767091751	0.14612089097499847	0.13843438029289246	0.12520037591457367	0.1567588895559311	0.1423507183790207	0.15315932035446167	0.20305606722831726	0.15970751643180847	0.17933911085128784	0.16104859113693237	0.13067732751369476	0.13101565837860107	0.14658436179161072	0.1365426480770111	0.15575751662254333	0.11690831184387207	0.11863688379526138
