HIP-head-m-rh	HIP-head-l-rh	HIP-body-rh	HIP-tail-rh	THA-VPm-rh	THA-VPl-rh	THA-VAi-rh	THA-VAs-rh	THA-DAm-rh	THA-DAl-rh	PUT-VA-rh	PUT-DA-rh	PUT-VP-rh	PUT-DP-rh	CAU-VA-rh	CAU-DA-rh	CAU-body-rh	CAU-tail-rh	lAMY-rh	mAMY-rh	THA-DP-rh	NAc-shell-rh	NAc-core-rh	pGP-rh	aGP-rh	HIP-head-m-lh	HIP-head-l-l	HIP-body-l	HIP-tail-lh	THA-VPm-lh	THA-VPl-lh	THA-VAi-lh	THA-VAs-lh	THA-DAm-lh	THA-DAl-lh	PUT-VA-lh	PUT-DA-l	PUT-VP-lh	PUT-DP-lh	CAU-VA-lh	CAU-DA-lh	CAU-body-lh	CAU-tail-lh	lAMY-lh	mAMY-lh	THA-DP-lh	NAc-shell-lh	NAc-core-lh	pGP-lh	aGP-lh
0.13581877946853638	0.1541735678911209	0.16835199296474457	0.19494228065013885	0.11869458109140396	0.14003466069698334	0.13307009637355804	0.15519282221794128	0.1394897699356079	0.1521182507276535	0.13416066765785217	0.14743585884571075	0.1426323503255844	0.14680956304073334	0.15093299746513367	0.14327362179756165	0.15240278840065002	0.15143316984176636	0.1345374882221222	0.11617069691419601	0.118628591299057	0.10628706961870193	0.1519458293914795	0.13478204607963562	0.12885792553424835	0.13242079317569733	0.15783624351024628	0.15748941898345947	0.17575566470623016	0.11221422255039215	0.13762544095516205	0.12645842134952545	0.12824104726314545	0.15622375905513763	0.12866587936878204	0.13664431869983673	0.14583919942378998	0.15469041466712952	0.14775450527668	0.17922277748584747	0.16761435568332672	0.16214372217655182	0.16474549472332	0.16289439797401428	0.11376701295375824	0.14876742660999298	0.13956087827682495	0.1410978138446808	0.12133730202913284	0.11568232625722885
