HIP-head-m-rh	HIP-head-l-rh	HIP-body-rh	HIP-tail-rh	THA-VPm-rh	THA-VPl-rh	THA-VAi-rh	THA-VAs-rh	THA-DAm-rh	THA-DAl-rh	PUT-VA-rh	PUT-DA-rh	PUT-VP-rh	PUT-DP-rh	CAU-VA-rh	CAU-DA-rh	CAU-body-rh	CAU-tail-rh	lAMY-rh	mAMY-rh	THA-DP-rh	NAc-shell-rh	NAc-core-rh	pGP-rh	aGP-rh	HIP-head-m-lh	HIP-head-l-l	HIP-body-l	HIP-tail-lh	THA-VPm-lh	THA-VPl-lh	THA-VAi-lh	THA-VAs-lh	THA-DAm-lh	THA-DAl-lh	PUT-VA-lh	PUT-DA-l	PUT-VP-lh	PUT-DP-lh	CAU-VA-lh	CAU-DA-lh	CAU-body-lh	CAU-tail-lh	lAMY-lh	mAMY-lh	THA-DP-lh	NAc-shell-lh	NAc-core-lh	pGP-lh	aGP-lh
0.11153317242860794	0.13674403727054596	0.1482555866241455	0.15324698388576508	0.11543214321136475	0.11685590445995331	0.15262846648693085	0.1494579315185547	0.13675038516521454	0.15002748370170593	0.14139673113822937	0.14399570226669312	0.12658095359802246	0.14245794713497162	0.15017051994800568	0.14855200052261353	0.1782427877187729	0.19155153632164001	0.13095079362392426	0.1204284206032753	0.11742310225963593	0.11314934492111206	0.14884333312511444	0.1040547713637352	0.10982885956764221	0.1184316948056221	0.14828501641750336	0.14633330702781677	0.17660535871982574	0.13581588864326477	0.12809018790721893	0.13962770998477936	0.15095289051532745	0.1456981599330902	0.15025107562541962	0.10639972239732742	0.13110901415348053	0.13936762511730194	0.14326320588588715	0.19328925013542175	0.15603825449943542	0.19483330845832825	0.20004545152187347	0.11163055896759033	0.13423697650432587	0.1371975839138031	0.11657726764678955	0.12601397931575775	0.11897776275873184	0.10830338299274445
