HIP-head-m-rh	HIP-head-l-rh	HIP-body-rh	HIP-tail-rh	THA-VPm-rh	THA-VPl-rh	THA-VAi-rh	THA-VAs-rh	THA-DAm-rh	THA-DAl-rh	PUT-VA-rh	PUT-DA-rh	PUT-VP-rh	PUT-DP-rh	CAU-VA-rh	CAU-DA-rh	CAU-body-rh	CAU-tail-rh	lAMY-rh	mAMY-rh	THA-DP-rh	NAc-shell-rh	NAc-core-rh	pGP-rh	aGP-rh	HIP-head-m-lh	HIP-head-l-l	HIP-body-l	HIP-tail-lh	THA-VPm-lh	THA-VPl-lh	THA-VAi-lh	THA-VAs-lh	THA-DAm-lh	THA-DAl-lh	PUT-VA-lh	PUT-DA-l	PUT-VP-lh	PUT-DP-lh	CAU-VA-lh	CAU-DA-lh	CAU-body-lh	CAU-tail-lh	lAMY-lh	mAMY-lh	THA-DP-lh	NAc-shell-lh	NAc-core-lh	pGP-lh	aGP-lh
0.3509739637374878	0.35092049837112427	0.2666265368461609	0.24494469165802002	0.2674514651298523	0.2539520263671875	0.3027538061141968	0.30279213190078735	0.29042595624923706	0.27717000246047974	0.2828793525695801	0.30114543437957764	0.36858347058296204	0.2814925014972687	0.2830221951007843	0.25900694727897644	0.2839477062225342	0.297179639339447	0.3391023278236389	0.4293213188648224	0.27023443579673767	0.310272753238678	0.2746816873550415	0.27725541591644287	0.2818252742290497	0.3593885898590088	0.3212505877017975	0.2589007616043091	0.26990973949432373	0.2903308868408203	0.3969663381576538	0.2993205785751343	0.29960259795188904	0.2829916477203369	0.2816769480705261	0.29279932379722595	0.2801345884799957	0.500041127204895	0.29915523529052734	0.27623993158340454	0.2666485011577606	0.27312129735946655	0.321308970451355	0.35102784633636475	0.4714803397655487	0.28840872645378113	0.3247326612472534	0.27522608637809753	0.4677121937274933	0.2676466703414917
