HIP-head-m-rh	HIP-head-l-rh	HIP-body-rh	HIP-tail-rh	THA-VPm-rh	THA-VPl-rh	THA-VAi-rh	THA-VAs-rh	THA-DAm-rh	THA-DAl-rh	PUT-VA-rh	PUT-DA-rh	PUT-VP-rh	PUT-DP-rh	CAU-VA-rh	CAU-DA-rh	CAU-body-rh	CAU-tail-rh	lAMY-rh	mAMY-rh	THA-DP-rh	NAc-shell-rh	NAc-core-rh	pGP-rh	aGP-rh	HIP-head-m-lh	HIP-head-l-l	HIP-body-l	HIP-tail-lh	THA-VPm-lh	THA-VPl-lh	THA-VAi-lh	THA-VAs-lh	THA-DAm-lh	THA-DAl-lh	PUT-VA-lh	PUT-DA-l	PUT-VP-lh	PUT-DP-lh	CAU-VA-lh	CAU-DA-lh	CAU-body-lh	CAU-tail-lh	lAMY-lh	mAMY-lh	THA-DP-lh	NAc-shell-lh	NAc-core-lh	pGP-lh	aGP-lh
0.14192335307598114	0.1368868499994278	0.16282692551612854	0.1848302036523819	0.1045900359749794	0.12137307226657867	0.14581231772899628	0.15037654340267181	0.173024520277977	0.15429973602294922	0.1647678166627884	0.17119339108467102	0.20342552661895752	0.16546069085597992	0.20949523150920868	0.11652114242315292	0.17724022269248962	0.18559420108795166	0.1353614330291748	0.13139708340168	0.11635534465312958	0.14915968477725983	0.11954694986343384	0.10351108014583588	0.10863330215215683	0.1275123804807663	0.1197354793548584	0.1253979653120041	0.17837370932102203	0.10404642671346664	0.1190483495593071	0.14029213786125183	0.14225126802921295	0.16690602898597717	0.14998546242713928	0.17461971938610077	0.20733143389225006	0.14224831759929657	0.17986372113227844	0.1898408681154251	0.13356077671051025	0.1447979062795639	0.1685916781425476	0.1702793836593628	0.12237273156642914	0.12044156342744827	0.13587075471878052	0.14046353101730347	0.13022880256175995	0.11499285697937012
