HIP-head-m-rh	HIP-head-l-rh	HIP-body-rh	HIP-tail-rh	THA-VPm-rh	THA-VPl-rh	THA-VAi-rh	THA-VAs-rh	THA-DAm-rh	THA-DAl-rh	PUT-VA-rh	PUT-DA-rh	PUT-VP-rh	PUT-DP-rh	CAU-VA-rh	CAU-DA-rh	CAU-body-rh	CAU-tail-rh	lAMY-rh	mAMY-rh	THA-DP-rh	NAc-shell-rh	NAc-core-rh	pGP-rh	aGP-rh	HIP-head-m-lh	HIP-head-l-l	HIP-body-l	HIP-tail-lh	THA-VPm-lh	THA-VPl-lh	THA-VAi-lh	THA-VAs-lh	THA-DAm-lh	THA-DAl-lh	PUT-VA-lh	PUT-DA-l	PUT-VP-lh	PUT-DP-lh	CAU-VA-lh	CAU-DA-lh	CAU-body-lh	CAU-tail-lh	lAMY-lh	mAMY-lh	THA-DP-lh	NAc-shell-lh	NAc-core-lh	pGP-lh	aGP-lh
0.6760730743408203	0.7117488384246826	0.4605376422405243	0.3536541759967804	0.3468147814273834	0.3076429069042206	0.39344584941864014	0.37561964988708496	0.36143189668655396	0.3115638792514801	0.3707852065563202	0.3544451594352722	0.4361654222011566	0.37894466519355774	0.35933148860931396	0.32393863797187805	0.38637253642082214	0.3441268801689148	0.4929244816303253	0.6995059847831726	0.32973477244377136	0.3479473888874054	0.34712404012680054	0.3259234130382538	0.323015421628952	0.5967929363250732	0.645179271697998	0.40431657433509827	0.3552458882331848	0.34223586320877075	0.2999933063983917	0.4141032099723816	0.40228772163391113	0.36443614959716797	0.3225748538970947	0.3422410786151886	0.34427762031555176	0.4057730436325073	0.33470168709754944	0.3803838789463043	0.339946985244751	0.3647308051586151	0.3756623864173889	0.5997294783592224	0.661849856376648	0.35495755076408386	0.3733358383178711	0.34139928221702576	0.33094534277915955	0.34328368306159973
