HIP-head-m-rh	HIP-head-l-rh	HIP-body-rh	HIP-tail-rh	THA-VPm-rh	THA-VPl-rh	THA-VAi-rh	THA-VAs-rh	THA-DAm-rh	THA-DAl-rh	PUT-VA-rh	PUT-DA-rh	PUT-VP-rh	PUT-DP-rh	CAU-VA-rh	CAU-DA-rh	CAU-body-rh	CAU-tail-rh	lAMY-rh	mAMY-rh	THA-DP-rh	NAc-shell-rh	NAc-core-rh	pGP-rh	aGP-rh	HIP-head-m-lh	HIP-head-l-l	HIP-body-l	HIP-tail-lh	THA-VPm-lh	THA-VPl-lh	THA-VAi-lh	THA-VAs-lh	THA-DAm-lh	THA-DAl-lh	PUT-VA-lh	PUT-DA-l	PUT-VP-lh	PUT-DP-lh	CAU-VA-lh	CAU-DA-lh	CAU-body-lh	CAU-tail-lh	lAMY-lh	mAMY-lh	THA-DP-lh	NAc-shell-lh	NAc-core-lh	pGP-lh	aGP-lh
0.3427780866622925	0.31864142417907715	0.2849178910255432	0.2783588171005249	0.2765815854072571	0.2638978064060211	0.31236428022384644	0.27912184596061707	0.3017732501029968	0.2841198742389679	0.3009983003139496	0.3054158687591553	0.3140595257282257	0.28011614084243774	0.292828232049942	0.2803497016429901	0.2857002019882202	0.3024345636367798	0.35775578022003174	0.3512592613697052	0.2872897982597351	0.30706125497817993	0.2840612530708313	0.3112882375717163	0.2975972294807434	0.3480818569660187	0.30241644382476807	0.2800062298774719	0.25915074348449707	0.29119303822517395	0.26045870780944824	0.3048706352710724	0.2995036840438843	0.30312398076057434	0.2753715217113495	0.29781678318977356	0.29756513237953186	0.29175883531570435	0.2786480486392975	0.29535824060440063	0.2899639308452606	0.3043312132358551	0.28881290555000305	0.32871904969215393	0.36221641302108765	0.2746458649635315	0.3011152744293213	0.2882649004459381	0.274365097284317	0.2804264426231384
