HIP-head-m-rh	HIP-head-l-rh	HIP-body-rh	HIP-tail-rh	THA-VPm-rh	THA-VPl-rh	THA-VAi-rh	THA-VAs-rh	THA-DAm-rh	THA-DAl-rh	PUT-VA-rh	PUT-DA-rh	PUT-VP-rh	PUT-DP-rh	CAU-VA-rh	CAU-DA-rh	CAU-body-rh	CAU-tail-rh	lAMY-rh	mAMY-rh	THA-DP-rh	NAc-shell-rh	NAc-core-rh	pGP-rh	aGP-rh	HIP-head-m-lh	HIP-head-l-l	HIP-body-l	HIP-tail-lh	THA-VPm-lh	THA-VPl-lh	THA-VAi-lh	THA-VAs-lh	THA-DAm-lh	THA-DAl-lh	PUT-VA-lh	PUT-DA-l	PUT-VP-lh	PUT-DP-lh	CAU-VA-lh	CAU-DA-lh	CAU-body-lh	CAU-tail-lh	lAMY-lh	mAMY-lh	THA-DP-lh	NAc-shell-lh	NAc-core-lh	pGP-lh	aGP-lh
0.3629009425640106	0.3406360149383545	0.2731596827507019	0.26579776406288147	0.28628483414649963	0.2573738098144531	0.30460691452026367	0.25538814067840576	0.2937893867492676	0.28523629903793335	0.2868167459964752	0.27569061517715454	0.27830246090888977	0.29042017459869385	0.31390342116355896	0.27620604634284973	0.27066534757614136	0.2701834440231323	0.4264650046825409	0.46767279505729675	0.27359357476234436	0.2987651526927948	0.2698986828327179	0.27414464950561523	0.26920264959335327	0.4139832854270935	0.29955753684043884	0.30391111969947815	0.2922908663749695	0.29211679100990295	0.254663348197937	0.33505985140800476	0.277660608291626	0.3056197762489319	0.26711779832839966	0.29678890109062195	0.27737778425216675	0.2720049023628235	0.27989062666893005	0.31391802430152893	0.2708969712257385	0.2719106376171112	0.2862827181816101	0.4230676591396332	0.5153540372848511	0.2639945149421692	0.33431461453437805	0.29488182067871094	0.2662018835544586	0.29317837953567505
