HIP-head-m-rh	HIP-head-l-rh	HIP-body-rh	HIP-tail-rh	THA-VPm-rh	THA-VPl-rh	THA-VAi-rh	THA-VAs-rh	THA-DAm-rh	THA-DAl-rh	PUT-VA-rh	PUT-DA-rh	PUT-VP-rh	PUT-DP-rh	CAU-VA-rh	CAU-DA-rh	CAU-body-rh	CAU-tail-rh	lAMY-rh	mAMY-rh	THA-DP-rh	NAc-shell-rh	NAc-core-rh	pGP-rh	aGP-rh	HIP-head-m-lh	HIP-head-l-l	HIP-body-l	HIP-tail-lh	THA-VPm-lh	THA-VPl-lh	THA-VAi-lh	THA-VAs-lh	THA-DAm-lh	THA-DAl-lh	PUT-VA-lh	PUT-DA-l	PUT-VP-lh	PUT-DP-lh	CAU-VA-lh	CAU-DA-lh	CAU-body-lh	CAU-tail-lh	lAMY-lh	mAMY-lh	THA-DP-lh	NAc-shell-lh	NAc-core-lh	pGP-lh	aGP-lh
0.5222541093826294	0.43184199929237366	0.34148910641670227	0.33206886053085327	0.3091399669647217	0.2969738841056824	0.3315177261829376	0.34797540307044983	0.3408178389072418	0.3185097575187683	0.4155845642089844	0.34433451294898987	0.3360827565193176	0.3281906545162201	0.38664257526397705	0.3882361054420471	0.35584187507629395	0.3499540090560913	0.5113552808761597	0.5710019469261169	0.38680529594421387	0.4249234199523926	0.3501075804233551	0.3185046911239624	0.33150172233581543	0.5277312397956848	0.418625146150589	0.3680608868598938	0.3155096471309662	0.3222607970237732	0.29660674929618835	0.3634839653968811	0.37253129482269287	0.3503932058811188	0.3239670991897583	0.37808170914649963	0.3242271840572357	0.30660802125930786	0.3250151574611664	0.3913736343383789	0.3731188476085663	0.3485272526741028	0.3497929573059082	0.49778300523757935	0.5931132435798645	0.33170050382614136	0.4217276871204376	0.34017491340637207	0.2715948522090912	0.3088693618774414
