HIP-head-m-rh	HIP-head-l-rh	HIP-body-rh	HIP-tail-rh	THA-VPm-rh	THA-VPl-rh	THA-VAi-rh	THA-VAs-rh	THA-DAm-rh	THA-DAl-rh	PUT-VA-rh	PUT-DA-rh	PUT-VP-rh	PUT-DP-rh	CAU-VA-rh	CAU-DA-rh	CAU-body-rh	CAU-tail-rh	lAMY-rh	mAMY-rh	THA-DP-rh	NAc-shell-rh	NAc-core-rh	pGP-rh	aGP-rh	HIP-head-m-lh	HIP-head-l-l	HIP-body-l	HIP-tail-lh	THA-VPm-lh	THA-VPl-lh	THA-VAi-lh	THA-VAs-lh	THA-DAm-lh	THA-DAl-lh	PUT-VA-lh	PUT-DA-l	PUT-VP-lh	PUT-DP-lh	CAU-VA-lh	CAU-DA-lh	CAU-body-lh	CAU-tail-lh	lAMY-lh	mAMY-lh	THA-DP-lh	NAc-shell-lh	NAc-core-lh	pGP-lh	aGP-lh
0.1422416716814041	0.14767397940158844	0.1366395503282547	0.14118081331253052	0.10725411772727966	0.10086333751678467	0.11717553436756134	0.12104315310716629	0.11013666540384293	0.10052945464849472	0.15387730300426483	0.1599835753440857	0.14690972864627838	0.16858084499835968	0.14454196393489838	0.1275579035282135	0.11392783373594284	0.10648906230926514	0.1447824388742447	0.1377469152212143	0.11282165348529816	0.10132336616516113	0.18362659215927124	0.10274733603000641	0.10427641123533249	0.16038961708545685	0.13295374810695648	0.1390155553817749	0.14343442022800446	0.11527430266141891	0.11981533467769623	0.12179787456989288	0.10057946294546127	0.1133745014667511	0.09695564955472946	0.11577904969453812	0.1304634064435959	0.1137828379869461	0.13889732956886292	0.1251617670059204	0.12764230370521545	0.12762413918972015	0.11539103090763092	0.1672845482826233	0.13933846354484558	0.11484754085540771	0.10461786389350891	0.11104416847229004	0.1164218857884407	0.11596429347991943
