HIP-head-m-rh	HIP-head-l-rh	HIP-body-rh	HIP-tail-rh	THA-VPm-rh	THA-VPl-rh	THA-VAi-rh	THA-VAs-rh	THA-DAm-rh	THA-DAl-rh	PUT-VA-rh	PUT-DA-rh	PUT-VP-rh	PUT-DP-rh	CAU-VA-rh	CAU-DA-rh	CAU-body-rh	CAU-tail-rh	lAMY-rh	mAMY-rh	THA-DP-rh	NAc-shell-rh	NAc-core-rh	pGP-rh	aGP-rh	HIP-head-m-lh	HIP-head-l-l	HIP-body-l	HIP-tail-lh	THA-VPm-lh	THA-VPl-lh	THA-VAi-lh	THA-VAs-lh	THA-DAm-lh	THA-DAl-lh	PUT-VA-lh	PUT-DA-l	PUT-VP-lh	PUT-DP-lh	CAU-VA-lh	CAU-DA-lh	CAU-body-lh	CAU-tail-lh	lAMY-lh	mAMY-lh	THA-DP-lh	NAc-shell-lh	NAc-core-lh	pGP-lh	aGP-lh
0.2679593861103058	0.2892404794692993	0.25104820728302	0.2535020112991333	0.25433844327926636	0.24369455873966217	0.2683061361312866	0.2695785164833069	0.2654885947704315	0.2557123899459839	0.2861053943634033	0.2667040228843689	0.2830566465854645	0.2618457078933716	0.27288100123405457	0.2643149197101593	0.2882804870605469	0.2713872194290161	0.29233214259147644	0.30615803599357605	0.24577859044075012	0.27130624651908875	0.27164289355278015	0.26235392689704895	0.25786563754081726	0.27108949422836304	0.25530824065208435	0.2571113705635071	0.2539830505847931	0.2564696967601776	0.2531089782714844	0.26312321424484253	0.267366886138916	0.263714998960495	0.268507719039917	0.30374470353126526	0.274506151676178	0.2661963701248169	0.2679677903652191	0.2818855047225952	0.2767847776412964	0.2796657383441925	0.3011465072631836	0.2904161810874939	0.2976166009902954	0.2543344497680664	0.29160746932029724	0.2754901945590973	0.25959163904190063	0.2727679908275604
